-- phpMyAdmin SQL Dump
-- version 4.5.1
-- http://www.phpmyadmin.net
--
-- Host: 127.0.0.1
-- Generation Time: 15 Jan 2020 pada 08.52
-- Versi Server: 10.1.19-MariaDB
-- PHP Version: 5.5.38

SET SQL_MODE = "NO_AUTO_VALUE_ON_ZERO";
SET time_zone = "+00:00";


/*!40101 SET @OLD_CHARACTER_SET_CLIENT=@@CHARACTER_SET_CLIENT */;
/*!40101 SET @OLD_CHARACTER_SET_RESULTS=@@CHARACTER_SET_RESULTS */;
/*!40101 SET @OLD_COLLATION_CONNECTION=@@COLLATION_CONNECTION */;
/*!40101 SET NAMES utf8mb4 */;

--
-- Database: `pantau`
--

-- --------------------------------------------------------

--
-- Struktur dari tabel `aset_ekstra`
--

CREATE TABLE `aset_ekstra` (
  `NO` int(11) NOT NULL,
  `NOMOR_JURNAL` varchar(30) NOT NULL,
  `LOKASI` varchar(200) NOT NULL,
  `NO_REGISTER` varchar(30) NOT NULL,
  `KODE_SUB_SUB_KELOMPOK` varchar(20) NOT NULL,
  `KODE_SUB_KEL_AT` varchar(20) NOT NULL,
  `NAMA_BARANG` varchar(100) NOT NULL,
  `MERK_ALAMAT` varchar(100) DEFAULT NULL,
  `SALDO_BARANG` int(11) NOT NULL,
  `HARGA_TOTAL_PLUS_PAJAK_SALDO` decimal(15,2) NOT NULL,
  `TAHUN_PENGADAAN` int(4) NOT NULL,
  `KODE_KEPEMILIKAN` int(2) NOT NULL,
  `BIDANG_BARANG` varchar(1) NOT NULL
) ENGINE=InnoDB DEFAULT CHARSET=utf8;

--
-- Dumping data untuk tabel `aset_ekstra`
--

INSERT INTO `aset_ekstra` (`NO`, `NOMOR_JURNAL`, `LOKASI`, `NO_REGISTER`, `KODE_SUB_SUB_KELOMPOK`, `KODE_SUB_KEL_AT`, `NAMA_BARANG`, `MERK_ALAMAT`, `SALDO_BARANG`, `HARGA_TOTAL_PLUS_PAJAK_SALDO`, `TAHUN_PENGADAAN`, `KODE_KEPEMILIKAN`, `BIDANG_BARANG`) VALUES
(1, '13.02.07.01.02.01000182016', 'UPT. Puskesmas Sooko', 'FCEE45.1701251130086', '0206020403', '1.3.2.10.99', 'AC UNIT', 'SHARP 1/2 PK', 2, '7000000.00', 2016, 12, 'B'),
(2, '13.02.07.01.02.01000192016', 'UPT. Puskesmas Sooko', 'FCEE45.17012511335576', '0206010107', '1.3.2.09.01', 'MESIN KETIK ELEKTRONIK', 'BROTHER', 1, '2600000.00', 2016, 12, 'B'),
(3, '13.02.07.01.02.01000202016', 'UPT. Puskesmas Sooko', 'FCEE45.17012511365434', '0206010501', '1.3.2.09.99', 'PAPAN VISUAL/PAPAN NAMA RUANGAN', '-', 35, '3850000.00', 2016, 12, 'B'),
(4, '13.02.07.01.02.01000212016', 'UPT. Puskesmas Sooko', 'FCEE45.17012511403246', '0206030202', '1.3.2.11.03', 'LAP.TOP', 'ASUS', 1, '7000000.00', 2016, 12, 'B'),
(5, '13.02.07.01.02.01000222016', 'UPT. Puskesmas Sooko', 'FCEE45.17012513452312', '0208010974', '1.3.2.18.07', 'PARTUS SET', '-', 16, '14800000.00', 2016, 12, 'B'),
(6, '13.02.07.01.02.01000222016', 'UPT. Puskesmas Sooko', 'FCEE45.1701251347559', '0208010511', '1.3.2.18.03', 'SUCTION PUMP', '-', 1, '3500000.00', 2016, 12, 'B'),
(7, '13.02.07.01.02.01000222016', 'UPT. Puskesmas Sooko', 'FCEE45.1701251349476', '0209010203', '1.3.2.19.01', 'BLENDER', '-', 2, '2800000.00', 2016, 12, 'B'),
(8, '13.02.07.01.02.01000222016', 'UPT. Puskesmas Sooko', 'FCEE45.17012513520556', '0208011013', '1.3.2.18.14', 'TENSIMETER MERCURI', 'SPHYGMED', 5, '4000000.00', 2016, 12, 'B'),
(9, '13.02.07.01.02.01000222016', 'UPT. Puskesmas Sooko', 'FCEE45.17012513540137', '0208010104', '1.3.2.18.01', 'STETOSCOPE', 'ABN CLASIK', 5, '2500000.00', 2016, 12, 'B'),
(10, '13.02.07.01.02.01000222016', 'UPT. Puskesmas Sooko', 'FCEE45.1701251356025', '0208010209', '1.3.2.18.02', 'AERO STERILISATOR', 'SERENITY', 1, '2500000.00', 2016, 12, 'B'),
(11, '13.02.07.01.02.01000232016', 'UPT. Puskesmas Sooko', 'FCEE45.17012514222722', '0206040706', '1.3.2.10.02', 'LEMARI ARSIP UNTUK ARSIP DINAMIS', 'BROTHER', 5, '17462500.00', 2016, 12, 'B'),
(12, '13.02.07.01.02.01000232016', 'UPT. Puskesmas Sooko', 'FCEE45.17012514240911', '0206010402', '1.3.2.10.99', 'RAK BESI/METAL', 'BROTHER', 1, '6930000.00', 2016, 12, 'B'),
(13, '13.02.07.01.02.01000232016', 'UPT. Puskesmas Sooko', 'FCEE45.1701251425263', '0206040706', '1.3.2.10.02', 'LEMARI ARSIP UNTUK ARSIP DINAMIS', 'BROTHER', 2, '13860000.00', 2016, 12, 'B'),
(14, '13.02.07.01.02.01000232016', 'UPT. Puskesmas Sooko', 'FCEE45.17012514263733', '0206010404', '1.3.2.10.04', 'FILLING KABINET', 'BROTHER', 15, '29287500.00', 2016, 12, 'B'),
(15, '13.02.07.01.02.01000242016', 'UPT. Puskesmas Sooko', 'FCEE45.17012514350581', '0206040109', '1.3.2.12.01', 'MEJA KERJA', 'VIP', 5, '12237500.00', 2016, 12, 'B'),
(16, '13.02.07.01.02.01000242016', 'UPT. Puskesmas Sooko', 'FCEE45.17012514361232', '0206020133', '1.3.2.12.99', 'BANGKU TUNGGU', 'STAINLESS', 2, '11495000.00', 2016, 12, 'B'),
(17, '13.02.07.01.03.01000042016', 'UPT. Puskesmas Trowulan', 'C3EC35.17012419162810', '0206020406', '1.3.2.10.99', 'KIPAS ANGIN', 'MASPION', 10, '4333500.00', 2016, 12, 'B'),
(18, '13.02.07.01.03.01000062016', 'UPT. Puskesmas Trowulan', 'C3EC35.17012419550422', '0204010503', '1.3.2.07.99', 'KRANJANG OBAT', '-', 10, '1000000.00', 2016, 12, 'B'),
(19, '13.02.07.01.03.01000072016', 'UPT. Puskesmas Trowulan', 'C3EC35.17012420004018', '0206030202', '1.3.2.11.03', 'LAP.TOP', 'LENOVO', 2, '8000000.00', 2016, 12, 'B'),
(20, '13.02.07.01.03.01000092016', 'UPT. Puskesmas Trowulan', 'C3EC35.17012420200584', '0206020639', '1.3.2.13.04', 'DISPENSER', '-', 1, '675000.00', 2016, 12, 'B'),
(21, '13.02.07.01.03.01000142016', 'UPT. Puskesmas Trowulan', 'C3EC35.17012421325518', '0206030408', '1.3.2.11.09', 'PRINTER', 'CANON', 1, '1400000.00', 2016, 12, 'B'),
(22, '13.02.07.01.04.01000092016', 'UPT. Puskesmas Tawangsari', 'E13535.17012509215557', '0206030203', '1.3.2.11.03', 'NOTE BOOK', '-', 1, '6000000.00', 2016, 12, 'B'),
(23, '13.02.07.01.04.01000192016', 'UPT. Puskesmas Tawangsari', 'E13535.17012422121475', '0206020105', '1.3.2.12.99', 'KURSI BESI/METAL', '-', 20, '5830000.00', 2016, 12, 'B'),
(24, '13.02.07.01.04.01000202016', 'UPT. Puskesmas Tawangsari', 'E13535.17012422523814', '0206020161', '1.3.2.12.99', 'KURSI TUNGGU', '-', 4, '7810000.00', 2016, 12, 'B'),
(25, '13.02.07.01.04.01000222016', 'UPT. Puskesmas Tawangsari', 'E13535.17020308595662', '0206020403', '1.3.2.10.99', 'AC UNIT', 'PANASONIC', 1, '5000000.00', 2016, 12, 'B'),
(26, '13.02.07.01.05.01000052016', 'UPT. Puskesmas Puri', 'E52236.17012411281893', '0206010506', '1.3.2.09.99', 'PAPAN NAMA INSTANSI', '-', 1, '9975000.00', 2016, 12, 'B'),
(27, '13.02.07.01.05.01000062016', 'UPT. Puskesmas Puri', 'E52236.1701241115035', '0206020110', '1.3.2.12.02', 'MEJA RAPAT', 'VIP', 1, '11825000.00', 2016, 12, 'B'),
(28, '13.02.07.01.05.01000062016', 'UPT. Puskesmas Puri', 'E52236.1701241117213', '0206020111', '1.3.2.12.01', 'MEJA TULIS', 'EXPO', 4, '5830000.00', 2016, 12, 'B'),
(29, '13.02.07.01.05.01000062016', 'UPT. Puskesmas Puri', 'E52236.17012411200676', '0206020133', '1.3.2.12.99', 'BANGKU TUNGGU', '-', 7, '16940000.00', 2016, 12, 'B'),
(30, '13.02.07.01.05.01000062016', 'UPT. Puskesmas Puri', 'E52236.17012411223793', '0206040308', '1.3.2.12.04', 'KURSI KERJA PEGAWAI NON STRUKTURAL', 'POLARIS', 4, '5830000.00', 2016, 12, 'B'),
(31, '13.02.07.01.05.01000072016', 'UPT. Puskesmas Puri', 'E52236.17012411313418', '0206020404', '1.3.2.10.99', 'A.C. SPLIT', 'SHARP', 3, '17850000.00', 2016, 12, 'B'),
(32, '13.02.07.01.05.01000072016', 'UPT. Puskesmas Puri', 'E52236.17012411333661', '0206020406', '1.3.2.10.99', 'KIPAS ANGIN', 'MASPION', 10, '4500000.00', 2016, 12, 'B'),
(33, '13.02.07.01.05.01000082016', 'UPT. Puskesmas Puri', 'E52236.17012411490470', '0206030201', '1.3.2.11.02', 'PC.UNIT', 'ASUS', 2, '11800000.00', 2016, 12, 'B'),
(34, '13.02.07.01.05.01000082016', 'UPT. Puskesmas Puri', 'E52236.17012411504933', '0206030203', '1.3.2.11.03', 'NOTE BOOK', 'HP', 2, '16000000.00', 2016, 12, 'B'),
(35, '13.02.07.01.05.01000092016', 'UPT. Puskesmas Puri', 'E52236.17012411583741', '0206030503', '1.3.2.11.04', 'PRINTER', 'HP', 2, '25590000.00', 2016, 12, 'B'),
(36, '13.02.07.01.05.01000102016', 'UPT. Puskesmas Puri', 'E52236.17012412185819', '0206020161', '1.3.2.12.99', 'GORDYN', '-', 1, '8040000.00', 2016, 12, 'B'),
(37, '13.02.07.01.06.01000052016', 'UPT. Puskesmas Gayaman', '00F645.17011811112294', '0206030202', '1.3.2.11.03', 'LAP.TOP', 'ASUS', 1, '6500000.00', 2016, 12, 'B'),
(38, '13.02.07.01.06.01000062016', 'UPT. Puskesmas Gayaman', '00F645.17011811261127', '0206020127', '1.3.2.12.05', 'KURSI RAPAT', '-', 40, '13860000.00', 2016, 12, 'B'),
(39, '13.02.07.01.06.01000062016', 'UPT. Puskesmas Gayaman', '00F645.17011811281491', '0206040706', '1.3.2.10.02', 'LEMARI ARSIP UNTUK ARSIP DINAMIS', 'BROTHER', 4, '10890000.00', 2016, 12, 'B'),
(40, '13.02.07.01.07.01000042016', 'UPT. Puskesmas Bangsal', '190B45.17020109331931', '0206020403', '1.3.2.10.99', 'AC UNIT', 'AUX 05 PK', 4, '14000000.00', 2016, 12, 'B'),
(41, '13.02.07.01.07.01000042016', 'UPT. Puskesmas Bangsal', '190B45.1702010933449', '0206020403', '1.3.2.10.99', 'AC UNIT', 'AUX 1 PK', 1, '4500000.00', 2016, 12, 'B'),
(42, '13.02.07.01.07.01000052016', 'UPT. Puskesmas Bangsal', '190B45.17020110471094', '0206020701', '1.3.2.09.11', 'TABUNG PEMADAM KEBAKARAN', '-', 1, '6000000.00', 2016, 12, 'B'),
(43, '13.02.07.01.07.01000072016', 'UPT. Puskesmas Bangsal', '190B45.17020109225280', '0206030202', '1.3.2.11.03', 'LAPTOP (FKTP 2016)', 'HP', 2, '13800000.00', 2016, 12, 'B'),
(44, '13.02.07.01.07.01000072016', 'UPT. Puskesmas Bangsal', '190B45.17020109234142', '0206030503', '1.3.2.11.04', 'PRINTER', 'EPSON', 2, '4800000.00', 2016, 12, 'B'),
(45, '13.02.07.01.07.01000092016', 'UPT. Puskesmas Bangsal', '190B45.17020110303818', '0209011608', '1.3.2.19.03', 'FOTOMETER', '-', 1, '55969000.00', 2016, 12, 'B'),
(46, '13.02.07.01.08.01000022016', 'UPT. Puskesmas Gedeg', 'FD2D46.17012410412565', '0206020403', '1.3.2.10.99', 'AC UNIT', 'SHARP', 5, '29750000.00', 2016, 12, 'B'),
(47, '13.02.07.01.08.01000022016', 'UPT. Puskesmas Gedeg', 'FD2D46.17012410445726', '0206020406', '1.3.2.10.99', 'KIPAS ANGIN', 'MASPION', 4, '1800000.00', 2016, 12, 'B'),
(48, '13.02.07.01.08.01000032016', 'UPT. Puskesmas Gedeg', 'FD2D46.17012411001697', '0206030201', '1.3.2.11.02', 'PC.UNIT', 'ACER', 4, '31600000.00', 2016, 12, 'B'),
(49, '13.02.07.01.08.01000032016', 'UPT. Puskesmas Gedeg', 'FD2D46.1701241103092', '0206030202', '1.3.2.11.03', 'LAP.TOP', 'HP', 5, '34500000.00', 2016, 12, 'B'),
(50, '13.02.07.01.08.01000032016', 'UPT. Puskesmas Gedeg', 'FD2D46.17012411052795', '0206030503', '1.3.2.11.04', 'PRINTER', 'EPSON', 5, '12000000.00', 2016, 12, 'B'),
(51, '13.02.07.01.08.01000072016', 'UPT. Puskesmas Gedeg', 'FD2D46.17012414095668', '0206010540', '1.3.2.09.99', 'NEON BOX', '-', 1, '4250000.00', 2016, 12, 'B'),
(52, '13.02.07.01.08.01000082016', 'UPT. Puskesmas Gedeg', 'FD2D46.17012414193877', '0206020161', '1.3.2.12.99', 'TENDA PENUNJANG PELAYANAN', '-', 1, '2640000.00', 2016, 12, 'B'),
(53, '13.02.07.01.08.01000082016', 'UPT. Puskesmas Gedeg', 'FD2D46.17012414234478', '0206040308', '1.3.2.12.04', 'KURSI KERJA PEGAWAI NON STRUKTURAL', 'NEW POLARIS', 5, '23925000.00', 2016, 12, 'B'),
(54, '13.02.07.01.08.01000082016', 'UPT. Puskesmas Gedeg', 'FD2D46.17012414251477', '0206020133', '1.3.2.12.99', 'BANGKU TUNGGU', '-', 10, '19525000.00', 2016, 12, 'B'),
(55, '13.02.07.01.08.01000082016', 'UPT. Puskesmas Gedeg', 'FD2D46.17012414265042', '0206040108', '1.3.2.12.01', 'MEJA KERJA PEGAWAI NON STRUKTURAL', 'EXPO', 11, '21477500.00', 2016, 12, 'B'),
(56, '13.02.07.01.09.01000022016', 'UPT. Puskesmas Lespadangan', 'E7D945.17012510022273', '0209010207', '1.3.2.19.01', 'MIKROPIPET', 'ACCUMEX PRO', 2, '3400000.00', 2016, 12, 'B'),
(57, '13.02.07.01.09.01000082016', 'UPT. Puskesmas Lespadangan', 'E7D945.17012511560857', '0206010501', '1.3.2.09.99', 'PAPAN VISUAL/PAPAN NAMA', '-', 1, '750000.00', 2016, 12, 'B'),
(58, '13.02.07.01.09.01000102016', 'UPT. Puskesmas Lespadangan', 'E7D945.17012512033026', '0206030101', '1.3.2.11.01', 'MAINFRAME', '-', 1, '750000.00', 2016, 12, 'B'),
(59, '13.02.07.01.09.01000112016', 'UPT. Puskesmas Lespadangan', 'E7D945.17012512063493', '0208010101', '1.3.2.18.01', 'STERELISATOR', '-', 1, '3000000.00', 2016, 12, 'B'),
(60, '13.02.07.01.09.01000112016', 'UPT. Puskesmas Lespadangan', 'E7D945.17012512080313', '0209012021', '1.3.2.19.99', 'GCU CEK DARAH', 'NESCO', 2, '1300000.00', 2016, 12, 'B'),
(61, '13.02.07.01.09.01000112016', 'UPT. Puskesmas Lespadangan', 'E7D945.17012512095051', '0208010110', '1.3.2.18.01', 'TIMBANGAN BAYI', '-', 2, '1020000.00', 2016, 12, 'B'),
(62, '13.02.07.01.09.01000112016', 'UPT. Puskesmas Lespadangan', 'E7D945.17012512113568', '0208011073', '1.3.2.18.14', 'HEAD LAMP', '-', 1, '500000.00', 2016, 12, 'B'),
(63, '13.02.07.01.09.01000112016', 'UPT. Puskesmas Lespadangan', 'E7D945.17012512132653', '0206020650', '1.3.2.10.99', 'LAMPU GINEKOLOGI', '-', 1, '1500000.00', 2016, 12, 'B'),
(64, '13.02.07.01.09.01000112016', 'UPT. Puskesmas Lespadangan', 'E7D945.17012512141366', '0208010346', '1.3.2.18.99', 'OXYGEN REGULATOR', '-', 1, '450000.00', 2016, 12, 'B'),
(65, '13.02.07.01.09.01000112016', 'UPT. Puskesmas Lespadangan', 'E7D945.17012512163587', '0208010105', '1.3.2.18.01', 'TENSIMETER MOBILE', '-', 1, '1600000.00', 2016, 12, 'B'),
(66, '13.02.07.01.09.01000122016', 'UPT. Puskesmas Lespadangan', 'E7D945.17012512182264', '0206020406', '1.3.2.10.99', 'KIPAS ANGIN', '-', 10, '4500000.00', 2016, 12, 'B'),
(67, '13.02.07.01.09.01000132016', 'UPT. Puskesmas Lespadangan', 'E7D945.17012512222994', '0208010974', '1.3.2.18.07', 'DOPPLER', '-', 1, '1500000.00', 2016, 12, 'B'),
(68, '13.02.07.01.09.01000132016', 'UPT. Puskesmas Lespadangan', 'E7D945.17012512233730', '0208011060', '1.3.2.18.14', 'AMBUBAG', '-', 1, '550000.00', 2016, 12, 'B'),
(69, '13.02.07.01.09.01000142016', 'UPT. Puskesmas Lespadangan', 'E7D945.17012512254844', '0206030202', '1.3.2.11.03', 'LAP.TOP', 'LENOVO', 2, '9600000.00', 2016, 12, 'B'),
(70, '13.02.07.01.09.01000152016', 'UPT. Puskesmas Lespadangan', 'E7D945.17012514585018', '0206020605', '1.3.2.09.99', 'AMPLIFIER+ SOUND', 'AIWA', 1, '1450000.00', 2016, 12, 'B'),
(71, '13.02.07.01.10.01000042016', 'UPT. Puskesmas Kemlagi', '0DD746.17012410325130', '0206020110', '1.3.2.12.02', 'MEJA RAPAT', 'EXPO', 3, '5857500.00', 2016, 12, 'B'),
(72, '13.02.07.01.10.01000042016', 'UPT. Puskesmas Kemlagi', '0DD746.17012410394852', '0206020111', '1.3.2.12.01', 'MEJA TULIS', 'EXPO', 3, '4950000.00', 2016, 12, 'B'),
(73, '13.02.07.01.10.01000042016', 'UPT. Puskesmas Kemlagi', '0DD746.17012410433235', '0206020127', '1.3.2.12.05', 'KURSI RAPAT', '-', 50, '11000000.00', 2016, 12, 'B'),
(74, '13.02.07.01.10.01000042016', 'UPT. Puskesmas Kemlagi', '0DD746.17012410504319', '0206040211', '1.3.2.12.02', 'MEJA TAMU', 'SIRO', 1, '4400000.00', 2016, 12, 'B'),
(75, '13.02.07.01.10.01000042016', 'UPT. Puskesmas Kemlagi', '0DD746.17012410535864', '0206040706', '1.3.2.10.02', 'LEMARI ARSIP', 'BROTHER', 2, '3905000.00', 2016, 12, 'B'),
(76, '13.02.07.01.10.01000042016', 'UPT. Puskesmas Kemlagi', '0DD746.17012410591385', '0206010414', '1.3.2.10.99', 'KOTAK SARAN', '-', 3, '726000.00', 2016, 12, 'B'),
(77, '13.02.07.01.10.01000052016', 'UPT. Puskesmas Kemlagi', '0DD746.17012411222855', '0206020401', '1.3.2.13.05', 'LEMARI ES', 'SHARP SJ-195 MD', 2, '6800000.00', 2016, 12, 'B'),
(78, '13.02.07.01.10.01000052016', 'UPT. Puskesmas Kemlagi', '0DD746.17012411250889', '0206020406', '1.3.2.10.99', 'KIPAS ANGIN', 'MASPION', 5, '1500000.00', 2016, 12, 'B'),
(79, '13.02.07.01.10.01000052016', 'UPT. Puskesmas Kemlagi', '0DD746.17012411282125', '0206020403', '1.3.2.10.99', 'AC', 'SAMSUNG', 4, '15800000.00', 2016, 12, 'B'),
(80, '13.02.07.01.10.01000062016', 'UPT. Puskesmas Kemlagi', '0DD746.17012412342943', '0206030201', '1.3.2.11.02', 'PC.UNIT', 'ASPIRE', 2, '16000000.00', 2016, 12, 'B'),
(81, '13.02.07.01.10.01000062016', 'UPT. Puskesmas Kemlagi', '0DD746.17012412365055', '0206030202', '1.3.2.11.03', 'LAPTOP', 'HP', 5, '40000000.00', 2016, 12, 'B'),
(82, '13.02.07.01.10.01000072016', 'UPT. Puskesmas Kemlagi', '0DD746.17012412433411', '0206030503', '1.3.2.11.04', 'PRINTER', 'HP COLOR LASER JET PRO', 1, '7900000.00', 2016, 12, 'B'),
(83, '13.02.07.01.10.01000082016', 'UPT. Puskesmas Kemlagi', '0DD746.1701241257586', '0206040109', '1.3.2.12.01', 'MEJA TROLI', 'SS', 4, '4000000.00', 2016, 12, 'B'),
(84, '13.02.07.01.10.01000082016', 'UPT. Puskesmas Kemlagi', '0DD746.17012412591057', '0208010105', '1.3.2.18.01', 'TENSIMETER', 'ABN', 2, '3000000.00', 2016, 12, 'B'),
(85, '13.02.07.01.10.01000162016', 'UPT. Puskesmas Kemlagi', '0DD746.17012515165843', '0206010506', '1.3.2.09.99', 'PAPAN NAMA INSTANSI (NEON BOX)', '-', 1, '9500000.00', 2016, 12, 'B'),
(86, '13.02.07.01.11.01000142016', 'UPT. Puskesmas Kedungsari', 'FC1A46.17012201191889', '0208010109', '1.3.2.18.01', 'TIMBANGAN BADAN', 'CAMRY', 13, '1950000.00', 2016, 12, 'B'),
(87, '13.02.07.01.11.01000142016', 'UPT. Puskesmas Kedungsari', 'FC1A46.1701242305521', '0208010168', '1.3.2.18.01', 'PENGUKUR TINGGI BADAN', '-', 13, '650000.00', 2016, 12, 'B'),
(88, '13.02.07.01.11.01000142016', 'UPT. Puskesmas Kedungsari', 'FC1A46.17012423093471', '0208011214', '1.3.2.18.06', 'TERMOMETER', 'NESCO', 13, '780000.00', 2016, 12, 'B'),
(89, '13.02.07.01.11.01000152016', 'UPT. Puskesmas Kedungsari', 'FC1A46.17012400332938', '0204010131', '1.3.2.07.99', 'GENSET', 'ICHIKAWA', 1, '7000000.00', 2016, 12, 'B'),
(90, '13.02.07.01.11.01000162016', 'UPT. Puskesmas Kedungsari', 'FC1A46.17012321511815', '0206030201', '1.3.2.11.02', 'PC.UNIT', 'POWER UP', 2, '9800000.00', 2016, 12, 'B'),
(91, '13.02.07.01.11.01000172016', 'UPT. Puskesmas Kedungsari', 'FC1A46.17012321560056', '0206030408', '1.3.2.11.09', 'PRINTER', 'CANON', 3, '6000000.00', 2016, 12, 'B'),
(92, '13.02.07.01.11.01000182016', 'UPT. Puskesmas Kedungsari', 'FC1A46.17012322194554', '0209011812', '1.3.2.19.99', 'GLUCOSA ANALYZER', 'NESCO', 2, '1800000.00', 2016, 12, 'B'),
(93, '13.02.07.01.11.01000192016', 'UPT. Puskesmas Kedungsari', 'FC1A46.17012322312027', '0208010974', '1.3.2.18.07', 'POCKET DOPPLER', '-', 2, '2400000.00', 2016, 12, 'B'),
(94, '13.02.07.01.11.01000202016', 'UPT. Puskesmas Kedungsari', 'FC1A46.17012323154977', '0209014604', '1.3.2.19.04', 'ALAT PEMADAM KEBAKARAN', 'WORNER', 1, '1000000.00', 2016, 12, 'B'),
(95, '13.02.07.01.11.01000212016', 'UPT. Puskesmas Kedungsari', 'FC1A46.17012323201280', '0208010255', '1.3.2.18.02', 'SCALLER', 'WOODPECKER', 1, '4750000.00', 2016, 12, 'B'),
(96, '13.02.07.01.11.01000212016', 'UPT. Puskesmas Kedungsari', 'FC1A46.17012423152612', '0208010205', '1.3.2.18.02', 'INSTRUMENT SET', '-', 1, '250000.00', 2016, 12, 'B'),
(97, '13.02.07.01.11.01000222016', 'UPT. Puskesmas Kedungsari', 'FC1A46.1701232330318', '0208010961', '1.3.2.18.07', 'OPERATING LAMP', 'DYNA', 2, '3400000.00', 2016, 12, 'B'),
(98, '13.02.07.01.11.01000232016', 'UPT. Puskesmas Kedungsari', 'FC1A46.17012323344896', '0208010968', '1.3.2.18.07', 'BABY INCUBATOR', 'GESUNDE', 2, '4000000.00', 2016, 12, 'B'),
(99, '13.02.07.01.11.01000242016', 'UPT. Puskesmas Kedungsari', 'FC1A46.17012323430064', '0208011081', '1.3.2.18.14', 'MEJA ISNTRUMENT', 'GESUNDE', 1, '8000000.00', 2016, 12, 'B'),
(100, '13.02.07.01.11.01000252016', 'UPT. Puskesmas Kedungsari', 'FC1A46.17012323473129', '0206010540', '1.3.2.09.99', 'NEON BOX', '-', 1, '1200000.00', 2016, 12, 'B'),
(101, '13.02.07.01.11.01000262016', 'UPT. Puskesmas Kedungsari', 'FC1A46.17012323511628', '0206020403', '1.3.2.10.99', 'AC', 'LG', 2, '8000000.00', 2016, 12, 'B'),
(102, '13.02.07.01.11.01000272016', 'UPT. Puskesmas Kedungsari', 'FC1A46.17012323555339', '0209016210', '1.3.2.19.99', 'HB DIGITAL', 'QUICKCHEK', 2, '2000000.00', 2016, 12, 'B'),
(103, '13.02.07.01.12.01000092016', 'UPT. Puskesmas Dawarblandong', '0EA545.17012312180349', '0206010412', '1.3.2.10.99', 'LEMARI KACA / ARSIP', '-', 3, '6627276.00', 2016, 12, 'B'),
(104, '13.02.07.01.12.01000102016', 'UPT. Puskesmas Dawarblandong', '0EA545.17013010022463', '0206020104', '1.3.2.12.01', 'MEJA KERJA', 'VIP', 2, '4895000.00', 2016, 12, 'B'),
(105, '13.02.07.01.12.01000102016', 'UPT. Puskesmas Dawarblandong', '0EA545.17013010042666', '0206020105', '1.3.2.12.99', 'KURSI TUNGGU', '-', 4, '7810000.00', 2016, 12, 'B'),
(106, '13.02.07.01.12.01000112016', 'UPT. Puskesmas Dawarblandong', '0EA545.17013011522915', '0206030201', '1.3.2.11.02', 'KOMPUTER PC', 'ASUS', 3, '19200000.00', 2016, 12, 'B'),
(107, '13.02.07.01.12.01000112016', 'UPT. Puskesmas Dawarblandong', '0EA545.1701301154223', '0206030202', '1.3.2.11.03', 'LAPTOP', 'HP', 3, '24000000.00', 2016, 12, 'B'),
(108, '13.02.07.01.12.01000112016', 'UPT. Puskesmas Dawarblandong', '0EA545.17013011552228', '0206030408', '1.3.2.11.09', 'PRINTER', 'EPSON', 5, '17000000.00', 2016, 12, 'B'),
(109, '13.02.07.01.12.01000122016', 'UPT. Puskesmas Dawarblandong', '0EA545.17013012004560', '0206020403', '1.3.2.10.99', 'AC UNIT', 'SHARP', 4, '21600000.00', 2016, 12, 'B'),
(110, '13.02.07.01.13.01000042016', 'UPT. Puskesmas Kupang', '031E46.17012414010334', '0206020401', '1.3.2.13.05', 'LEMARI ES', 'PANASONIK', 1, '2900000.00', 2016, 12, 'B'),
(111, '13.02.07.01.13.01000042016', 'UPT. Puskesmas Kupang', '031E46.17012414040355', '0206020403', '1.3.2.10.99', 'AC UNIT', 'SHARP', 2, '11900000.00', 2016, 12, 'B'),
(112, '13.02.07.01.13.01000152016', 'UPT. Puskesmas Kupang', '031E46.1701311418507', '0206010506', '1.3.2.09.99', 'PAPAN VISUAL', '-NEON BOX', 1, '5500000.00', 2016, 12, 'B'),
(113, '13.02.07.01.13.01000012016', 'UPT. Puskesmas Kupang', '04C946.17012312350136', '0206030203', '1.3.2.11.03', 'LAPTOP', '-ASUS', 1, '6000000.00', 2016, 12, 'B'),
(114, '13.02.07.01.13.01000022016', 'UPT. Puskesmas Kupang', '04C946.17012313013978', '0206030408', '1.3.2.11.09', 'PRINTER', '-HP', 2, '4000000.00', 2016, 12, 'B'),
(115, '13.02.07.01.13.01000032016', 'UPT. Puskesmas Kupang', '04C946.17012313233339', '0206010401', '1.3.2.10.02', 'LEMARI BESI/METAL', '-BROTHER', 1, '2942500.00', 2016, 12, 'B'),
(116, '13.02.07.01.13.01000032016', 'UPT. Puskesmas Kupang', '04C946.17012313260088', '0206010401', '1.3.2.10.02', 'LEMARI BESI/METAL', '-BROTHER', 2, '5885000.00', 2016, 12, 'B'),
(117, '13.02.07.01.13.01000032016', 'UPT. Puskesmas Kupang', '04C946.17012313340257', '0206020128', '1.3.2.12.99', 'KURSI TAMU', '-', 1, '2942500.00', 2016, 12, 'B'),
(118, '13.02.07.01.14.01000082016', 'UPT. Puskesmas Jetis', 'F22536.17012513095577', '0206010412', '1.3.2.10.99', 'LEMARI KACA/ETALASE', '-', 1, '4500000.00', 2016, 12, 'B'),
(119, '13.02.07.01.14.01000102016', 'UPT. Puskesmas Jetis', 'F22536.17012513263637', '0206030203', '1.3.2.11.03', 'NOTE BOOK', 'LENOVO', 1, '6000000.00', 2016, 12, 'B'),
(120, '13.02.07.01.14.01000112016', 'UPT. Puskesmas Jetis', 'F22536.17012513334338', '0206030408', '1.3.2.11.09', 'PRINTER', 'EPSON', 1, '3500000.00', 2016, 12, 'B'),
(121, '13.02.07.01.14.01000092016', 'UPT. Puskesmas Jetis', 'F22536.17012513194614', '0206020403', '1.3.2.10.99', 'AC UNIT', 'TLC', 1, '4000000.00', 2016, 12, 'B'),
(122, '13.02.07.01.15.01000032016', 'UPT. Puskesmas Mojosari', 'DAD235.17012616030231', '0209012013', '1.3.2.19.99', 'SENTRIFUSN HEMATOKRIT', '-', 1, '3100000.00', 2016, 12, 'B'),
(123, '13.02.07.01.15.01000032016', 'UPT. Puskesmas Mojosari', 'DAD235.17012616041698', '0209010304', '1.3.2.19.99', 'MIKROSKOP DENGAN KAMERA', '-', 1, '4000000.00', 2016, 12, 'B'),
(124, '13.02.07.01.15.01000032016', 'UPT. Puskesmas Mojosari', 'DAD235.1701261604362', '0209010304', '1.3.2.19.99', 'MIKROPIPET', '-', 1, '2000000.00', 2016, 12, 'B'),
(125, '13.02.07.01.15.01000042016', 'UPT. Puskesmas Mojosari', 'DAD235.1701261413327', '0208010967', '1.3.2.18.07', 'SPYGMOMANOMETER', '-', 5, '4000000.00', 2016, 12, 'B'),
(126, '13.02.07.01.15.01000042016', 'UPT. Puskesmas Mojosari', 'DAD235.17012614161789', '0208010104', '1.3.2.18.01', 'STETOSCOPE', '-', 5, '2500000.00', 2016, 12, 'B'),
(127, '13.02.07.01.15.01000042016', 'UPT. Puskesmas Mojosari', 'DAD235.17012614171269', '0208010110', '1.3.2.18.01', 'TIMBANGAN BAYI', '-', 5, '2500000.00', 2016, 12, 'B'),
(128, '13.02.07.01.15.01000052016', 'UPT. Puskesmas Mojosari', 'DAD235.17012614353544', '0206020701', '1.3.2.09.11', 'TABUNG PEMADAM API', '-', 2, '2000000.00', 2016, 12, 'B'),
(129, '13.02.07.01.15.01000072016', 'UPT. Puskesmas Mojosari', 'DAD235.17012615124646', '0206030201', '1.3.2.11.02', 'PC.UNIT', '-', 1, '9900000.00', 2016, 12, 'B'),
(130, '13.02.07.01.15.01000082016', 'UPT. Puskesmas Mojosari', 'DAD235.17012615195121', '0206020403', '1.3.2.10.99', 'AC UNIT', '-', 2, '8000000.00', 2016, 12, 'B'),
(131, '13.02.07.01.15.01000082016', 'UPT. Puskesmas Mojosari', 'DAD235.1701261520121', '0206020403', '1.3.2.10.99', 'KIPASANGIN', '-', 4, '1600000.00', 2016, 12, 'B'),
(132, '13.02.07.01.15.01000092016', 'UPT. Puskesmas Mojosari', 'E7BC35.17020212024523', '0208010202', '1.3.2.18.02', 'DENTAL UNIT', '-FOSHAN COREDEEP', 1, '50000000.00', 2016, 12, 'B'),
(133, '13.02.07.01.17.01000022016', 'UPT. Puskesmas Pungging', 'FF2345.17011911513051', '0206010401', '1.3.2.10.02', 'LEMARI BESI/METAL', 'BROTHER', 3, '8827500.00', 2016, 12, 'B'),
(134, '13.02.07.01.17.01000022016', 'UPT. Puskesmas Pungging', 'FF2345.17011912024488', '0206010412', '1.3.2.10.99', 'LEMARI KACA', 'BROTHER', 2, '5830000.00', 2016, 12, 'B'),
(135, '13.02.07.01.17.01000022016', 'UPT. Puskesmas Pungging', 'FF2345.17011912042525', '0206010412', '1.3.2.10.99', 'LEMARI KACA', 'BROTHER', 1, '2832500.00', 2016, 12, 'B'),
(136, '13.02.07.01.17.01000032016', 'UPT. Puskesmas Pungging', 'FF2345.1701191230481', '0204030208', '1.3.2.17.99', 'GENSET', 'YAMAHA', 1, '8772500.00', 2016, 12, 'B'),
(137, '13.02.07.01.17.01000032016', 'UPT. Puskesmas Pungging', 'FF2345.17011912355928', '0206010506', '1.3.2.09.99', 'PAPAN NAMA', '-', 1, '9762500.00', 2016, 12, 'B'),
(138, '13.02.07.01.17.01000042016', 'UPT. Puskesmas Pungging', 'FF2345.17012011333338', '0206020403', '1.3.2.10.99', 'AC UNIT', 'PANASONIC', 2, '9900000.00', 2016, 12, 'B'),
(139, '13.02.07.01.17.01000052016', 'UPT. Puskesmas Pungging', 'FF2345.17012021325748', '0206030201', '1.3.2.11.02', 'PC.UNIT', 'ACER', 1, '8000000.00', 2016, 12, 'B'),
(140, '13.02.07.01.17.01000062016', 'UPT. Puskesmas Pungging', 'FF2345.17012310321460', '0206030102', '1.3.2.11.01', 'MINI KOMPUTER', 'ACER', 1, '8000000.00', 2016, 12, 'B'),
(141, '13.02.07.01.17.01000072016', 'UPT. Puskesmas Pungging', 'FF2345.17012311345832', '0206030503', '1.3.2.11.04', 'PRINTER', 'OFFICEJET', 2, '9300000.00', 2016, 12, 'B'),
(142, '13.02.07.01.18.01000032016', 'UPT. Puskesmas Watukenongo', 'E44136.17012510011610', '0206020403', '1.3.2.10.99', 'AC UNIT', 'AQUA 1/2 PK', 1, '3500000.00', 2016, 12, 'B'),
(143, '13.02.07.01.18.01000032016', 'UPT. Puskesmas Watukenongo', 'E44136.17012510151226', '0206020403', '1.3.2.10.99', 'AC UNIT', 'POLITRON 1 PK', 1, '4500000.00', 2016, 12, 'B'),
(144, '13.02.07.01.18.01000042016', 'UPT. Puskesmas Watukenongo', 'E44136.1701251047475', '0208010255', '1.3.2.18.02', 'MESIN BOR GIGI LOW SPEED', NULL, 1, '5000000.00', 2016, 12, 'B'),
(145, '13.02.07.01.18.01000042016', 'UPT. Puskesmas Watukenongo', 'E44136.17012510492896', '0208010255', '1.3.2.18.02', 'ULTRASONIC SCALER', NULL, 1, '3000000.00', 2016, 12, 'B'),
(146, '13.02.07.01.18.01000042016', 'UPT. Puskesmas Watukenongo', 'E44136.17012510511559', '0208010255', '1.3.2.18.02', 'BOR GIGI LOW SPEED', NULL, 20, '500000.00', 2016, 12, 'B'),
(147, '13.02.07.01.18.01000042016', 'UPT. Puskesmas Watukenongo', 'E44136.1701251052517', '0208010255', '1.3.2.18.02', 'TIPS SCALER ELEKTRIK', NULL, 4, '500000.00', 2016, 12, 'B'),
(148, '13.02.07.01.19.01000022016', 'UPT. Puskesmas Ngoro', 'F0FE45.17012312235055', '0206010401', '1.3.2.10.02', 'LEMARI BESI/METAL', 'BROTHER', 3, '10312500.00', 2016, 12, 'B'),
(149, '13.02.07.01.19.01000022016', 'UPT. Puskesmas Ngoro', 'F0FE45.17012312261348', '0206010402', '1.3.2.10.99', 'RAK BESI/METAL', '-', 2, '2970000.00', 2016, 12, 'B'),
(150, '13.02.07.01.19.01000032016', 'UPT. Puskesmas Ngoro', 'F0FE45.17012312524243', '0206030202', '1.3.2.11.03', 'LAP.TOP', 'HP', 3, '24000000.00', 2016, 12, 'B'),
(151, '13.02.07.01.19.01000032016', 'UPT. Puskesmas Ngoro', 'F0FE45.17012408413522', '0206030201', '1.3.2.11.02', 'PC.UNIT', 'ASUS', 3, '14700000.00', 2016, 12, 'B'),
(152, '13.02.07.01.19.01000032016', 'UPT. Puskesmas Ngoro', 'F0FE45.17012408434348', '0206030503', '1.3.2.11.04', 'PRINTER', 'CANON_IP2770', 2, '3800000.00', 2016, 12, 'B'),
(153, '13.02.07.01.19.01000032016', 'UPT. Puskesmas Ngoro', 'F0FE45.17012408501756', '0206030205', '1.3.2.11.09', 'UPS', 'PROLINK', 3, '2100000.00', 2016, 12, 'B'),
(154, '13.02.07.01.19.01000042016', 'UPT. Puskesmas Ngoro', 'F0FE45.1701241028245', '0206020403', '1.3.2.10.99', 'AC UNIT', 'SHARP', 2, '10800000.00', 2016, 12, 'B'),
(155, '13.02.07.01.19.01000052016', 'UPT. Puskesmas Ngoro', 'F0FE45.17012410594848', '0206020650', '1.3.2.10.99', 'GENERATING_SET', 'DAIMARU', 1, '19500000.00', 2016, 12, 'B'),
(156, '13.02.07.01.20.01000042016', 'UPT. Puskesmas Manduro', 'F8CE45.17012511271797', '0206010401', '1.3.2.10.02', 'LEMARI BESI/METAL', 'BROTHER B 303', 1, '3300000.00', 2016, 12, 'B'),
(157, '13.02.07.01.20.01000062016', 'UPT. Puskesmas Manduro', 'F8CE45.17012511520772', '0206020134', '1.3.2.12.99', 'KURSI LIPAT', 'CHITOSE YAMATO HAA', 1, '4850000.00', 2016, 12, 'B'),
(158, '13.02.07.01.20.01000072016', 'UPT. Puskesmas Manduro', 'F8CE45.17012512022954', '0206020403', '1.3.2.10.99', 'AC UNIT', 'SHARP', 1, '4000000.00', 2016, 12, 'B'),
(159, '13.02.07.01.20.01000082016', 'UPT. Puskesmas Manduro', 'F8CE45.17012512093570', '0206030408', '1.3.2.11.09', 'PRINTER', 'HP', 1, '3850000.00', 2016, 12, 'B'),
(160, '13.02.07.01.21.01000072016', 'UPT. Puskesmas Dlanggu', 'D2F535.17012512245651', '0206020403', '1.3.2.10.99', 'AC UNIT', 'DENPOO', 1, '5000000.00', 2016, 12, 'B'),
(161, '13.02.07.01.21.01000082016', 'UPT. Puskesmas Dlanggu', 'D2F535.17012512331375', '0208010131', '1.3.2.18.01', 'ALAT KEDOKTERAN', '-', 1, '39425000.00', 2016, 12, 'B'),
(162, '13.02.07.01.22.01000022016', 'UPT. Puskesmas Kutorejo', 'C5FE35.1701251106305', '0207010152', '1.3.2.15.99', 'UNITERRUPTIBLE POWER SUPPLY (UPS)', 'PROLINK', 6, '8400000.00', 2016, 12, 'B'),
(163, '13.02.07.01.22.01000052016', 'UPT. Puskesmas Kutorejo', 'C5FE35.17012512432484', '0206020701', '1.3.2.09.11', 'TABUNG PEMADAM API(APAR)', 'GLOBAL', 6, '8400000.00', 2016, 12, 'B'),
(164, '13.02.07.01.22.01000062016', 'UPT. Puskesmas Kutorejo', 'C5FE35.17012512361491', '0206030201', '1.3.2.11.02', 'PC.UNIT', 'ACER', 6, '48000000.00', 2016, 12, 'B'),
(165, '13.02.07.01.22.01000062016', 'UPT. Puskesmas Kutorejo', 'C5FE35.17012512375676', '0206030202', '1.3.2.11.03', 'LAP.TOP', 'HP', 3, '24000000.00', 2016, 12, 'B'),
(166, '13.02.07.01.22.01000072016', 'UPT. Puskesmas Kutorejo', 'C5FE35.17012710175457', '0206020608', '1.3.2.09.99', 'SOUND SYSTEM', '-', 4, '6000000.00', 2016, 12, 'B'),
(167, '13.02.07.01.22.01000072016', 'UPT. Puskesmas Kutorejo', 'C5FE35.1701271018356', '0206020608', '1.3.2.09.99', 'MEGAPHONE', '-', 1, '1100000.00', 2016, 12, 'B'),
(168, '13.02.07.01.22.01000072016', 'UPT. Puskesmas Kutorejo', 'C5FE35.17012710194511', '0206020608', '1.3.2.09.99', 'MICROFHONE', 'SHURE', 5, '2500000.00', 2016, 12, 'B'),
(169, '13.02.07.01.22.01000072016', 'UPT. Puskesmas Kutorejo', 'C5FE35.17012710212762', '0206020603', '1.3.2.09.99', 'TV', 'SONY', 4, '17400000.00', 2016, 12, 'B'),
(170, '13.02.07.01.22.01000082016', 'UPT. Puskesmas Kutorejo', 'C5FE35.17012513183663', '0206030408', '1.3.2.11.09', 'PRINTER', 'EPSON', 6, '17400000.00', 2016, 12, 'B'),
(171, '13.02.07.01.22.01000092016', 'UPT. Puskesmas Kutorejo', 'C5FE35.17012709210954', '0206010506', '1.3.2.09.99', 'PAPAN NAMA (NEON BOX)', '-', 1, '3700000.00', 2016, 12, 'B'),
(172, '13.02.07.01.22.01000092016', 'UPT. Puskesmas Kutorejo', 'C5FE35.17012709214780', '0206010507', '1.3.2.09.99', 'PAPAN PENGUMUMAN', '-', 1, '1000000.00', 2016, 12, 'B'),
(173, '13.02.07.01.22.01000092016', 'UPT. Puskesmas Kutorejo', 'C5FE35.1701270922380', '0206010507', '1.3.2.09.99', 'PAPAN DATA', '-', 20, '5000000.00', 2016, 12, 'B'),
(174, '13.02.07.01.22.01000102016', 'UPT. Puskesmas Kutorejo', 'C5FE35.17012709390377', '0206020403', '1.3.2.10.99', 'AC UNIT', 'LG', 2, '9350000.00', 2016, 12, 'B'),
(175, '13.02.07.01.23.01000102016', 'UPT. Puskesmas Pesanggrahan', 'C7AA35.17020609244722', '0206010401', '1.3.2.10.02', 'LEMARI BESI/METAL', 'BROTHER', 9, '31284000.00', 2016, 12, 'B'),
(176, '13.02.07.01.23.01000112016', 'UPT. Puskesmas Pesanggrahan', 'C7AA35.17020609595220', '0206020128', '1.3.2.12.99', 'KURSI TAMU', '-', 6, '13350000.00', 2016, 12, 'B'),
(177, '13.02.07.01.23.01000112016', 'UPT. Puskesmas Pesanggrahan', 'C7AA35.17020610005567', '0206020127', '1.3.2.12.05', 'KURSI RAPAT', '-', 20, '6800000.00', 2016, 12, 'B'),
(178, '13.02.07.01.23.01000112016', 'UPT. Puskesmas Pesanggrahan', 'C7AA35.17020611220054', '0206020110', '1.3.2.12.02', 'MEJA RAPAT', '-', 20, '7625000.00', 2016, 12, 'B'),
(179, '13.02.07.01.23.01000122016', 'UPT. Puskesmas Pesanggrahan', 'C7AA35.1702061111343', '0206020403', '1.3.2.10.99', 'AC UNIT', '-', 3, '10500000.00', 2016, 12, 'B'),
(180, '13.02.07.01.23.01000122016', 'UPT. Puskesmas Pesanggrahan', 'C7AA35.17020611143724', '0206020406', '1.3.2.10.99', 'KIPAS ANGIN', '-', 10, '6825000.00', 2016, 12, 'B'),
(181, '13.02.07.01.23.01000132016', 'UPT. Puskesmas Pesanggrahan', 'C7AA35.17020610194695', '0206030202', '1.3.2.11.03', 'LAP.TOP', 'ASUS', 4, '18600000.00', 2016, 12, 'B'),
(182, '13.02.07.01.24.01000032016', 'UPT. Puskesmas Pacet', '001845.17012510573359', '0206030203', '1.3.2.11.03', 'NOTE BOOK', 'ASUS', 2, '10000000.00', 2016, 12, 'B'),
(183, '13.02.07.01.24.01000032016', 'UPT. Puskesmas Pacet', '001845.17012510584249', '0206030503', '1.3.2.11.04', 'PRINTER', 'CANNON', 1, '2000000.00', 2016, 12, 'B'),
(184, '13.02.07.01.25.01000042016', 'UPT. Puskesmas Pandan', '08FE45.17011811252417', '0206030203', '1.3.2.11.03', 'NOTE BOOK (LAPTOP)', 'ASUS', 1, '5900000.00', 2016, 12, 'B'),
(185, '13.02.07.01.25.01000062016', 'UPT. Puskesmas Pandan', '08FE45.17011811362596', '0206020403', '1.3.2.10.99', 'AC UNIT', 'PANASONIC', 2, '8000000.00', 2016, 12, 'B'),
(186, '13.02.07.01.26.01000042016', 'UPT. Puskesmas Trawas', 'D0D535.17012419181410', '0208010974', '1.3.2.18.07', 'BED PARTUS', '-', 1, '2300000.00', 2016, 12, 'B'),
(187, '13.02.07.01.26.01000052016', 'UPT. Puskesmas Trawas', 'D0D535.17012419295596', '0206030503', '1.3.2.11.04', 'PRINTER', 'EPSON', 2, '4150000.00', 2016, 12, 'B'),
(188, '13.02.07.01.26.01000062016', 'UPT. Puskesmas Trawas', 'D0D535.17012419375685', '0206020403', '1.3.2.10.99', 'AC', 'POLYTRON', 2, '6000000.00', 2016, 12, 'B'),
(189, '13.02.07.01.26.01000072016', 'UPT. Puskesmas Trawas', 'D0D535.17012420464347', '0206010401', '1.3.2.10.02', 'ALMARI BESI SLIDING KACA', '-', 3, '9750000.00', 2016, 12, 'B'),
(190, '13.02.07.01.26.01000082016', 'UPT. Puskesmas Trawas', 'D0D535.17012421034196', '0206020105', '1.3.2.12.99', 'KURSI BESI', '-', 3, '5550000.00', 2016, 12, 'B'),
(191, '13.02.07.01.26.01000082016', 'UPT. Puskesmas Trawas', 'D0D535.17012421045981', '0206020105', '1.3.2.12.99', 'KURSI SUSUN', '-', 15, '3750000.00', 2016, 12, 'B'),
(192, '13.02.07.01.26.01000092016', 'UPT. Puskesmas Trawas', 'D0D535.17012421140382', '0206030202', '1.3.2.11.03', 'LAP.TOP', 'HP', 1, '5575000.00', 2016, 12, 'B'),
(193, '13.02.07.01.26.01000112016', 'UPT. Puskesmas Trawas', 'D10D35.17012512041380', '0208010255', '1.3.2.18.02', 'ALAT TAMBAL GIGI SINAR', 'DBA LED', 1, '1000000.00', 2016, 12, 'B'),
(194, '13.02.07.01.26.01000112016', 'UPT. Puskesmas Trawas', 'D10D35.17012512075245', '0208010255', '1.3.2.18.02', 'ALAT PEMBERSIH KARANG GIGI', 'DBA D3', 1, '3000000.00', 2016, 12, 'B'),
(195, '13.02.07.01.27.01000032016', 'UPT. Puskesmas Gondang', 'CFC035.17012412035797', '0206020137', '1.3.2.12.01', 'MEJA COMPUTER', '-', 3, '1982100.00', 2016, 12, 'B'),
(196, '13.02.07.01.27.01000032016', 'UPT. Puskesmas Gondang', 'CFC035.17012412071986', '0206020105', '1.3.2.12.99', 'KURSI BESI/METAL', '-', 5, '14710400.00', 2016, 12, 'B'),
(197, '13.02.07.01.27.01000042016', 'UPT. Puskesmas Gondang', 'CFC035.17012412125455', '0206020161', '1.3.2.12.99', 'LEMARI BESI', '-', 1, '19767000.00', 2016, 12, 'B'),
(198, '13.02.07.01.27.01000042016', 'UPT. Puskesmas Gondang', 'CFC035.17012412135512', '0206020161', '1.3.2.12.99', 'FILING CABINET', '-', 8, '27643000.00', 2016, 12, 'B'),
(199, '13.02.07.01.27.01000062016', 'UPT. Puskesmas Gondang', 'CFC035.17012412234955', '0206020404', '1.3.2.10.99', 'A.C. SPLIT', '-', 2, '9000000.00', 2016, 12, 'B'),
(200, '13.02.07.01.28.01000022016', 'UPT. Puskesmas Jatirejo', '0B5E47.1701201306136', '0206020406', '1.3.2.10.99', 'KIPAS ANGIN', 'W/F SEKAI 20''', 4, '3084000.00', 2016, 12, 'B'),
(201, '13.02.07.01.28.01000022016', 'UPT. Puskesmas Jatirejo', '0B5E47.17012013082944', '0206020401', '1.3.2.13.05', 'LEMARI ES', 'TOSHIBA', 1, '1766000.00', 2016, 12, 'B'),
(202, '13.02.07.01.28.01000022016', 'UPT. Puskesmas Jatirejo', '0B5E47.17012013094165', '0206020401', '1.3.2.13.05', 'LEMARI ES', 'SHARP', 1, '2904000.00', 2016, 12, 'B'),
(203, '13.02.07.01.28.01000022016', 'UPT. Puskesmas Jatirejo', '0B5E47.17012013105379', '0206020406', '1.3.2.10.99', 'KIPAS ANGIN', 'MASPION', 2, '771000.00', 2016, 12, 'B'),
(204, '13.02.07.01.28.01000032016', 'UPT. Puskesmas Jatirejo', '0B5E47.17012013372963', '0206020111', '1.3.2.12.01', 'MEJA TULIS', '-', 7, '6650000.00', 2016, 12, 'B'),
(205, '13.02.07.01.28.01000042016', 'UPT. Puskesmas Jatirejo', '0B5E47.17012013573437', '0206020101', '1.3.2.10.02', 'LEMARI ARSIP', '-', 2, '8400000.00', 2016, 12, 'B'),
(206, '13.02.07.01.28.01000112016', 'UPT. Puskesmas Jatirejo', '0B5E47.17012410324360', '0206030201', '1.3.2.11.02', 'PC.UNIT', 'ASUS', 2, '8800000.00', 2016, 12, 'B'),
(207, '13.02.07.01.28.01000122016', 'UPT. Puskesmas Jatirejo', '0B5E47.17012411320495', '0206030202', '1.3.2.11.03', 'LAP.TOP', 'LENOVO IDEAPAD 100 N3160', 2, '8800000.00', 2016, 12, 'B'),
(208, '13.02.07.01.28.01000132016', 'UPT. Puskesmas Jatirejo', '0B5E47.17012411280560', '0209040404', '1.3.2.19.99', 'PRINTER', 'CANON MP287', 5, '7000000.00', 2016, 12, 'B');

-- --------------------------------------------------------

--
-- Struktur dari tabel `asset`
--

CREATE TABLE `asset` (
  `kode` varchar(30) NOT NULL,
  `nama_asset` varchar(200) NOT NULL,
  `kib` varchar(100) NOT NULL,
  `kode_kib` varchar(4) NOT NULL,
  `latitude` decimal(10,8) DEFAULT NULL,
  `longitude` decimal(12,8) DEFAULT NULL,
  `skpd` varchar(17) DEFAULT NULL,
  `nama_skpd` varchar(200) DEFAULT NULL,
  `geom` geometry NOT NULL
) ENGINE=MyISAM DEFAULT CHARSET=utf8;

-- --------------------------------------------------------

--
-- Struktur dari tabel `bidang`
--

CREATE TABLE `bidang` (
  `bdid` int(11) NOT NULL,
  `nomor_unit` varchar(11) DEFAULT NULL,
  `bdnama` varchar(50) DEFAULT NULL,
  `bdkontak` varchar(200) DEFAULT NULL,
  `bdpimpinan` varchar(50) DEFAULT NULL
) ENGINE=InnoDB DEFAULT CHARSET=utf8;

-- --------------------------------------------------------

--
-- Struktur dari tabel `detail_rule_tambah_nilai`
--

CREATE TABLE `detail_rule_tambah_nilai` (
  `id_detail_rule_tn` int(11) NOT NULL,
  `id_jenis_tn` int(11) NOT NULL,
  `id_rule` int(11) NOT NULL
) ENGINE=InnoDB DEFAULT CHARSET=utf8;

-- --------------------------------------------------------

--
-- Struktur dari tabel `form_pengadaan`
--

CREATE TABLE `form_pengadaan` (
  `id` int(11) NOT NULL,
  `no_key` varchar(100) CHARACTER SET latin1 DEFAULT NULL,
  `kode_jurnal` char(3) CHARACTER SET latin1 DEFAULT NULL,
  `kode_kegiatan` varchar(50) CHARACTER SET latin1 DEFAULT NULL,
  `nomor_lokasi` varchar(20) CHARACTER SET latin1 DEFAULT NULL,
  `no_ba` varchar(50) CHARACTER SET latin1 DEFAULT NULL,
  `tgl_ba` date DEFAULT NULL,
  `no_ba_st` varchar(50) CHARACTER SET latin1 DEFAULT NULL,
  `tgl_ba_st` date DEFAULT NULL,
  `id_kegiatan` varchar(120) CHARACTER SET latin1 DEFAULT NULL,
  `kode_13` int(11) DEFAULT NULL,
  `kode_17` int(11) DEFAULT NULL,
  `nama` varchar(150) CHARACTER SET latin1 DEFAULT NULL,
  `volume` decimal(12,2) DEFAULT NULL,
  `satuan` varchar(10) CHARACTER SET latin1 DEFAULT NULL,
  `harga_satuan` decimal(16,2) DEFAULT NULL,
  `jumlah_harga` decimal(16,2) DEFAULT NULL,
  `merek` varchar(100) CHARACTER SET latin1 DEFAULT NULL,
  `tipe` varchar(100) CHARACTER SET latin1 DEFAULT NULL,
  `ukuran` varchar(50) CHARACTER SET latin1 DEFAULT NULL,
  `bahan` varchar(50) CHARACTER SET latin1 DEFAULT NULL,
  `warna` varchar(50) CHARACTER SET latin1 DEFAULT NULL
) ENGINE=InnoDB DEFAULT CHARSET=utf8 COMMENT='deprecated';

-- --------------------------------------------------------

--
-- Struktur dari tabel `foto_asset`
--

CREATE TABLE `foto_asset` (
  `id` int(11) NOT NULL,
  `asset_id` varchar(30) CHARACTER SET latin1 DEFAULT NULL,
  `upload_path` varchar(300) CHARACTER SET latin1 DEFAULT NULL,
  `ext` varchar(5) CHARACTER SET latin1 NOT NULL,
  `enc_name` varchar(32) CHARACTER SET latin1 DEFAULT NULL,
  `file_name` varchar(200) CHARACTER SET latin1 DEFAULT NULL,
  `created` timestamp NULL DEFAULT CURRENT_TIMESTAMP,
  `judul` varchar(200) CHARACTER SET latin1 DEFAULT ''
) ENGINE=InnoDB DEFAULT CHARSET=utf8;

-- --------------------------------------------------------

--
-- Struktur dari tabel `gudang`
--

CREATE TABLE `gudang` (
  `guno` varchar(50) NOT NULL,
  `gualamat` varchar(200) DEFAULT NULL
) ENGINE=InnoDB DEFAULT CHARSET=utf8;

-- --------------------------------------------------------

--
-- Struktur dari tabel `gudang_kamus_unit`
--

CREATE TABLE `gudang_kamus_unit` (
  `guno` varchar(50) NOT NULL,
  `nomor_unit` varchar(50) NOT NULL
) ENGINE=InnoDB DEFAULT CHARSET=utf8;

-- --------------------------------------------------------

--
-- Struktur dari tabel `jenis_aset`
--

CREATE TABLE `jenis_aset` (
  `nama` varchar(50) CHARACTER SET latin1 NOT NULL
) ENGINE=InnoDB DEFAULT CHARSET=utf8;

-- --------------------------------------------------------

--
-- Struktur dari tabel `jenis_tambah_nilai`
--

CREATE TABLE `jenis_tambah_nilai` (
  `id_jenis_tn` int(11) NOT NULL,
  `kode_tambah_nilai` varchar(10) DEFAULT NULL,
  `jenis_aset` varchar(100) DEFAULT NULL,
  `jenis_tambah_nilai` varchar(50) DEFAULT NULL
) ENGINE=InnoDB DEFAULT CHARSET=utf8;

-- --------------------------------------------------------

--
-- Struktur dari tabel `jurnal`
--

CREATE TABLE `jurnal` (
  `juno` varchar(50) NOT NULL,
  `spnama` varchar(50) DEFAULT NULL,
  `spalamat` varchar(200) DEFAULT NULL,
  `sppenanggungjawab` varchar(50) DEFAULT NULL,
  `nomor_unit` varchar(50) NOT NULL,
  `jutgl` date DEFAULT NULL,
  `juatasan` varchar(50) DEFAULT NULL,
  `jupenyimpan` varchar(50) DEFAULT NULL,
  `judasarno` varchar(50) DEFAULT NULL,
  `judasartgl` date DEFAULT NULL,
  `judokumenno` varchar(50) DEFAULT NULL,
  `judokumentgl` date DEFAULT NULL,
  `juestimasitgl` date DEFAULT NULL,
  `jurealisasitgl` date DEFAULT NULL,
  `jubuktino` varchar(50) DEFAULT NULL,
  `jubuktitgl` date DEFAULT NULL,
  `created` datetime DEFAULT NULL,
  `createdby` varchar(50) DEFAULT NULL,
  `modified` datetime DEFAULT NULL,
  `modifiedby` varchar(50) DEFAULT NULL,
  `deleted` datetime DEFAULT NULL,
  `deletedby` varchar(50) DEFAULT NULL,
  `status` int(11) DEFAULT NULL,
  `tipe` int(11) DEFAULT NULL,
  `untuk` varchar(200) DEFAULT NULL,
  `keterangan` varchar(200) DEFAULT NULL
) ENGINE=InnoDB DEFAULT CHARSET=utf8;

-- --------------------------------------------------------

--
-- Struktur dari tabel `jurnal_detail`
--

CREATE TABLE `jurnal_detail` (
  `judid` int(11) NOT NULL,
  `nomor_unit` varchar(50) NOT NULL,
  `guno` varchar(50) DEFAULT NULL,
  `kbid` int(11) NOT NULL,
  `juno` varchar(50) NOT NULL,
  `judqty` decimal(18,2) DEFAULT NULL,
  `judhargasat` decimal(18,2) DEFAULT NULL,
  `judunit` varchar(50) DEFAULT NULL,
  `judnilai` decimal(18,2) DEFAULT NULL,
  `judtahunbuat` date DEFAULT NULL,
  `judkadaluarsa` date DEFAULT NULL,
  `keterangan` varchar(200) DEFAULT NULL,
  `created` datetime DEFAULT NULL,
  `created_by` varchar(50) DEFAULT NULL,
  `modified` datetime DEFAULT NULL,
  `modified_by` varchar(50) DEFAULT NULL,
  `deleted` datetime DEFAULT NULL,
  `deleted_by` varchar(50) DEFAULT NULL
) ENGINE=InnoDB DEFAULT CHARSET=utf8;

-- --------------------------------------------------------

--
-- Struktur dari tabel `jurnal_pengadaan`
--

CREATE TABLE `jurnal_pengadaan` (
  `jpid` int(11) NOT NULL,
  `jpnomorlokasi` varchar(25) DEFAULT NULL,
  `jptgl` date DEFAULT NULL,
  `jpnobaterima` varchar(50) DEFAULT NULL,
  `jptglbaterima` date DEFAULT NULL,
  `jpnobaperiksa` varchar(50) DEFAULT NULL,
  `jptglbaperiksa` date DEFAULT NULL,
  `id_kontrak` varchar(120) NOT NULL COMMENT 'referensi dari kamus spk simbada',
  `jpkodekegiatan` varchar(50) DEFAULT NULL,
  `created` timestamp NULL DEFAULT CURRENT_TIMESTAMP,
  `createdby` varchar(50) DEFAULT NULL,
  `modified` timestamp NULL DEFAULT NULL ON UPDATE CURRENT_TIMESTAMP,
  `modifiedby` varchar(50) DEFAULT NULL,
  `posted` timestamp NULL DEFAULT NULL,
  `postedby` varchar(50) DEFAULT NULL
) ENGINE=InnoDB DEFAULT CHARSET=latin1;

-- --------------------------------------------------------

--
-- Struktur dari tabel `kamus_barang`
--

CREATE TABLE `kamus_barang` (
  `kbid` int(11) NOT NULL,
  `kbkode` varchar(50) DEFAULT NULL,
  `kbkategori` varchar(50) DEFAULT NULL,
  `kbnama` varchar(200) DEFAULT NULL,
  `kbspesifikasi` varchar(200) DEFAULT NULL,
  `kbunit` varchar(50) DEFAULT NULL
) ENGINE=InnoDB DEFAULT CHARSET=utf8;

-- --------------------------------------------------------

--
-- Struktur dari tabel `kamus_unit`
--

CREATE TABLE `kamus_unit` (
  `nomor_unit` varchar(11) NOT NULL,
  `nama_unit` varchar(100) DEFAULT NULL
) ENGINE=InnoDB DEFAULT CHARSET=utf8;

-- --------------------------------------------------------

--
-- Struktur dari tabel `kategorikebutuhan`
--

CREATE TABLE `kategorikebutuhan` (
  `idkategorikebutuhan` int(2) NOT NULL,
  `namakategorikebutuhan` varchar(32) DEFAULT NULL
) ENGINE=InnoDB DEFAULT CHARSET=utf8;

-- --------------------------------------------------------

--
-- Struktur dari tabel `kebutuhan`
--

CREATE TABLE `kebutuhan` (
  `idkebutuhan` int(11) NOT NULL,
  `idkategorikebutuhan` int(2) DEFAULT NULL,
  `skpdid` varchar(32) DEFAULT NULL,
  `filekebutuhan` varchar(32) DEFAULT NULL,
  `created` datetime DEFAULT NULL,
  `createdby` varchar(45) DEFAULT NULL,
  `modified` datetime DEFAULT NULL,
  `modifiedby` varchar(45) DEFAULT NULL,
  `deleted` datetime DEFAULT NULL,
  `deletedby` varchar(45) DEFAULT NULL,
  `namafile` varchar(200) DEFAULT NULL,
  `filepath` varchar(45) DEFAULT NULL,
  `filesize` bigint(20) DEFAULT NULL,
  `fileext` varchar(10) DEFAULT NULL
) ENGINE=InnoDB DEFAULT CHARSET=utf8;

-- --------------------------------------------------------

--
-- Struktur dari tabel `kib`
--

CREATE TABLE `kib` (
  `kbid` int(11) NOT NULL,
  `kbstatusguna` varchar(12) DEFAULT NULL,
  `kbkodesubsubkel` varchar(12) DEFAULT NULL,
  `kbkoderekneraca` varchar(50) DEFAULT NULL COMMENT 'kode rekening neraca',
  `kbnamabarang` varchar(150) DEFAULT NULL,
  `kbalamat` varchar(150) DEFAULT NULL,
  `kbjumlah` decimal(9,2) DEFAULT NULL,
  `kbsatuan` varchar(10) DEFAULT NULL,
  `kbhargasatuan` decimal(15,4) DEFAULT NULL,
  `kbhargatotal` decimal(15,4) DEFAULT NULL,
  `kbpajak` char(1) DEFAULT NULL,
  `kbhargatotalpajak` decimal(15,4) DEFAULT NULL,
  `kbrencanaalokasi` varchar(200) DEFAULT NULL,
  `kbketerangan` varchar(150) DEFAULT NULL,
  `kbtipe` varchar(150) DEFAULT NULL,
  `kbkoderuangan` varchar(25) DEFAULT NULL,
  `kbpenggunaan` varchar(150) DEFAULT NULL,
  `kbstatustanah` varchar(25) DEFAULT NULL,
  `kbnosertifikat` varchar(50) DEFAULT NULL,
  `kbtglsertifikat` date DEFAULT NULL,
  `kbansertifikat` varchar(50) DEFAULT NULL,
  `kbpanjang` decimal(9,2) DEFAULT NULL,
  `kblebar` decimal(9,2) DEFAULT NULL,
  `kbluas` decimal(15,2) DEFAULT NULL,
  `kbukuran` varchar(50) DEFAULT NULL,
  `kbbahan` varchar(25) DEFAULT NULL,
  `kbwarna` varchar(10) DEFAULT NULL,
  `kbjudul` varchar(150) DEFAULT NULL COMMENT 'tidak tahu mapping ke simbada',
  `kbpengarang` varchar(150) DEFAULT NULL,
  `kbjeniskonstruksi` varchar(25) DEFAULT NULL,
  `kbluasbangunan` decimal(8,2) DEFAULT NULL,
  `kbjumlahlantai` decimal(8,2) DEFAULT NULL,
  `kbnoreginduktanah` varchar(15) DEFAULT NULL,
  `kbnilaitotalkontrak` decimal(15,4) DEFAULT NULL,
  `kbnoseri` varchar(50) DEFAULT NULL,
  `kbnamaruas` varchar(100) DEFAULT NULL,
  `kbpangkalruas` varchar(100) DEFAULT NULL,
  `kbujungruas` varchar(100) DEFAULT NULL,
  `kburaianjasa` varchar(150) DEFAULT NULL,
  `kbnobpkb` varchar(50) DEFAULT NULL,
  `kbnopolisi` varchar(15) DEFAULT NULL,
  `kbnorangka` varchar(50) DEFAULT NULL,
  `kbnomesin` varchar(50) DEFAULT NULL,
  `kbkapasitasslinder` varchar(5) DEFAULT NULL COMMENT 'cc',
  `kbnostnk` varchar(50) DEFAULT NULL,
  `kbtglstnk` date DEFAULT NULL,
  `kbthnbuat` varchar(4) DEFAULT NULL,
  `kbthnrakit` varchar(4) DEFAULT NULL,
  `kbjenisaset` char(1) DEFAULT NULL COMMENT 'A untuk aset tetap. R untuk penambahan nilai.',
  `jpid` int(11) NOT NULL,
  `kbbidangbarang` char(1) DEFAULT NULL
) ENGINE=InnoDB DEFAULT CHARSET=latin1;

-- --------------------------------------------------------

--
-- Struktur dari tabel `komentar`
--

CREATE TABLE `komentar` (
  `kid` int(11) NOT NULL,
  `raw` tinyint(1) DEFAULT NULL,
  `created` datetime DEFAULT NULL,
  `uid` varchar(64) DEFAULT NULL,
  `message` text
) ENGINE=InnoDB DEFAULT CHARSET=utf8;

-- --------------------------------------------------------

--
-- Struktur dari tabel `kon1317`
--

CREATE TABLE `kon1317` (
  `kode13` varchar(20) NOT NULL,
  `kode17` varchar(20) NOT NULL
) ENGINE=InnoDB DEFAULT CHARSET=latin1;

--
-- Dumping data untuk tabel `kon1317`
--

INSERT INTO `kon1317` (`kode13`, `kode17`) VALUES
('5.2.3.01', '01.01.01'),
('5.2.3.02', '01.01.02'),
('5.2.3.03', '01.01.03'),
('5.2.3.04', '01.01.04'),
('5.2.3.05', '01.01.05'),
('5.2.3.06', '01.01.06'),
('5.2.3.07', '01.01.07'),
('5.2.3.08', '01.01.08'),
('5.2.3.09', '01.01.09'),
('5.2.3.10', '01.01.10'),
('5.2.3.11', '01.01.11'),
('5.2.3.12', '01.01.12'),
('5.2.3.13', '01.01.13'),
('5.2.3.14', '02.02'),
('5.2.3.15', '02.02'),
('5.2.3.16', '02.02'),
('5.2.3.17', '02.03'),
('5.2.3.18', '02.03'),
('5.2.3.19', '02.03'),
('5.2.3.20', '02.03'),
('5.2.3.21', '02.03'),
('5.2.3.22', '02.04'),
('5.2.3.23', '02.04'),
('5.2.3.24', '02.04'),
('5.2.3.25', '02.05'),
('5.2.3.26', '02.05'),
('5.2.3.27', '02.06'),
('5.2.3.28', '02.06'),
('5.2.3.29', '02.06'),
('5.2.3.30', '02.06'),
('5.2.3.31', '02.07'),
('5.2.3.32', '02.07'),
('5.2.3.33', '02.07'),
('5.2.3.34', '02.08'),
('5.2.3.35', '02.08'),
('5.2.3.36', '02.09'),
('5.2.3.37', '02.09'),
('5.2.3.38', '02.09'),
('5.2.3.39', '02.09'),
('5.2.3.40', '02.09'),
('5.2.3.41', '02.09'),
('5.2.3.42', '02.09'),
('5.2.3.43', '02.09'),
('5.2.3.44', '02.10'),
('5.2.3.45', '02.10'),
('5.2.3.46', '02.10'),
('5.2.3.47', '02.10'),
('5.2.3.48', '02.10'),
('5.2.3.49', '03.11'),
('5.2.3.50', '03.11'),
('5.2.3.51', '03.11'),
('5.2.3.52', '03.12'),
('5.2.3.53', '03.12'),
('5.2.3.54', '03.12'),
('5.2.3.55', '03.12'),
('5.2.3.56', '03.12'),
('5.2.3.57', '03.12'),
('5.2.3.58', '03.12'),
('5.2.3.59', '04.13'),
('5.2.3.60', '04.13'),
('5.2.3.61', '04.14'),
('5.2.3.62', '04.14'),
('5.2.3.63', '04.14'),
('5.2.3.64', '04.14'),
('5.2.3.65', '04.14'),
('5.2.3.66', '04.14'),
('5.2.3.67', '04.14'),
('5.2.3.68', '04.14'),
('5.2.3.69', '04.15'),
('5.2.3.70', '04.15'),
('5.2.3.71', '04.15'),
('5.2.3.72', '04.15'),
('5.2.3.73', '04.15'),
('5.2.3.74', '04.15'),
('5.2.3.75', '04.15'),
('5.2.3.76', '04.15'),
('5.2.3.77', '04.15'),
('5.2.3.78', '04.16'),
('5.2.3.79', '04.16'),
('5.2.3.80', '04.16'),
('5.2.3.81', '04.16'),
('5.2.3.82', '05.17'),
('5.2.3.83', '05.17'),
('5.2.3.84', '05.17'),
('5.2.3.85', '05.18'),
('5.2.3.86', '05.18'),
('5.2.3.87', '05.19'),
('5.2.3.88', '05.19');

-- --------------------------------------------------------

--
-- Struktur dari tabel `kon1364`
--

CREATE TABLE `kon1364` (
  `kode13` varchar(20) DEFAULT NULL,
  `uraian13` varchar(200) DEFAULT NULL,
  `kode64` varchar(20) DEFAULT NULL,
  `uraian64` varchar(200) DEFAULT NULL,
  `masamanfaat` int(11) DEFAULT NULL
) ENGINE=InnoDB DEFAULT CHARSET=utf8;

--
-- Dumping data untuk tabel `kon1364`
--

INSERT INTO `kon1364` (`kode13`, `uraian13`, `kode64`, `uraian64`, `masamanfaat`) VALUES
('1.3.1.02.01', 'Tanah Sarana Kesehatan Rumah Sakit  …..', '1.3.1.11.04', 'Tanah Untuk Bangunan Tempat Kerja/Jasa', NULL),
('1.3.1.03.01', 'Tanah Sarana Kesehatan Puskesmas  …..', '1.3.1.11.04', 'Tanah Untuk Bangunan Tempat Kerja/Jasa', NULL),
('1.3.1.04.01', 'Tanah Sarana Kesehatan Poliklinik  …..', '1.3.1.11.04', 'Tanah Untuk Bangunan Tempat Kerja/Jasa', NULL),
('1.3.1.05.01', 'Tanah Sarana Pendidikan Taman Kanak-Kanak  …..', '1.3.1.11.04', 'Tanah Untuk Bangunan Tempat Kerja/Jasa', NULL),
('1.3.1.06.01', 'Tanah Sarana Pendidikan Sekolah Dasar  …..', '1.3.1.11.04', 'Tanah Untuk Bangunan Tempat Kerja/Jasa', NULL),
('1.3.1.07.01', 'Tanah Sarana Pendidikan Menengah Umum dan Kejuruan  …..', '1.3.1.11.04', 'Tanah Untuk Bangunan Tempat Kerja/Jasa', NULL),
('1.3.1.08.01', 'Tanah Sarana Pendidikan Menengah Lanjutan dan Kejuruan  …..', '1.3.1.11.04', 'Tanah Untuk Bangunan Tempat Kerja/Jasa', NULL),
('1.3.1.09.01', 'Tanah Sarana Pendidikan Luar Biasa', '1.3.1.11.04', 'Tanah Untuk Bangunan Tempat Kerja/Jasa', NULL),
('1.3.1.09.02', 'Tanah Sarana Pendidikan Luar Khusus  …..', '1.3.1.11.04', 'Tanah Untuk Bangunan Tempat Kerja/Jasa', NULL),
('1.3.1.10.01', 'Tanah Sarana Pendidikan Pelatihan', '1.3.1.11.04', 'Tanah Untuk Bangunan Tempat Kerja/Jasa', NULL),
('1.3.1.10.02', 'Tanah Sarana Pendidikan Kursus  …..', '1.3.1.11.04', 'Tanah Untuk Bangunan Tempat Kerja/Jasa', NULL),
('1.3.1.11.01', 'Tanah Sarana Sosial Panti Asuhan  …..', '1.3.1.11.01', 'Tanah Bangunan Perumahan/Gedung Tempat Tinggal', NULL),
('1.3.1.12.01', 'Tanah Sarana Sosial Panti Jompo  …..', '1.3.1.11.01', 'Tanah Bangunan Perumahan/Gedung Tempat Tinggal', NULL),
('1.3.1.13.01', 'Tanah Sarana Urnum Terminal  …..', '1.3.1.11.04', 'Tanah Untuk Bangunan Tempat Kerja/Jasa', NULL),
('1.3.1.14.01', 'Tanah Sarana Umum Dermaga  …..', '1.3.1.11.04', 'Tanah Untuk Bangunan Tempat Kerja/Jasa', NULL),
('1.3.1.15.01', 'Tanah Sarana Umum Lapangan Terbang Perintis', '1.3.1.13.06', 'Tanah Lapangan Terbang', NULL),
('1.3.1.16.01', 'Tanah Sarana Umum Rumah Potong Hewan', '1.3.1.11.04', 'Tanah Untuk Bangunan Tempat Kerja/Jasa', NULL),
('1.3.1.17.01', 'Tanah Sarana Umum Tempat Pelelangan Ikan…..', '1.3.1.11.02', 'Tanah Untuk Bangunan Gedung Perdagangan/Perusahaan', NULL),
('1.3.1.18.01', 'Tanah Sarana Umum Pasar  …..', '1.3.1.11.02', 'Tanah Untuk Bangunan Gedung Perdagangan/Perusahaan', NULL),
('1.3.1.19.01', 'Tanah Sarana Umum Tempat Pembuangan Akhir Sampah  …..', '1.3.1.13.03', 'Tanah Lapangan Penimbun Barang', NULL),
('1.3.1.20.01', 'Tanah Sarana Umum Taman  …..', '1.3.1.13.01', 'Tanah Lapangan Olah Raga', NULL),
('1.3.1.21.01', 'Tanah Sarana Umum Pusat Hiburan Rakyat  …..', '1.3.1.13.01', 'Tanah Lapangan Olah Raga', NULL),
('1.3.1.22.01', 'Tanah Sarana Umum Ibadah  …..', '1.3.1.13.13', 'Tanah Untuk Bangunan Tempat Ibadah', NULL),
('1.3.1.23.01', 'Tanah Sarana Stadion Olahraga…..', '1.3.1.13.12', 'Tanah Untuk Bangunan Gedung Olah Raga', NULL),
('1.3.1.24.01', 'Tanah Perumahan  …..', '1.3.1.11.01', 'Tanah Bangunan Perumahan/Gedung Tempat Tinggal', NULL),
('1.3.1.25.01', 'Tanah Pertanian  …..', '1.3.1.02.03', 'Tanah Ladang', NULL),
('1.3.1.26.01', 'Tanah Perkebunan  …..', '1.3.1.03.01', 'Tanah Perkebunan', NULL),
('1.3.1.27.01', 'Tanah Perikanan  …..', '1.3.1.06.02', 'Kolam Ikan Air Tawar', NULL),
('1.3.1.28.01', 'Tanah Petemakan  …..', '1.3.1.11.06', 'Tanah Peternakan', NULL),
('1.3.1.29.01', 'Tanah Perkampungan …..', '1.3.1.01.01', 'Tanah Kampung', NULL),
('1.3.1.30.01', 'Tanah Pergudangan/Tempat Penimbunan Material Bahan Baku  …..', '1.3.1.13.03', 'Tanah Lapangan Penimbun Barang', NULL),
('1.3.1.99.01', 'Tanah Untuk Penggunaan Lainnya', '1.3.1.11.05', 'Tanah Kosong', NULL),
('1.3.2.01.01', 'Traktor', '1.3.2.01.01', 'Alat-Alat Besar Darat Tractor', NULL),
('1.3.2.01.02', 'Buldozer', '1.3.2.04.04', 'Kendaraan Bermotor Khusus', 10),
('1.3.2.01.03', 'Stoom Wals', '1.3.2.04.04', 'Kendaraan Bermotor Khusus', 10),
('1.3.2.01.04', 'Eskavator', '1.3.2.01.03', 'Alat-Alat Besar Darat Excavator', 10),
('1.3.2.01.05', 'Dump truk', '1.3.2.04.04', 'Kendaraan Bermotor Khusus', 10),
('1.3.2.01.06', 'Crane', '1.3.2.04.04', 'Kendaraan Bermotor Khusus', 10),
('1.3.2.01.07', 'Kendaraan penyapu jaian', '1.3.2.04.04', 'Kendaraan Bermotor Khusus', 10),
('1.3.2.01.08', 'Mesin pengolah semen', '1.3.2.04.04', 'Kendaraan Bermotor Khusus', 10),
('1.3.2.01.09', 'Mesin pengolah air bersih (reservoir osmosis)', '1.3.2.04.04', 'Kendaraan Bermotor Khusus', 10),
('1.3.2.01.99', 'Alat - alat Berat Lainnya', '1.3.2.01.09', 'Alat-Alat Besar Darat Loader', 10),
('1.3.2.02.01', 'Alat-alat angkutan darat bermotor sedan', '1.3.2.04.02', 'Kendaraan Bermotor Penumpang', 10),
('1.3.2.02.02', 'Alat-alat angkutan darat bermotor jeep', '1.3.2.04.02', 'Kendaraan Bermotor Penumpang', 10),
('1.3.2.02.03', 'Alat-alat angkutan darat bermotor station wagon', '1.3.2.04.02', 'Kendaraan Bermotor Penumpang', 10),
('1.3.2.02.04', 'Alat-alat angkutan darat bermotor bus', '1.3.2.04.02', 'Kendaraan Bermotor Penumpang', 10),
('1.3.2.02.05', 'Alat-alat angkutan darat bermotor micro bus', '1.3.2.04.02', 'Kendaraan Bermotor Penumpang', 10),
('1.3.2.02.06', 'Alat-alat angkutan darat bermotor truck', '1.3.2.04.03', 'Kendaraan Bermotor Angkutan Barang', 10),
('1.3.2.02.07', 'Alat-alat angkutan darat bermotor tangki (air, minyak, tinja)', '1.3.2.04.03', 'Kendaraan Bermotor Angkutan Barang', 10),
('1.3.2.02.08', 'Alat-alat angkutan darat bermotor boks', '1.3.2.04.03', 'Kendaraan Bermotor Angkutan Barang', 10),
('1.3.2.02.09', 'Alat-alat angkutan dams bermotor pick up', '1.3.2.04.03', 'Kendaraan Bermotor Angkutan Barang', 10),
('1.3.2.02.10', 'Alat-alat angkutan darat bermotor ambulans', '1.3.2.04.04', 'Kendaraan Bermotor Khusus', 10),
('1.3.2.02.11', 'Alat-alat angkutan darat bermotor pemadam kebakaran', '1.3.2.04.04', 'Kendaraan Bermotor Khusus', 10),
('1.3.2.02.12', 'Alat-alat angkutan darat bermotor sepeda motor', '1.3.2.04.05', 'Kendaraan Bermotor Beroda Dua', 10),
('1.3.2.02.13', 'Alat-alat angkutan darat bermotor lift/elevator', '1.3.2.04.04', 'Kendaraan Bermotor Khusus', 10),
('1.3.2.02.14', 'Alat-alat angkutan darat bermotor tangga berjalan', '1.3.2.04.04', 'Kendaraan Bermotor Khusus', 10),
('1.3.2.02.99', 'Alat-alat angkutan darat bermotor lainnya', '1.3.2.04.04', 'Kendaraan Bermotor Khusus', 10),
('1.3.2.03.01', 'Gerobak', '1.3.2.05.02', 'Kendaraan Tak Bermotor Berpenumpang', 5),
('1.3.2.03.02', 'Pedati/delman/dokar/bendi/cidomo/andong', '1.3.2.05.02', 'Kendaraan Tak Bermotor Berpenumpang', 5),
('1.3.2.03.03', 'Becak', '1.3.2.05.02', 'Kendaraan Tak Bermotor Berpenumpang', 5),
('1.3.2.03.04', 'Sepeda', '1.3.2.05.02', 'Kendaraan Tak Bermotor Berpenumpang', 5),
('1.3.2.03.05', 'Karavan', '1.3.2.05.02', 'Kendaraan Tak Bermotor Berpenumpang', 5),
('1.3.2.03.99', 'Alat - alat Angkutan Darat Tidak Bermotor Lainnya', '1.3.2.07.02', 'Alat Angkut Apung Tak Bermotor Penumpang', 5),
('1.3.2.04.01', 'Kapal motor', '1.3.2.06.02', 'Alat Angkut Apung Bermotor Penumpang', 10),
('1.3.2.04.02', 'Kapal feri', '1.3.2.06.02', 'Alat Angkut Apung Bermotor Penumpang', 10),
('1.3.2.04.03', 'Speed boat', '1.3.2.06.02', 'Alat Angkut Apung Bermotor Penumpang', 10),
('1.3.2.04.04', 'Motor boat motor tempel', '1.3.2.06.02', 'Alat Angkut Apung Bermotor Penumpang', 10),
('1.3.2.04.05', 'Hydro foil', '1.3.2.06.02', 'Alat Angkut Apung Bermotor Penumpang', 10),
('1.3.2.04.06', 'Jet foil', '1.3.2.06.02', 'Alat Angkut Apung Bermotor Penumpang', 10),
('1.3.2.04.07', 'Kapal tug boat', '1.3.2.06.03', 'Alat Angkut Apung Bermotor Khusus', 10),
('1.3.2.04.08', 'Kapal tanker', '1.3.2.06.01', 'Alat Angkut Apung Bermotor Barang', 10),
('1.3.2.04.09', 'Kapal kargo', '1.3.2.06.01', 'Alat Angkut Apung Bermotor Barang', 10),
('1.3.2.04.99', 'Alat - alat Angkutan di Air Bermotor Lainnya', '1.3.2.06.02', 'Alat Angkut Apung Bermotor Penumpang', 10),
('1.3.2.05.01', 'Perahu lavar', '1.3.2.07.02', 'Alat Angkut Apung Tak Bermotor Penumpang', 5),
('1.3.2.05.02', 'Perahu sampan', '1.3.2.07.02', 'Alat Angkut Apung Tak Bermotor Penumpang', 5),
('1.3.2.05.03', 'Perahu Longkang', '1.3.2.07.01', 'Alat Angkut Apung Tak Bermotor Untuk Barang', 5),
('1.3.2.05.04', 'Perahu karet', '1.3.2.07.02', 'Alat Angkut Apung Tak Bermotor Penumpang', 5),
('1.3.2.05.05', 'Perahu rakit', '1.3.2.07.02', 'Alat Angkut Apung Tak Bermotor Penumpang', 5),
('1.3.2.05.06', 'Perahu sekoci', '1.3.2.07.02', 'Alat Angkut Apung Tak Bermotor Penumpang', 5),
('1.3.2.05.99', 'Alat - alat Angkutan di air Tidak Bermotor Lainnya', '1.3.2.07.02', 'Alat Angkut Apung Tak Bermotor Penumpang', 5),
('1.3.2.06.01', 'Pesawat kargo', '1.3.2.08.01', 'Kapal Terbang', 10),
('1.3.2.06.02', 'Pesawat penumpang', '1.3.2.08.01', 'Kapal Terbang', 10),
('1.3.2.06.03', 'Pesawat helikopter', '1.3.2.08.01', 'Kapal Terbang', 10),
('1.3.2.06.04', 'Pesawat pemadam kebakaran', '1.3.2.08.01', 'Kapal Terbang', 10),
('1.3.2.06.05', 'Pesawat capung', '1.3.2.08.01', 'Kapal Terbang', 10),
('1.3.2.06.06', 'Pesawat terbang ampibi', '1.3.2.08.01', 'Kapal Terbang', 10),
('1.3.2.06.07', 'Pesawat terbang layang', '1.3.2.08.01', 'Kapal Terbang', 10),
('1.3.2.06.99', 'Alat - alat Angkutan Udara Lainnya', '1.3.2.08.01', 'Kapal Terbang', 10),
('1.3.2.07.01', 'Mesin las', '1.3.2.09.08', 'Peralatan Las', 5),
('1.3.2.07.02', 'Mesin bubut', '1.3.2.09.07', 'Perkakas Bengkel Khusus', 5),
('1.3.2.07.03', 'Mesin dongkrak', '1.3.2.09.04', 'Perkakas Bengkel Service', 5),
('1.3.2.07.04', 'Mesin kompresor', '1.3.2.09.04', 'Perkakas Bengkel Service', 5),
('1.3.2.07.99', 'Alat - alat Bengkel Lainnya', '1.3.2.15.06', 'Alat Rumah Tangga Lainnya (Home Use)', 5),
('1.3.2.08.01', 'Penggiling hasil pertanian', '1.3.2.12.02', 'Alat Panen/Pengolahan', 5),
('1.3.2.08.02', 'Alat pengering gabah', '1.3.2.12.07', 'Alat Pasca Panen', 5),
('1.3.2.08.03', 'Mesin bajak', '1.3.2.12.01', 'Alat Pengolahan Tanah dan Tanaman', 5),
('1.3.2.08.04', 'Alat penetas', '1.3.2.12.03', 'Alat-Alat Peternakan', 5),
('1.3.2.08.99', 'Alat - alat Pengolahan Pertanian dan Peternakan Lainnya', '1.3.2.12.03', 'Alat-Alat Peternakan', 5),
('1.3.2.09.01', 'Mesin tik', '1.3.2.14.01', 'Mesin Tik', 5),
('1.3.2.09.02', 'Mesin hitung', '1.3.2.14.02', 'Mesin Hitung/Jumlah', 5),
('1.3.2.09.03', 'Mesin stensil', '1.3.2.14.05', 'Alat Kantor Lainnya', 5),
('1.3.2.09.04', 'Mesin fotocopy', '1.3.2.14.05', 'Alat Kantor Lainnya', 5),
('1.3.2.09.05', 'Mesin cetak', '1.3.2.14.05', 'Alat Kantor Lainnya', 5),
('1.3.2.09.06', 'Mesin jilid', '1.3.2.14.05', 'Alat Kantor Lainnya', 5),
('1.3.2.09.07', 'Mesin potong kertas', '1.3.2.14.05', 'Alat Kantor Lainnya', 5),
('1.3.2.09.08', 'Mesin penghancur kertas', '1.3.2.14.05', 'Alat Kantor Lainnya', 5),
('1.3.2.09.09', 'Papan tulis elektronik', '1.3.2.14.05', 'Alat Kantor Lainnya', 5),
('1.3.2.09.10', 'Papan visual elektronik', '1.3.2.14.05', 'Alat Kantor Lainnya', 5),
('1.3.2.09.11', 'Tabung pemadam kebakaran', '1.3.2.15.07', 'Alat Pemadam Kebakaran', 5),
('1.3.2.09.99', 'Peralatan Kantor Lainnya', '1.3.2.14.05', 'Alat Kantor Lainnya', 5),
('1.3.2.10.01', 'Meja gambar', '1.3.2.15.01', 'Meubelair', 5),
('1.3.2.10.02', 'Almari', '1.3.2.15.01', 'Meubelair', 5),
('1.3.2.10.03', 'Brankas', '1.3.2.14.05', 'Alat Kantor Lainnya', 5),
('1.3.2.10.04', 'Filling kabinet', '1.3.2.14.04', 'Alat Penyimpanan Perlengkapan Kantor', 5),
('1.3.2.10.05', 'White board', '1.3.2.14.05', 'Alat Kantor Lainnya', 5),
('1.3.2.10.06', 'Penunjuk waktu', '1.3.2.15.02', 'Alat Pengukur Waktu', 5),
('1.3.2.10.99', 'Perlengkapan Kantor Lainnya', '1.3.2.14.05', 'Alat Kantor Lainnya', 5),
('1.3.2.11.01', 'Komputer mainframe/server', '1.3.2.16.03', 'Peralatan Komputer Mainframe', 5),
('1.3.2.11.02', 'Komputer/PC', '1.3.2.16.02', 'Personal Komputer', 5),
('1.3.2.11.03', 'Komputer note book', '1.3.2.16.04', 'Peralatan Mini Komputer', 5),
('1.3.2.11.04', 'Printer', '1.3.2.16.05', 'Peralatan Personal Komputer', 5),
('1.3.2.11.05', 'Scaner', '1.3.2.16.05', 'Peralatan Personal Komputer', 5),
('1.3.2.11.06', 'Monitor/display', '1.3.2.16.05', 'Peralatan Personal Komputer', 5),
('1.3.2.11.07', 'CPU', '1.3.2.16.05', 'Peralatan Personal Komputer', 5),
('1.3.2.11.08', 'UPS/Stabilizer', '1.3.2.16.05', 'Peralatan Personal Komputer', 5),
('1.3.2.11.09', 'Kelengkapan komputer (flash disk, mouse, keyboard, hardisk, speaker)', '1.3.2.16.05', 'Peralatan Personal Komputer', 5),
('1.3.2.11.10', 'Peralatan jaringan komputer', '1.3.2.16.06', 'Peralatan Jaringan', 5),
('1.3.2.12.01', 'Meja kerja', '1.3.2.17.01', 'Meja Kerja Pejabat', 5),
('1.3.2.12.02', 'Meja rapat', '1.3.2.17.02', 'Meja Rapat Pejabat', 5),
('1.3.2.12.03', 'Meja makan', '1.3.2.15.01', 'Meubelair', 5),
('1.3.2.12.04', 'Kursi kerja', '1.3.2.17.03', 'Kursi Kerja Pejabat', 5),
('1.3.2.12.05', 'Kursi rapat', '1.3.2.17.04', 'Kursi Rapat Pejabat', 5),
('1.3.2.12.06', 'Kursi makan', '1.3.2.15.01', 'Meubelair', 5),
('1.3.2.12.07', 'Tempat tidur', '1.3.2.15.01', 'Meubelair', 5),
('1.3.2.12.08', 'Sofa', '1.3.2.15.01', 'Meubelair', 5),
('1.3.2.12.09', 'Rak buku/tv/kembang', '1.3.2.15.01', 'Meubelair', 5),
('1.3.2.12.99', 'Meubelair Lainnya', '1.3.2.15.01', 'Meubelair', 5),
('1.3.2.13.01', 'Tabung gas', '1.3.2.15.05', 'Alat Dapur', 5),
('1.3.2.13.02', 'Kompor gas', '1.3.2.15.05', 'Alat Dapur', 5),
('1.3.2.13.03', 'Lemari makan', '1.3.2.15.01', 'Meubelair', 5),
('1.3.2.13.04', 'Dispenser', '1.3.2.15.06', 'Alat Rumah Tangga Lainnya (Home Use)', 5),
('1.3.2.13.05', 'Kulkas', '1.3.2.15.04', 'Alat Pendingin', 5),
('1.3.2.13.06', 'Rak piring', '1.3.2.15.05', 'Alat Dapur', 5),
('1.3.2.13.07', 'Piring/gelas/mangkok/cangkir/sendok/garpu/pisau', '1.3.2.15.06', 'Alat Rumah Tangga Lainnya (Home Use)', 5),
('1.3.2.13.99', 'Peralatan Dapur Lainnya', '1.3.2.15.06', 'Alat Rumah Tangga Lainnya (Home Use)', 5),
('1.3.2.14.01', 'Lampu hias', '1.3.2.14.05', 'Alat Kantor Lainnya', 5),
('1.3.2.14.02', 'Jam dinding/meja', '1.3.2.14.05', 'Alat Kantor Lainnya', 5),
('1.3.2.15.01', 'Kamera', '1.3.2.18.01', 'Peralatan Studio Visual', 5),
('1.3.2.15.02', 'Handycam', '1.3.2.18.01', 'Peralatan Studio Visual', 5),
('1.3.2.15.03', 'Proyektor', '1.3.2.18.01', 'Peralatan Studio Visual', 5),
('1.3.2.15.99', 'Alat - alat Studio Lainnya', '1.3.2.18.01', 'Peralatan Studio Visual', 5),
('1.3.2.16.01', 'Telepon', '1.3.2.19.01', 'Alat Komunikasi Telephone', 5),
('1.3.2.16.02', 'Faximili', '1.3.2.19.06', 'Alat Komunikasi Sosial', 5),
('1.3.2.16.03', 'Radio ssb', '1.3.2.19.02', 'Alat Komunikasi Radio SSB', 5),
('1.3.2.16.04', 'Radio HF/FM (handy talkie)', '1.3.2.19.03', 'Alat Komunikasi Radio HF/FM', 5),
('1.3.2.16.05', 'Radio VHF', '1.3.2.19.04', 'Alat Komunikasi Radio VHF', 5),
('1.3.2.16.06', 'Radio UHF', '1.3.2.19.05', 'Alat Komunikasi Radio UHF', 5),
('1.3.2.16.07', 'Alat sandi', '1.3.2.19.07', 'Alat-alat Sandi', 5),
('1.3.2.16.99', 'Alat - alat Komunikasi Lainnya', '1.3.2.19.06', 'Alat Komunikasi Sosial', 5),
('1.3.2.17.01', 'Timbangan', '1.3.2.11.10', 'Alat Timbangan/Blora', 5),
('1.3.2.17.02', 'Teodolite', '1.3.2.11.09', 'Alat Ukur Lainnya', 5),
('1.3.2.17.03', 'Alat uji emisi', '1.3.2.11.09', 'Alat Ukur Lainnya', 5),
('1.3.2.17.04', 'Alat GPS', '1.3.2.11.09', 'Alat Ukur Lainnya', 5),
('1.3.2.17.05', 'Kompas/peralatan navigasi', '1.3.2.11.09', 'Alat Ukur Lainnya', 5),
('1.3.2.17.06', 'Bejana ukur', '1.3.2.11.09', 'Alat Ukur Lainnya', 5),
('1.3.2.17.07', 'Baromoter', '1.3.2.11.09', 'Alat Ukur Lainnya', 5),
('1.3.2.17.08', 'Seismograph', '1.3.2.11.09', 'Alat Ukur Lainnya', 5),
('1.3.2.17.09', 'Ultrasonograph', '1.3.2.11.09', 'Alat Ukur Lainnya', 5),
('1.3.2.17.99', 'Alat - alat Ukur Lainnya', '1.3.2.11.09', 'Alat Ukur Lainnya', 5),
('1.3.2.18.01', 'Alat-alat kedokteran umum', '1.3.2.21.01', 'Alat Kedokteran Umum', 5),
('1.3.2.18.02', 'Alat-alat kedokteran gigi', '1.3.2.21.02', 'Alat Kedokteran Gigi', 5),
('1.3.2.18.03', 'Alat alat kedokteran tht', '1.3.2.21.05', 'Alat Kedokteran T.H.T', 5),
('1.3.2.18.04', 'Alat-alat kedokteran mata', '1.3.2.21.04', 'Alat Kedokteran Mata', 5),
('1.3.2.18.05', 'Alat-alat kedokteran bedah', '1.3.2.21.08', 'Alat Kedokteran Bedah', 5),
('1.3.2.18.06', 'Alat-alat kedokteran anak', '1.3.2.21.12', 'Alat Kesehatan Anak', 5),
('1.3.2.18.07', 'Alat-alat kedokteran kebidanan dan penyakit kandungan', '1.3.2.21.09', 'Alat Kesehatan Kebidanan dan Penyakit Kandungan', 5),
('1.3.2.18.08', 'Alat-alat kedokteran kulit dan kelamin', '1.3.2.21.19', 'Alat Kedokteran Kulit dan Kelamin', 5),
('1.3.2.18.09', 'Alat-alat kedokteran kardiologi', '1.3.2.21.16', 'Alat Kedokteran Jantung', 5),
('1.3.2.18.10', 'Alat-alat kedokteran neurologi', '1.3.2.21.15', 'Alat Kedokteran Neurologi (syaraf)', 5),
('1.3.2.18.11', 'Alat-alat kedokteran orthopedi', '1.3.2.21.14', 'Alat Kedokteran Penderita Cacat Tubuh', 5),
('1.3.2.18.12', 'Alat-alat kedokteran hewan', '1.3.2.21.22', 'Alat Kedokteran Hewan', 5),
('1.3.2.18.13', 'Alat-alat farmasi', '1.3.2.21.07', 'Alat Farmasi', 5),
('1.3.2.18.14', 'Alat-alat penyakit dalam/internis', '1.3.2.21.10', 'Alat Kedokteran Bagian penyakit Dalam', 5),
('1.3.2.18.99', 'Alat-alat Kedokteran Lainnya', '1.3.2.21.01', 'Alat Kedokteran Umum', 5),
('1.3.2.19.01', 'Alat-alat laboratorium biologi', '1.3.2.23.55', 'Alat Laboratorium Biologi', 5),
('1.3.2.19.02', 'Alat-alat laboratorium fisika/geologi/geodesi', '1.3.2.23.25', 'Alat Laboratorium Fisika', 5),
('1.3.2.19.03', 'Alat-alat laboratorium kimia', '1.3.2.23.16', 'Alat Laboratorium Kimia', 5),
('1.3.2.19.04', 'Alat-alat laboratorium pertanian', '1.3.2.23.46', 'Alat Laboratorium Pertanian', 5),
('1.3.2.19.05', 'Alat-alat laboratorium peternakan', '1.3.2.23.63', 'Alat Laboratorium Lainnya', 5),
('1.3.2.19.06', 'Alat-alat laboratorium perkebunan', '1.3.2.23.63', 'Alat Laboratorium Lainnya', 5),
('1.3.2.19.07', 'Alat-alat laboratorium perikanan', '1.3.2.23.63', 'Alat Laboratorium Lainnya', 5),
('1.3.2.19.08', 'Alat-alat laboratorium bahasa', '1.3.2.23.12', 'Alat Laboratorium Umum', 5),
('1.3.2.19.09', 'Alat-alat peraga / praktik sekolah', '1.3.2.24.13', 'Alat Peraga/Praktek Sekolah Bidang Pendidikan/Ketrampilan Lain-lain', 5),
('1.3.2.19.99', 'Alat - alat Laboratorium Lainnya', '1.3.2.23.63', 'Alat Laboratorium Lainnya', 5),
('1.3.2.20.01', 'Senjata api', '1.3.2.31.05', 'Senjata Api Mortir', 10),
('1.3.2.20.02', 'Mobil water canon', '1.3.2.32.01', 'Alat Keamanan', 10),
('1.3.2.20.03', 'Borgol', '1.3.2.35.01', 'Alat Bantu Kemanan', 5),
('1.3.2.20.04', 'Sangkur bayonet', '1.3.2.32.02', 'Non Senjata Api', 5),
('1.3.2.20.05', 'Perisai tameng', '1.3.2.35.02', 'Alat Perlindungan', 5),
('1.3.2.20.06', 'Detektor logam', '1.3.2.35.01', 'Alat Bantu Kemanan', 5),
('1.3.2.20.07', 'Rompi anti peluru', '1.3.2.35.02', 'Alat Perlindungan', 5),
('1.3.2.20.08', 'Pentungan', '1.3.2.32.02', 'Non Senjata Api', 5),
('1.3.2.20.09', 'Helm', '1.3.2.35.02', 'Alat Perlindungan', 5),
('1.3.2.20.10', 'Alarm/sirene', '1.3.2.15.06', 'Alat Rumah Tangga Lainnya (Home Use)', 5),
('1.3.2.20.11', 'Sentolop/senter', '1.3.2.15.06', 'Alat Rumah Tangga Lainnya (Home Use)', 5),
('1.3.2.20.99', 'Alat - alat Persenjataan /Keamanan Lainnya', '1.3.2.32.01', 'Alat Keamanan', 5),
('1.3.3.01.01', 'Gedung kantor', '1.3.3.01.01', 'Bangunan Gedung Kantor', 50),
('1.3.3.02.01', 'Gedung rumah jabatan', '1.3.3.02.01', 'Rumah Negara Golongan I', 50),
('1.3.3.03.01', 'Gedung rumah dinas', '1.3.3.02.02', 'Rumah Negara Golongan II', 50),
('1.3.3.04.01', 'Gedung gudang', '1.3.3.01.02', 'Bangunan Gudang', 50),
('1.3.3.05.01', 'Bangunan bersejarah', '1.3.3.07.01', 'Bangunan Bersejarah Lainnya', 50),
('1.3.3.06.01', 'Bangunan monumen', '1.3.3.08.01', 'Tugu Peringatan', 40),
('1.3.3.06.99', 'Bangunan Monumen Lainnya', '1.3.3.08.01', 'Tugu Peringatan', 40),
('1.3.3.07.01', 'Tugu peringatan', '1.3.3.05.03', 'Tugu Peringatan Lainnya', 40),
('1.3.3.99.01', 'Gedung dan Bangunan Lainnya', '1.3.3.01.01', 'Bangunan Gedung Kantor', 50),
('1.3.4.01.01', 'Jalan', '1.3.4.01.03', 'Jalan Kabupaten/Kota', 10),
('1.3.4.01.02', 'Jalan fly over', '1.3.4.01.05', 'Jalan Khusus', 10),
('1.3.4.01.03', 'Jalan under pass', '1.3.4.01.05', 'Jalan Khusus', 10),
('1.3.4.02.01', 'Jembatan gantung', '1.3.4.02.05', 'Jembatan Khusus', 20),
('1.3.4.02.02', 'Jembatan ponton', '1.3.4.02.05', 'Jembatan Khusus', 20),
('1.3.4.02.03', 'Jembatan penyebrangan orang', '1.3.4.02.09', 'Jembatan Penyeberangan', 20),
('1.3.4.02.04', 'Jembatan penyebrangan diatas air', '1.3.4.02.09', 'Jembatan Penyeberangan', 20),
('1.3.4.02.99', 'Jembatan Lainnya', '1.3.4.02.03', 'Jembatan Kabupaten/Kota', 20),
('1.3.4.03.01', 'Jaringan irigasi/waduk/bendungan', '1.3.4.03.01', 'Bangunan Waduk Irigasi', 20),
('1.3.4.03.02', 'Jaringan air bersih/air minum', '1.3.4.08.01', 'Bangunan Waduk Air Bersih/Air Baku', 20),
('1.3.4.03.03', 'Reservoir', '1.3.4.03.01', 'Bangunan Waduk Irigasi', 20),
('1.3.4.03.04', 'Pintu air', '1.3.4.03.01', 'Bangunan Waduk Irigasi', 25),
('1.3.4.03.99', 'Bangunan Air Lainnya', '1.3.4.03.01', 'Bangunan Waduk Irigasi', 25),
('1.3.4.04.01', 'Lampu hias jalan', '1.3.3.01.27', 'Bangunan Gedung Tempat Kerja Lainnya', 5),
('1.3.4.04.02', 'Lampu hias taman', '1.3.3.01.27', 'Bangunan Gedung Tempat Kerja Lainnya', 5),
('1.3.4.04.03', 'Lampu penerang hutan kota', '1.3.3.01.27', 'Bangunan Gedung Tempat Kerja Lainnya', 5),
('1.3.4.05.01', 'Instalasi listrik', '1.3.4.16.03', 'Instalasi Pusat Pengatur Listrik', 25),
('1.3.4.05.02', 'Jaringan telepon', '1.3.4.22.01', 'Jaringan Telepon Di atas Tanah', 20),
('1.3.4.99.01', 'Instalasi Air', '1.3.4.11.05', 'Instalasi Air Bersih/Air Baku Lainnya', 25),
('1.3.4.99.02', 'Instalasi Gas', '1.3.4.18.02', 'Instalasi Jaringan Pipa Gas', 25),
('1.3.4.99.03', 'Instalasi Lainnya', '1.3.4.11.05', 'Instalasi Air Bersih/Air Baku Lainnya', 25),
('1.3.5.01.01', 'Buku matematika', '1.3.5.01.06', 'Buku Matematika & Pengetahuan alam', 5),
('1.3.5.01.02', 'Buku fisika', '1.3.5.01.06', 'Buku Matematika & Pengetahuan alam', 5),
('1.3.5.01.03', 'Buku kimia', '1.3.5.01.06', 'Buku Matematika & Pengetahuan alam', 5),
('1.3.5.01.04', 'Buku biologi', '1.3.5.01.06', 'Buku Matematika & Pengetahuan alam', 5),
('1.3.5.01.05', 'Buku biografi', '1.3.5.01.09', 'Buku Geografi, Biografi, Sejarah', 5),
('1.3.5.01.06', 'Buku geograf', '1.3.5.01.09', 'Buku Geografi, Biografi, Sejarah', 5),
('1.3.5.01.07', 'Buku astronomi', '1.3.5.01.06', 'Buku Matematika & Pengetahuan alam', 5),
('1.3.5.01.08', 'Buku arkeologi', '1.3.5.01.09', 'Buku Geografi, Biografi, Sejarah', 5),
('1.3.5.01.09', 'Buku bahasa dan sastra', '1.3.5.01.05', 'Buku Ilmu Bahasa', 5),
('1.3.5.01.10', 'Buku keagamaan', '1.3.5.01.03', 'Buku Agama', 5),
('1.3.5.01.11', 'Buku sejarah', '1.3.5.01.09', 'Buku Geografi, Biografi, Sejarah', 5),
('1.3.5.01.12', 'Buku seni dan budaya', '1.3.5.01.14', 'Barang-Barang Perpustakaan Musik', 5),
('1.3.5.01.13', 'Buku ilmu pengetahuan umum', '1.3.5.01.01', 'Buku Umum', 5),
('1.3.5.01.14', 'Buku ilmu pengetahuan sosial', '1.3.5.01.01', 'Buku Umum', 5),
('1.3.5.01.15', 'Buku ilmu politik dan ketatanegaraan', '1.3.5.01.01', 'Buku Umum', 5),
('1.3.5.01.16', 'Buku ilmu pengetahuan dan teknologi', '1.3.5.01.01', 'Buku Umum', 5),
('1.3.5.01.17', 'Buku ensiklopedia', '1.3.5.01.01', 'Buku Umum', 5),
('1.3.5.01.18', 'Buku kamus bahasa', '1.3.5.01.01', 'Buku Umum', 5),
('1.3.5.01.19', 'Buku ekonomi dan keuangan', '1.3.5.01.01', 'Buku Umum', 5),
('1.3.5.01.20', 'Buku industri dan perdagangan', '1.3.5.01.01', 'Buku Umum', 5),
('1.3.5.01.21', 'Buku peraturan perundang-undangan', '1.3.5.01.01', 'Buku Umum', 5),
('1.3.5.01.22', 'Buku naskah', '1.3.5.01.01', 'Buku Umum', 5),
('1.3.5.01.23', 'Buku naskah', '1.3.5.01.01', 'Buku Umum', 5),
('1.3.5.01.24', 'Mikrofilm', '1.3.5.01.17', 'Barang-Barang Perpustakaan Bentuk Micro (Microform)', 5),
('1.3.5.01.25', 'Peta/atlas/globe', '1.3.5.01.12', 'Barang-Barang Perpustakaan Peta', 5),
('1.3.5.01.99', 'Buku dan Kepustakaan Lainnya', '1.3.5.01.01', 'Buku Umum', 5),
('1.3.5.02.01', 'Lukisan/foto', '1.3.5.02.06', 'Barang Bercorak Kebudayaan-Maket dan Foto Dokumen', 5),
('1.3.5.02.02', 'Patung', '1.3.5.02.01', 'Barang Bercorak Kebudayaan-Pahatan', 5),
('1.3.5.02.03', 'Ukiran', '1.3.5.02.01', 'Barang Bercorak Kebudayaan-Pahatan', 5),
('1.3.5.02.04', 'Pahatan', '1.3.5.02.01', 'Barang Bercorak Kebudayaan-Pahatan', 5),
('1.3.5.02.05', 'Batu alam', '1.3.5.02.01', 'Barang Bercorak Kebudayaan-Pahatan', 5),
('1.3.5.02.06', 'Maket/miniatur/diorama', '1.3.5.02.06', 'Barang Bercorak Kebudayaan-Maket dan Foto Dokumen', 5),
('1.3.5.02.99', 'Barang Bercorak Kesenian, Kebudayaan, dan Olah Raga Lainnya', '1.3.5.02.08', 'Barang Bercorak Kebudayaan-Barang Kerajinan', 5),
('1.3.5.03.01', 'Hewan kebun binatang', '1.3.5.03.05', 'Hewan Kebun Binatang', 5),
('1.3.5.03.02', 'Ternak', '1.3.5.03.01', 'Binatang Ternak', 5),
('1.3.5.03.03', 'Tanaman', '1.3.5.07.04', 'Tanaman Hias', 5),
('1.3.5.03.99', 'Hewan Pengaman', '1.3.5.03.06', 'Hewan Pengamanan', 5),
('1.3.6.01.01', 'Konstruksi Dalam Pengerjaan', NULL, NULL, NULL),
('1.3.1.01.01', 'Tanah Kantor', '1.3.1.11.04', 'Tanah Untuk Bangunan Tempat Kerja/Jasa', NULL);

-- --------------------------------------------------------

--
-- Struktur dari tabel `masa_manfaat`
--

CREATE TABLE `masa_manfaat` (
  `kelompok` varchar(6) NOT NULL,
  `nama_kelompok` varchar(50) DEFAULT NULL,
  `mm` int(11) DEFAULT NULL
) ENGINE=InnoDB DEFAULT CHARSET=utf8;

--
-- Dumping data untuk tabel `masa_manfaat`
--

INSERT INTO `masa_manfaat` (`kelompok`, `nama_kelompok`, `mm`) VALUES
('020201', 'Alat-alat Besar Darat', 10),
('020202', 'Alat-alat Besar Apung', 10),
('020203', 'Alat Bantu', 10),
('020301', 'Alat Angkutan Darat Bermotor', 10),
('020302', 'Alat Angkutan Darat Tak Bermotor', 5),
('020303', 'Alat Angkut Apung Bermotor', 10),
('020304', 'Alat Angkut Apung Tak Bermotor', 5),
('020305', 'Alat Angkut Bermotor Udara', 10),
('020401', 'Alat Bengkel Bermesin', 10),
('020402', 'Alat Bengkel Tak Bermesin', 5),
('020403', 'Alat Ukur', 5),
('020501', 'Alat Pengolahan', 5),
('020502', 'Alat Pemeliharaan Tanaman/Panen Penyimpanan', 5),
('020601', 'Alat Kantor', 5),
('020602', 'Alat Rumah Tangga', 5),
('020603', 'Komputer', 5),
('020604', 'Meja dan Kursi Kerja/Rapat Pejabat', 5),
('020701', 'Alat Studio', 5),
('020702', 'Alat Telekomunikasi', 5),
('020703', 'Peralatan Pemancar', 10),
('020801', 'Alat Kedokteran', 5),
('020802', 'Alat Kesehatan', 5),
('020901', 'Unit Alat Laboratorium', 5),
('020902', 'Alat Peraga/Praktek Sekolah', 10),
('020903', 'Unit Alat Laboratorium Kimia Nuklir', 10),
('020904', 'Alat Laboratorium Fisika Nuklir / Elektronika', 10),
('020905', 'Alat Proteksi Radiasi / Proteksi Lingkungan', 10),
('020906', 'Radiation Application And Non Destructive Testing', 10),
('020907', 'Alat Laboratorium Lingkungan Hidup', 10),
('020908', 'Peralatan Laboratorium Hydrodinamica', 10),
('021001', 'Senjata Api', 10),
('021002', 'Persenjataan Non Senjata Api', 5),
('021003', 'Amunisi', 5),
('021004', 'Senjata Sinar', 5),
('031101', 'Bangunan Gedung Tempat kerja', 50),
('031102', 'Bangunan Gedung Tempat Tinggal', 50),
('031103', 'Bangunan Menara', 40),
('031201', 'Bangunan Bersejarah', 50),
('031202', 'Tugu Peringatan/prasasti', 40),
('031203', 'Candi', 50),
('031204', 'Monumen/Bangunan Bersejarah', 40),
('031205', 'Tugu Peringatan', 40),
('031206', 'Tugu Titik kontrol/Pasti', 40),
('031207', 'Rambu-rambu', 5),
('031208', 'Rambu-rambu Lalulintas Udara', 5),
('041301', 'Jalan', 10),
('041302', 'Jembatan', 20),
('041401', 'Bangunan Air Irigasi', 25),
('041402', 'Bangunan Air Pasang Surut', 25),
('041403', 'Bangunan Air Pengembangan Rawa Dan Polder', 25),
('041404', 'Bangunan Pengaman Sungai Dan Penanggulangan Bencan', 25),
('041405', 'Bangunan Pengembangan Sumber Air Dan Air Tanah', 25),
('041406', 'Bangunan Air Bersih/Baku', 25),
('041407', 'Bangunan Air Kotor', 25),
('041408', 'Bangunan Air', 25),
('041501', 'Instalasi Air Minum/Bersih', 25),
('041502', 'Instalasi air kotor', 25),
('041503', 'Instalasi Pengolahan Sampah', 25),
('041504', 'Instalasi Pengolahan Bahan Bangunan', 25),
('041505', 'Instalasi Pembangkit Listrik', 25),
('041506', 'Instalasi Gardu Listrik', 25),
('041507', 'Instalasi Pertahanan', 25),
('041508', 'Instalasi Gas', 25),
('041509', 'Instalasi Pengaman', 25),
('041601', 'Jaringan Air Minum', 20),
('041602', 'Jaringan Listrik', 20),
('041603', 'Jaringan Telepon', 20),
('041604', 'Jaringan Gas', 20);

-- --------------------------------------------------------

--
-- Struktur dari tabel `masa_manfaat_tambahan`
--

CREATE TABLE `masa_manfaat_tambahan` (
  `idmmt` int(11) DEFAULT NULL,
  `namakelompok` varchar(50) DEFAULT NULL,
  `kelompok` varchar(6) DEFAULT NULL,
  `presentasemmt` varchar(14) DEFAULT NULL,
  `mmt` int(11) DEFAULT NULL
) ENGINE=InnoDB DEFAULT CHARSET=utf8;

--
-- Dumping data untuk tabel `masa_manfaat_tambahan`
--

INSERT INTO `masa_manfaat_tambahan` (`idmmt`, `namakelompok`, `kelompok`, `presentasemmt`, `mmt`) VALUES
(0, 'Bangunan Gedung Tempat Kerja', '031101', '>0% s.d. 30%', 5),
(1, 'Bangunan Gedung Tempat Kerja', '031101', '>30% s.d. 45%', 10),
(2, 'Bangunan Gedung Tempat Kerja', '031101', '>45% s.d. 65%', 15),
(3, 'Bangunan Gedung Tempat Kerja', '031101', '>65%', 20),
(4, 'Bangunan Gedung Tempat Tinggal', '031102', '>0% s.d. 30%', 5),
(5, 'Bangunan Gedung Tempat Tinggal', '031102', '>30% s.d. 45%', 10),
(6, 'Bangunan Gedung Tempat Tinggal', '031102', '>45% s.d. 65%', 15),
(7, 'Bangunan Gedung Tempat Tinggal', '031102', '>65%', 20),
(8, 'Bangunan Menara', '031103', '>0% s.d. 30%', 5),
(9, 'Bangunan Menara', '031103', '>30% s.d. 45%', 10),
(10, 'Bangunan Menara', '031103', '>45% s.d. 65%', 15),
(11, 'Bangunan Menara', '031103', '>65%', 20),
(12, 'Bangunan Bersejarah', '031201', '>0% s.d. 30%', 5),
(13, 'Bangunan Bersejarah', '031201', '>30% s.d. 45%', 10),
(14, 'Bangunan Bersejarah', '031201', '>45% s.d. 65%', 15),
(15, 'Bangunan Bersejarah', '031201', '>65%', 20),
(16, 'Tugu Peringatan/Prasasti', '031202', '>0% s.d. 30%', 5),
(17, 'Tugu Peringatan/Prasasti', '031202', '>30% s.d. 45%', 10),
(18, 'Tugu Peringatan/Prasasti', '031202', '>45% s.d. 65%', 15),
(19, 'Tugu Peringatan/Prasasti', '031202', '>65%', 20),
(20, 'Candi', '031203', '>0% s.d. 30%', 5),
(21, 'Candi', '031203', '>30% s.d. 45%', 10),
(22, 'Candi', '031203', '>45% s.d. 65%', 15),
(23, 'Candi', '031203', '>65%', 20),
(24, 'Monumen/Bangunan Bersejarah', '031204', '>0% s.d. 30%', 5),
(25, 'Monumen/Bangunan Bersejarah', '031204', '>30% s.d. 45%', 10),
(26, 'Monumen/Bangunan Bersejarah', '031204', '>45% s.d. 65%', 15),
(27, 'Monumen/Bangunan Bersejarah', '031204', '>65%', 20),
(28, 'Tugu Peringatan', '031205', '>0% s.d. 30%', 5),
(29, 'Tugu Peringatan', '031205', '>30% s.d. 45%', 10),
(30, 'Tugu Peringatan', '031205', '>45% s.d. 65%', 15),
(31, 'Tugu Peringatan', '031205', '>65%', 20),
(32, 'Tugu Titik Kontrol/Pasti', '031206', '>0% s.d. 30%', 5),
(33, 'Tugu Titik Kontrol/Pasti', '031206', '>30% s.d. 45%', 10),
(34, 'Tugu Titik Kontrol/Pasti', '031206', '>45% s.d. 65%', 15),
(35, 'Tugu Titik Kontrol/Pasti', '031206', '>65%', 20),
(36, 'Rambu-rambu', '031207', '>0% s.d. 30%', 5),
(37, 'Rambu-rambu', '031207', '>30% s.d. 45%', 10),
(38, 'Rambu-rambu', '031207', '>45% s.d. 65%', 15),
(39, 'Rambu-rambu', '031207', '>65%', 20),
(40, 'Rambu-rambu Lalulintas Udara', '031208', '>0% s.d. 30%', 5),
(41, 'Rambu-rambu Lalulintas Udara', '031208', '>30% s.d. 45%', 10),
(42, 'Rambu-rambu Lalulintas Udara', '031208', '>45% s.d. 65%', 15),
(43, 'Rambu-rambu Lalulintas Udara', '031208', '>65%', 20),
(44, 'Jalan', '041301', '>0% s.d. 25%', 1),
(45, 'Jalan', '041301', '>25% s.d. 50%', 2),
(46, 'Jalan', '041301', '>50% s.d. 100%', 3),
(47, 'Jalan', '041301', '>100%', 4),
(48, 'Jembatan', '041302', '>0% s.d. 30%', 2),
(49, 'Jembatan', '041302', '>30% s.d. 60%', 5),
(50, 'Jembatan', '041302', '>60% s.d. 100%', 10),
(51, 'Jembatan', '041302', '>100%', 15),
(52, 'Bangunan Air Irigasi', '041401', '>0% s.d. 5%', 2),
(53, 'Bangunan Air Irigasi', '041401', '>5% s.d. 10%', 5),
(54, 'Bangunan Air Irigasi', '041401', '>10% s.d. 20%', 10),
(55, 'Bangunan Air Irigasi', '041401', '>20%', 15),
(56, 'Bangunan Air Pasang Surut', '041402', '>0% s.d. 30%', 5),
(57, 'Bangunan Air Pasang Surut', '041402', '>30% s.d. 45%', 10),
(58, 'Bangunan Air Pasang Surut', '041402', '>45% s.d. 65%', 15),
(59, 'Bangunan Air Pasang Surut', '041402', '>65%', 20),
(60, 'Bangunan Air Pengembangan Rawa Dan Polder', '041403', '>0% s.d. 30%', 5),
(61, 'Bangunan Air Pengembangan Rawa Dan Polder', '041403', '>30% s.d. 45%', 10),
(62, 'Bangunan Air Pengembangan Rawa Dan Polder', '041403', '>45% s.d. 65%', 15),
(63, 'Bangunan Air Pengembangan Rawa Dan Polder', '041403', '>65%', 20),
(64, 'Bangunan Pengaman Sungai Dan Penanggulangan Bencan', '041404', '>0% s.d. 30%', 5),
(65, 'Bangunan Pengaman Sungai Dan Penanggulangan Bencan', '041404', '>30% s.d. 45%', 10),
(66, 'Bangunan Pengaman Sungai Dan Penanggulangan Bencan', '041404', '>45% s.d. 65%', 15),
(67, 'Bangunan Pengaman Sungai Dan Penanggulangan Bencan', '041404', '>65%', 20),
(68, 'Bangunan Pengembangan Sumber Air Dan Air Tanah', '041405', '>0% s.d. 30%', 5),
(69, 'Bangunan Pengembangan Sumber Air Dan Air Tanah', '041405', '>30% s.d. 45%', 10),
(70, 'Bangunan Pengembangan Sumber Air Dan Air Tanah', '041405', '>45% s.d. 65%', 15),
(71, 'Bangunan Pengembangan Sumber Air Dan Air Tanah', '041405', '>65%', 20),
(72, 'Bangunan Air Bersih/Baku', '041406', '>0% s.d. 30%', 5),
(73, 'Bangunan Air Bersih/Baku', '041406', '>30% s.d. 45%', 10),
(74, 'Bangunan Air Bersih/Baku', '041406', '>45% s.d. 65%', 15),
(75, 'Bangunan Air Bersih/Baku', '041406', '>65%', 20),
(76, 'Bangunan Air Kotor', '041407', '>0% s.d. 30%', 5),
(77, 'Bangunan Air Kotor', '041407', '>30% s.d. 45%', 10),
(78, 'Bangunan Air Kotor', '041407', '>45% s.d. 65%', 15),
(79, 'Bangunan Air Kotor', '041407', '>65%', 20),
(80, 'Bangunan Air', '041408', '>0% s.d. 30%', 5),
(81, 'Bangunan Air', '041408', '>30% s.d. 45%', 10),
(82, 'Bangunan Air', '041408', '>45% s.d. 65%', 15),
(83, 'Bangunan Air', '041408', '>65%', 20),
(84, 'Instalasi Air Minum/Bersih', '041501', '>0% s.d. 30%', 5),
(85, 'Instalasi Air Minum/Bersih', '041501', '>30% s.d. 45%', 10),
(86, 'Instalasi Air Minum/Bersih', '041501', '>45% s.d. 65%', 15),
(87, 'Instalasi Air Minum/Bersih', '041501', '>65%', 20),
(88, 'Instalasi air kotor', '041502', '>0% s.d. 30%', 2),
(89, 'Instalasi air kotor', '041502', '>30% s.d. 45%', 7),
(90, 'Instalasi air kotor', '041502', '>45% s.d. 65%', 10),
(91, 'Instalasi air kotor', '041502', '>65%', 15),
(92, 'Instalasi Pengolahan Sampah', '041503', '>0% s.d. 30%', 2),
(93, 'Instalasi Pengolahan Sampah', '041503', '>30% s.d. 45%', 7),
(94, 'Instalasi Pengolahan Sampah', '041503', '>45% s.d. 65%', 10),
(95, 'Instalasi Pengolahan Sampah', '041503', '>65%', 15),
(96, 'Instalasi Pengolahan Bahan Bangunan', '041504', '>0% s.d. 30%', 2),
(97, 'Instalasi Pengolahan Bahan Bangunan', '041504', '>30% s.d. 45%', 7),
(98, 'Instalasi Pengolahan Bahan Bangunan', '041504', '>45% s.d. 65%', 10),
(99, 'Instalasi Pengolahan Bahan Bangunan', '041504', '>65%', 15),
(100, 'Instalasi Pembangkit Listrik', '041505', '>0% s.d. 30%', 2),
(101, 'Instalasi Pembangkit Listrik', '041505', '>30% s.d. 45%', 7),
(102, 'Instalasi Pembangkit Listrik', '041505', '>45% s.d. 65%', 10),
(103, 'Instalasi Pembangkit Listrik', '041505', '>65%', 15),
(104, 'Instalasi Gardu Listrik', '041506', '>0% s.d. 30%', 2),
(105, 'Instalasi Gardu Listrik', '041506', '>30% s.d. 45%', 7),
(106, 'Instalasi Gardu Listrik', '041506', '>45% s.d. 65%', 10),
(107, 'Instalasi Gardu Listrik', '041506', '>65%', 15),
(108, 'Instalasi Pertahanan', '041507', '>0% s.d. 30%', 2),
(109, 'Instalasi Pertahanan', '041507', '>30% s.d. 45%', 7),
(110, 'Instalasi Pertahanan', '041507', '>45% s.d. 65%', 10),
(111, 'Instalasi Pertahanan', '041507', '>65%', 15),
(112, 'Instalasi Gas', '041508', '>0% s.d. 30%', 2),
(113, 'Instalasi Gas', '041508', '>30% s.d. 45%', 7),
(114, 'Instalasi Gas', '041508', '>45% s.d. 65%', 10),
(115, 'Instalasi Gas', '041508', '>65%', 15),
(116, 'Instalasi Pengaman', '041509', '>0% s.d. 30%', 2),
(117, 'Instalasi Pengaman', '041509', '>30% s.d. 45%', 7),
(118, 'Instalasi Pengaman', '041509', '>45% s.d. 65%', 10),
(119, 'Instalasi Pengaman', '041509', '>65%', 15),
(120, 'Jaringan Air Minum', '041601', '>0% s.d. 30%', 2),
(121, 'Jaringan Air Minum', '041601', '>30% s.d. 45%', 7),
(122, 'Jaringan Air Minum', '041601', '>45% s.d. 65%', 10),
(123, 'Jaringan Air Minum', '041601', '>65%', 15),
(124, 'Jaringan Listrik', '041602', '>0% s.d. 30%', 2),
(125, 'Jaringan Listrik', '041602', '>30% s.d. 45%', 7),
(126, 'Jaringan Listrik', '041602', '>45% s.d. 65%', 10),
(127, 'Jaringan Listrik', '041602', '>65%', 15),
(128, 'Jaringan Telepon', '041603', '>0% s.d. 30%', 2),
(129, 'Jaringan Telepon', '041603', '>30% s.d. 45%', 7),
(130, 'Jaringan Telepon', '041603', '>45% s.d. 65%', 10),
(131, 'Jaringan Telepon', '041603', '>65%', 15),
(132, 'Jaringan Gas', '041604', '>0% s.d. 30%', 2),
(133, 'Jaringan Gas', '041604', '>30% s.d. 45%', 7),
(134, 'Jaringan Gas', '041604', '>45% s.d. 65%', 10),
(135, 'Jaringan Gas', '041604', '>65%', 15);

-- --------------------------------------------------------

--
-- Struktur dari tabel `media`
--

CREATE TABLE `media` (
  `mdid` varchar(32) NOT NULL,
  `created` datetime DEFAULT NULL,
  `createdby` varchar(50) DEFAULT NULL,
  `modified` datetime DEFAULT NULL,
  `modifiedby` varchar(50) DEFAULT NULL,
  `deleted` datetime DEFAULT NULL,
  `deletedby` varchar(50) DEFAULT NULL,
  `mdnama` varchar(255) DEFAULT NULL,
  `mdpath` varchar(255) DEFAULT NULL,
  `mdsize` bigint(20) DEFAULT NULL,
  `mdext` varchar(5) DEFAULT NULL,
  `mdjudul` varchar(200) DEFAULT NULL,
  `mddeskripsi` text
) ENGINE=InnoDB DEFAULT CHARSET=utf8;

-- --------------------------------------------------------

--
-- Struktur dari tabel `mediakategori`
--

CREATE TABLE `mediakategori` (
  `mdktid` int(11) NOT NULL,
  `mpktid` int(11) DEFAULT NULL,
  `mdktnama` varchar(32) DEFAULT NULL
) ENGINE=InnoDB DEFAULT CHARSET=utf8;

-- --------------------------------------------------------

--
-- Struktur dari tabel `mediapool`
--

CREATE TABLE `mediapool` (
  `mpid` int(11) NOT NULL,
  `mpktid` int(11) DEFAULT NULL,
  `mpno` varchar(32) DEFAULT NULL,
  `skpdid` varchar(32) DEFAULT NULL,
  `mpnewfile` tinyint(1) DEFAULT NULL,
  `mpnewestmedia` varchar(32) DEFAULT NULL
) ENGINE=InnoDB DEFAULT CHARSET=utf8;

-- --------------------------------------------------------

--
-- Struktur dari tabel `mediapoolkategori`
--

CREATE TABLE `mediapoolkategori` (
  `mpktid` int(11) NOT NULL,
  `mpktname` varchar(32) DEFAULT NULL
) ENGINE=InnoDB DEFAULT CHARSET=utf8;

-- --------------------------------------------------------

--
-- Struktur dari tabel `mediapool_komentar`
--

CREATE TABLE `mediapool_komentar` (
  `mpid` int(11) NOT NULL,
  `kid` int(11) NOT NULL
) ENGINE=InnoDB DEFAULT CHARSET=utf8;

-- --------------------------------------------------------

--
-- Struktur dari tabel `mediapool_media`
--

CREATE TABLE `mediapool_media` (
  `mpid` int(11) NOT NULL,
  `mdid` varchar(32) NOT NULL
) ENGINE=InnoDB DEFAULT CHARSET=utf8;

-- --------------------------------------------------------

--
-- Struktur dari tabel `media_mediakategori`
--

CREATE TABLE `media_mediakategori` (
  `mdktid` int(11) NOT NULL,
  `mdid` varchar(32) NOT NULL
) ENGINE=InnoDB DEFAULT CHARSET=utf8;

-- --------------------------------------------------------

--
-- Struktur dari tabel `mst_kegiatan`
--

CREATE TABLE `mst_kegiatan` (
  `kode` varchar(50) NOT NULL,
  `kegiatan` varchar(200) NOT NULL,
  `jb_pegawai` decimal(16,2) NOT NULL DEFAULT '0.00',
  `jb_brgjasa` decimal(16,2) NOT NULL DEFAULT '0.00',
  `jb_modal` decimal(16,2) NOT NULL DEFAULT '0.00',
  `jb_jumlah` decimal(16,2) NOT NULL DEFAULT '0.00'
) ENGINE=InnoDB DEFAULT CHARSET=latin1;

-- --------------------------------------------------------

--
-- Struktur dari tabel `mst_permen_13`
--

CREATE TABLE `mst_permen_13` (
  `id` int(11) NOT NULL,
  `kode` varchar(20) NOT NULL,
  `nama` varchar(100) NOT NULL,
  `aktif` int(1) NOT NULL
) ENGINE=InnoDB DEFAULT CHARSET=latin1;

-- --------------------------------------------------------

--
-- Struktur dari tabel `mst_permen_17`
--

CREATE TABLE `mst_permen_17` (
  `id` int(11) NOT NULL,
  `kode` varchar(20) NOT NULL,
  `nama` varchar(100) NOT NULL,
  `aktif` int(1) NOT NULL
) ENGINE=InnoDB DEFAULT CHARSET=latin1;

-- --------------------------------------------------------

--
-- Struktur dari tabel `pembayaran`
--

CREATE TABLE `pembayaran` (
  `pbid` int(11) NOT NULL,
  `pbthnspm` varchar(4) DEFAULT NULL,
  `pbkoderek13` varchar(25) DEFAULT NULL,
  `pburaianspm` varchar(120) DEFAULT NULL,
  `pbnosp2d` varchar(50) DEFAULT NULL,
  `pbtglsp2d` date DEFAULT NULL,
  `pbtermin` varchar(5) DEFAULT NULL,
  `pbnospm` varchar(50) DEFAULT NULL,
  `pbtglspm` date DEFAULT NULL,
  `pbnospp` varchar(50) DEFAULT NULL,
  `pbtglspp` date DEFAULT NULL,
  `pbketerangan` text,
  `created` timestamp NULL DEFAULT CURRENT_TIMESTAMP,
  `createdby` varchar(50) DEFAULT NULL,
  `modified` timestamp NULL DEFAULT NULL ON UPDATE CURRENT_TIMESTAMP,
  `modifiedby` varchar(50) DEFAULT NULL,
  `pbnilaispm` decimal(16,2) DEFAULT NULL,
  `jpid` int(11) NOT NULL
) ENGINE=InnoDB DEFAULT CHARSET=latin1;

-- --------------------------------------------------------

--
-- Struktur dari tabel `penambahan_nilai`
--

CREATE TABLE `penambahan_nilai` (
  `pnid` varchar(50) CHARACTER SET ascii NOT NULL,
  `namapn` varchar(200) NOT NULL,
  `tahunpn` int(4) NOT NULL,
  `nilaipn` decimal(15,2) NOT NULL,
  `lokasipn` varchar(11) NOT NULL,
  `subunitpn` varchar(14) NOT NULL,
  `asetindukid` varchar(50) CHARACTER SET ascii NOT NULL,
  `kodepn` varchar(20) NOT NULL,
  `bidangpn` varchar(2) NOT NULL,
  `namainduk` varchar(100) NOT NULL,
  `tahuninduk` int(4) NOT NULL,
  `kodeinduk` varchar(20) NOT NULL,
  `bidanginduk` varchar(2) NOT NULL,
  `tambah_masa_manfaat` int(11) NOT NULL
) ENGINE=InnoDB DEFAULT CHARSET=utf8;

--
-- Dumping data untuk tabel `penambahan_nilai`
--

INSERT INTO `penambahan_nilai` (`pnid`, `namapn`, `tahunpn`, `nilaipn`, `lokasipn`, `subunitpn`, `asetindukid`, `kodepn`, `bidangpn`, `namainduk`, `tahuninduk`, `kodeinduk`, `bidanginduk`, `tambah_masa_manfaat`) VALUES
('00DC46.16100413060985', 'Rehab Ke Gedung G', 2015, '200000000.00', '13.02.08.01', '13.02.08.01.47', 'FF1D46.15013015344630', '1.3.3.99.01', 'C', 'Gedung G', 2014, '1.3.3.99.01', 'C', 1),
('01DD45.19020415541317', 'REHAB PUSTU NGROWO (PUSK.BANGSAL)', 2018, '406848961.65', '13.02.07.01', '13.02.07.01.07', '3FC52F.12091217160498', '1.3.3.01.01', 'C', 'Gedung J Pustu Ngrowo', 1989, '1.3.3.99.01', 'C', 1),
('01DD45.19020418093366', 'REHAB PUSTU NGASTEMI (PUSK.BANGSAL)', 2018, '420508335.98', '13.02.07.01', '13.02.07.01.07', '3FC52F.12091217152656', '1.3.3.01.01', 'C', 'Gedung I Pustu Ngastemi', 1974, '1.3.3.99.01', 'C', 1),
('01DD45.19020418125997', 'REHAB PUSTU SEKARGADUNG (PUSK.PUNGGING)', 2018, '395095000.00', '13.02.07.01', '13.02.07.01.17', '8E0BF7.12102411433083', '1.3.3.01.01', 'C', 'Gedung Pustu Sekargadung', 1974, '1.3.3.99.01', 'C', 1),
('01DD45.19020418152445', 'REHAB PUSTU PADI (PUSK.PACET)', 2018, '217847800.00', '13.02.07.01', '13.02.07.01.24', '889C8F.12091410411869', '1.3.3.01.01', 'C', 'PUSTU PADI', 1986, '1.3.3.99.01', 'C', 1),
('01DD45.19020611445536', 'REHAB PUSTU SIDOHARJO(LESPADANGAN)', 2018, '389058000.00', '13.02.07.01', '13.02.07.01.09', '320607.12091623241081', '1.3.3.01.01', 'C', 'Bangunan puskesmas Pembantu', 1974, '1.3.3.99.01', 'C', 1),
('01DD45.19020611454393', 'REHAB PUSTU KEDUNG GEMPOL (MODOPURO)', 2018, '387606000.00', '13.02.07.01', '13.02.07.01.16', '3FC52F.12091404402836', '1.3.3.01.01', 'C', 'Gedung Pustu', 1996, '1.3.3.99.01', 'C', 1),
('046138.18020422520459', 'BANGUNAN PENGUJIAN KELAIKAN PERMANEN', 2017, '197320000.00', '13.02.06.01', '13.02.06.01.01', '4D999E.1209271949020', '1.3.3.99.01', 'C', 'Terminal Mojosari Gedung D', 2008, '1.3.3.99.01', 'C', 1),
('062545.19010211422010', 'REHAB SEDANG/BERAT GEDUNG KANTOR', 2018, '188339000.00', '13.02.14.01', '13.02.14.01.01', 'B1A086.12091914481859', '1.3.3.01.01', 'C', 'Gedung Utama', 1999, '1.3.3.01.01', 'C', 1),
('08B245.16091411253626', 'Kanopi Gedung A', 2015, '6750000.00', '13.02.08.01', '13.02.08.01.29', 'A0CC05.12091812052360', '1.3.3.99.01', 'C', 'Gedung A', 1986, '1.3.3.99.01', 'C', 1),
('08B245.17011210314559', 'Rehab gedung N', 2016, '200000000.00', '13.02.08.01', '13.02.08.01.29', 'A0CC05.12091812380543', '1.3.3.01.01', 'C', 'Gedung N', 1991, '1.3.3.99.01', 'C', 1),
('0BD045.14082512393628', 'Rehap Gedung 5 lokal', 2012, '144882500.00', '13.02.08.01', '13.02.08.01.18', 'EB82E3.1209170844238', '1.3.3.99.01', 'C', 'Bangunan Gedung B', 1969, '1.3.3.99.01', 'C', 1),
('0BF837.17012220515529', 'REHAB KOLAM', 2016, '1677705800.00', '13.02.11.03', '13.02.11.03.01', '527A02.12092413110534', '1.3.3.99.01', 'C', 'Kantor Balai Benih Ikan', 2003, '1.3.3.01.01', 'C', 1),
('0BF837.17012221531185', 'REHAB PAGAR BALAI BENIH IKAN', 2016, '1311166000.00', '13.02.11.03', '13.02.11.03.01', '527A02.12092413110534', '1.3.3.01.01', 'C', 'Kantor Balai Benih Ikan', 2003, '1.3.3.01.01', 'C', 1),
('0C2837.17021313050285', 'REHAB GEDUNG PERPUSTAKAAN', 2016, '174238500.00', '13.02.21.01', '13.02.21.01.01', 'F01F26.12092611254764', '1.3.3.01.01', 'C', 'Gedung Perpustakaan Permanen  Kantor Mojosari', 2007, '1.3.3.99.01', 'C', 1),
('142645.18120403260158', 'REHAB GOR MOJOSARI (PEMAVINGAN)', 2018, '187250000.00', '13.02.17.01', '13.02.17.01.01', 'EE1B36.14020116180973', '1.3.3.99.01', 'C', 'GOR Gajah Mada ', 2013, '1.3.3.99.01', 'C', 1),
('142645.1901040526191', 'REHAB GEDUNG KANTOR DISPARPORA', 2018, '115998400.00', '13.02.17.01', '13.02.17.01.01', 'F8DB36.15021015503773', '1.3.3.01.01', 'C', 'Bangunan Gedung Kantor A', 2003, '1.3.3.01.01', 'C', 1),
('142645.19010801053072', 'REHAB MUSHOLLA AIR PANAS PADUSAN', 2018, '13422850.00', '13.02.17.01', '13.02.17.01.01', 'F8DB36.15021015544966', '1.3.3.99.01', 'C', 'MUSHOLLA AIR PANAS PADUSAN', 2003, '1.3.3.04.01', 'C', 1),
('142645.19013012595459', 'REHAB PAGAR TEMBOK/BRC AIR PANAS PADUSAN', 2018, '13750000.00', '13.02.17.01', '13.02.17.01.01', 'F31A36.16020401025690', '1.3.3.99.01', 'C', 'PAGAR TEMBOK AIR PANAS PADUSAN', 2015, '1.3.3.01.01', 'C', 1),
('142645.1901301301266', 'REHAB GAZEBO 1 AIR PANAS PADUSAN', 2018, '6050000.00', '13.02.17.01', '13.02.17.01.01', 'E22D35.19013115553598', '1.3.3.99.01', 'C', 'GAZEBO 1 AIR PANAS PADUSAN', 2015, '1.3.3.99.01', 'C', 1),
('142645.1901301302078', 'REHAB GAZEBO 2 AIR PANAS PADUSAN', 2018, '6050000.00', '13.02.17.01', '13.02.17.01.01', 'E22D35.19013115564043', '1.3.3.99.01', 'C', 'GAZEBO 2 AIR PANAS PADUSAN', 2015, '1.3.3.99.01', 'C', 1),
('142645.19013013030196', 'REHAB KANTOR/ LOKET MASUK AIR PANAS PADUSAN', 2018, '140150000.00', '13.02.17.01', '13.02.17.01.01', 'F8DB36.15021015543552', '1.3.3.99.01', 'C', 'LOKET / KANTOR AIR PANAS PADUSAN', 2003, '1.3.3.04.01', 'C', 1),
('142645.19013013034974', 'REHAB GAPURA PINTU MASUK AIR PANAS PADUSAN', 2018, '13787150.00', '13.02.17.01', '13.02.17.01.01', 'F8DB36.15021015544258', '1.3.3.99.01', 'C', 'GAPURA PINTU MASUK AIR PANAS PADUSAN', 2003, '1.3.3.04.01', 'C', 1),
('14F945.16100409082730', 'Bangunan Gedung Pendidikan Permanen', 2015, '232715000.00', '13.02.08.01', '13.02.08.01.07', 'C66548.12090614415115', '1.3.3.99.01', 'C', 'GEDUNG A', 1972, '1.3.3.99.01', 'C', 1),
('1DB18C.13011318032260', 'REHAB SEDANG SDN PURI 3 ', 2012, '89758600.00', '13.02.08.01', '13.02.08.01.04', 'E980CE.12091413103189', '1.3.3.99.01', 'C', 'Bangunan Gedung I', 1973, '1.3.3.99.01', 'C', 1),
('1DB18C.13011318285254', 'REHAB SEDANG SDN PURWOJATI 2 ', 2012, '86440900.00', '13.02.08.01', '13.02.08.01.12', '8E0BF7.12092410315794', '1.3.3.99.01', 'C', 'BANGUNAN A', 1984, '1.3.3.99.01', 'C', 1),
('1DB18C.13011318385513', 'REHAB BERAT SDN PANGGIH ', 2012, '159985000.00', '13.02.08.01', '13.02.08.01.03', '64A045.12091814563132', '1.3.3.99.01', 'C', 'Gedung C', 2003, '1.3.3.99.01', 'C', 1),
('1DB18C.13011318460150', 'REHAB SEDANG SDN BANYULEGI', 2012, '29360333.00', '13.02.08.01', '13.02.08.01.09', 'F01F26.12092414084411', '1.3.3.99.01', 'C', 'Gedung H', 1975, '1.3.3.99.01', 'C', 1),
('1DB18C.13011319172614', 'REHAB SEDANG SDN JAPAN', 2012, '44580125.00', '13.02.08.01', '13.02.08.01.02', '5F5D46.12091711114343', '1.3.3.99.01', 'C', 'Bangunan Gedung A', 1938, '1.3.3.99.01', 'C', 1),
('1DB18C.13011409564193', 'REHAB SEDANG SDN KEBONDALEM ', 2012, '89540400.00', '13.02.08.01', '13.02.08.01.10', '07B217.12091115013323', '1.3.3.99.01', 'C', 'GEDUNG A', 1962, '1.3.3.99.01', 'C', 1),
('1DB18C.13012016405820', 'REHAB SEDANG SDN WATESUMPAK 3 ', 2012, '90048000.00', '13.02.08.01', '13.02.08.01.03', '64A045.1209171207431', '1.3.3.99.01', 'C', 'Gedung A', 2003, '1.3.3.99.01', 'C', 1),
('1DB18C.13012016510435', 'REHAB SEDANG SDN KWEDENKEMBAR ( DAK 2011 ) ', 2012, '86587500.00', '13.02.08.01', '13.02.08.01.19', 'E980CE.12091009551856', '1.3.3.99.01', 'C', 'GEDUNG B', 1967, '1.3.3.99.01', 'C', 1),
('1DB18C.13012017000173', 'REHAB SEDANG SDN PEKUWON 1 ( DAK 2011 )', 2012, '46312500.00', '13.02.08.01', '13.02.08.01.05', '337AE3.12091315290210', '1.3.3.99.01', 'C', 'Bangunan Gedung A', 2003, '1.3.3.99.01', 'C', 1),
('1DB18C.13012021072674', 'REHAB BERAT GEDUNG SDN BERATWETAN I (DAK 2011) ', 2012, '160015700.00', '13.02.08.01', '13.02.08.01.06', '05376F.12092510325295', '1.3.3.99.01', 'C', 'Bangunan Gedung B', 2003, '1.3.3.99.01', 'C', 1),
('1DB18C.13012021125163', 'REHAB BERAT GEDUNG SDN DILEM (DAK 2011)', 2012, '151592750.00', '13.02.08.01', '13.02.08.01.15', 'E22567.12091114223929', '1.3.3.99.01', 'C', 'Bangunan Gedung  A', 1986, '1.3.3.99.01', 'C', 1),
('1DB18C.13012021511372', 'REHAB BERAT GEDUNG SDN JATIROWO II (DAK 2011)', 2012, '156203500.00', '13.02.08.01', '13.02.08.01.09', '5773B0.12091013342651', '1.3.3.99.01', 'C', 'Bangunan Gedung A', 1980, '1.3.3.01.01', 'C', 1),
('1DB18C.13012021563268', 'REHAB BERAT GEDUNG SDN KARANGASEM (DAK 2011)', 2012, '162133000.00', '13.02.08.01', '13.02.08.01.13', '1FB1D9.12091711101977', '1.3.3.99.01', 'C', 'Gedung A', 1983, '1.3.3.99.01', 'C', 1),
('1DB18C.13012022322053', 'REHAB BERAT GEDUNG SDN MANDURO I (DAK 2011)', 2012, '153372500.00', '13.02.08.01', '13.02.08.01.12', '2F8AE6.12092010105042', '1.3.3.99.01', 'C', 'Gedung E (Perum Guru)', 2003, '1.3.3.99.01', 'C', 1),
('1DB18C.13012507294965', 'REHAB BERAT GEDUNG SDN NGINGASREMBYONG I (DAK 2011)', 2012, '78993500.00', '13.02.08.01', '13.02.08.01.02', '72CBE1.12091011105915', '1.3.3.99.01', 'C', 'Bangunan Gedung C', 2003, '1.3.3.99.01', 'C', 1),
('1DB18C.13012507350563', 'REHAB BERAT GEDUNG SDN NGORO I (DAK 2011)', 2012, '153382500.00', '13.02.08.01', '13.02.08.01.12', '3DA8B5.12091013532780', '1.3.3.99.01', 'C', 'Gedung A', 2009, '1.3.3.99.01', 'C', 1),
('1DB18C.13012507415621', 'REHAB BERAT GEDUNG SDN PAGEREJO II (DAK 2011)', 2012, '160063700.00', '13.02.08.01', '13.02.08.01.06', '05376F.12092415001649', '1.3.3.99.01', 'C', 'Bangunan Gedung E', 2003, '1.3.3.99.01', 'C', 1),
('1DB18C.13012507524266', 'REHAB BERAT GEDUNG SMPN 1 GONDANG DAK 2011)', 2012, '180607000.00', '13.02.08.01', '13.02.08.01.35', '1FB1D9.12090714414146', '1.3.3.99.01', 'C', 'GEDUNG F', 1988, '1.3.3.01.01', 'C', 1),
('1DB18C.1301250758100', 'REHAB BERAT GEDUNG SMPN 1 JATIREJO DAK 2011)', 2012, '80290000.00', '13.02.08.01', '13.02.08.01.32', 'D041BD.12091818294119', '1.3.3.99.01', 'C', 'Gedung P', 2003, '1.3.3.99.01', 'C', 1),
('1DB18C.13012508044920', 'REHAB BERAT GEDUNG SMPN 1 JETIS (DAK 2011)', 2012, '180634000.00', '13.02.08.01', '13.02.08.01.24', 'B1A086.12092110523853', '1.3.3.99.01', 'C', 'Gedung H', 1998, '1.3.3.99.01', 'C', 1),
('1DB18C.13012508213791', 'REHAB BERAT GEDUNG SMPN 1 NGORO (DAK 2011)', 2012, '74872000.00', '13.02.08.01', '13.02.08.01.51', '4C81CB.1209200517471', '1.3.3.99.01', 'C', 'Gedung C: Kelas PKn, Penjas, Agama, KM/WC', 1985, '1.3.3.01.01', 'C', 1),
('1DB18C.13012508344957', 'REHAB SEDANG GEDUNG SDN BALONGMOJO PURI (DAK 2011)', 2012, '89758500.00', '13.02.08.01', '13.02.08.01.04', 'E980CE.12091321474075', '1.3.3.99.01', 'C', 'Bangunan Gedung A', 1979, '1.3.3.99.01', 'C', 1),
('1DB18C.13012508570869', 'REHAB SEDANG GEDUNG SDN BANDARASRI I (DAK 2011)', 2012, '43245450.00', '13.02.08.01', '13.02.08.01.12', '2F8AE6.12091314030543', '1.3.3.99.01', 'C', 'Gedung B (Kantor, & Ruang Kelas 2)', 2003, '1.3.3.99.01', 'C', 1),
('1DB18C.13012509060651', 'REHAB SEDANG GEDUNG SDN BAURENO JATIREJO (DAK 2011)', 2012, '88434300.00', '13.02.08.01', '13.02.08.01.16', '16E9F0.12091714374064', '1.3.3.99.01', 'C', 'Bangunan Gedung  A', 2008, '1.3.3.99.01', 'C', 1),
('1DB18C.13012509560763', 'REHAB SEDANG GEDUNG SDN BELIK II (DAK 2011)', 2012, '87923000.00', '13.02.08.01', '13.02.08.01.17', '0AAA4A.12090822361217', '1.3.3.99.01', 'C', 'Bangunan Gedung Pendidikan Permanen B', 1959, '1.3.3.99.01', 'C', 1),
('1DB18C.13012510014160', 'REHAB SEDANG GEDUNG SDN BENDUNGANJATI (DAK 2011)', 2012, '86694500.00', '13.02.08.01', '13.02.08.01.18', '8E0BF7.12091409144817', '1.3.3.99.01', 'C', 'Gedung a', 2008, '1.3.3.99.01', 'C', 1),
('1DB18C.13012510071634', 'REHAB SEDANG GEDUNG SDN BLEBERAN II JATIREJO (DAK 2011)', 2012, '88524300.00', '13.02.08.01', '13.02.08.01.16', '16E9F0.12091021063940', '1.3.3.99.01', 'C', 'Gedung A', 1982, '1.3.3.99.01', 'C', 1),
('1DB18C.1301251030387', 'REHAB SEDANG GEDUNG SDN BRAYUBLANDONG I DAWAR', 2012, '88105000.00', '13.02.08.01', '13.02.08.01.09', 'C66548.12092412472576', '1.3.3.99.01', 'C', 'Gedung G', 1951, '1.3.3.01.01', 'C', 1),
('1DB18C.1301251036292', 'REHAB SEDANG GEDUNG SDN DLANGGU I (DAK 2011)', 2012, '87605600.00', '13.02.08.01', '13.02.08.01.14', 'CC330B.1209290543089', '1.3.3.99.01', 'C', 'Gedung B', 1962, '1.3.3.99.01', 'C', 1),
('1DB18C.13012510444493', 'REHAB SEDANG GEDUNG SDN GEBANGMALANG I', 2012, '86669750.00', '13.02.08.01', '13.02.08.01.19', '5F5D46.12110513210618', '1.3.3.99.01', 'C', 'GEDUNG B', 2003, '1.3.3.99.01', 'C', 1),
('1DB18C.13012510511756', 'REHAB SEDANG GEDUNG SDN GUMENG (DAK 2011)', 2012, '85674000.00', '13.02.08.01', '13.02.08.01.15', '8E0BF7.12091011562456', '1.3.3.99.01', 'C', 'GEDUNG B', 1975, '1.3.3.99.01', 'C', 1),
('1DB18C.13012510561389', 'REHAB SEDANG GEDUNG SDN JABONTEGAL PUNGGING', 2012, '87366600.00', '13.02.08.01', '13.02.08.01.11', '527A02.12091512222286', '1.3.3.99.01', 'C', 'Gedung A', 2003, '1.3.3.99.01', 'C', 1),
('1DB18C.13012511020464', 'REHAB SEDANG GEDUNG SDN JATIREJO II (DAK 2011)', 2012, '88694300.00', '13.02.08.01', '13.02.08.01.16', '1FB1D9.12090916111240', '1.3.3.99.01', 'C', 'Gedung A', 2007, '1.3.3.01.01', 'C', 1),
('1DB18C.13012513280629', 'REHAB SEDANG GEDUNG SDN JOTANGAN II MOJOSARI (DAK 2011)', 2012, '89503400.00', '13.02.08.01', '13.02.08.01.10', '527A02.12101009395446', '1.3.3.99.01', 'C', 'GEDUNG E', 1981, '1.3.3.99.01', 'C', 1),
('1DB18C.13012513343562', 'REHAB SEDANG GEDUNG SDN JUMENENG II MOJOSARI (DAK 2011)', 2012, '86610500.00', '13.02.08.01', '13.02.08.01.19', '72CBE1.1209091447017', '1.3.3.99.01', 'C', 'Gedung A', 2003, '1.3.3.99.01', 'C', 1),
('1DB18C.13012513401710', 'REHAB SEDANG GEDUNG SDN KEBONTUNGGUL (DAK 2011)', 2012, '85473000.00', '13.02.08.01', '13.02.08.01.15', '8E0BF7.12090611143691', '1.3.3.99.01', 'C', 'GEDUNG A', 2011, '1.3.3.99.01', 'C', 1),
('1DB18C.13012513450614', 'REHAB SEDANG GEDUNG SDN KEDUNGGEMPOL I MOJOSARI (DAK 2011)', 2012, '89500400.00', '13.02.08.01', '13.02.08.01.10', '1B8F21.12091511405454', '1.3.3.99.01', 'C', 'GEDUNG B', 2003, '1.3.3.99.01', 'C', 1),
('1DB18C.13012513512030', 'REHAB SEDANG GEDUNG SDN KEDUNGUDI (DAK 2011)', 2012, '87886000.00', '13.02.08.01', '13.02.08.01.17', '0AAA4A.12091209501218', '1.3.3.99.01', 'C', 'Bangunan Gedung B', 1983, '1.3.3.99.01', 'C', 1),
('1DB18C.13012514112192', 'REHAB SEDANG GEDUNG SDN KETAPANRAME II TRAWAS', 2012, '43947500.00', '13.02.08.01', '13.02.08.01.17', '0AAA4A.12090713314928', '1.3.3.99.01', 'C', 'GEDUNG A', 1980, '1.3.3.99.01', 'C', 1),
('1DB18C.13012514164742', 'REHAB SEDANG GEDUNG SDN LENGKONG III ', 2012, '86587500.00', '13.02.08.01', '13.02.08.01.19', 'E980CE.12091223590912', '1.3.3.99.01', 'C', 'Gedung B', 1966, '1.3.3.99.01', 'C', 1),
('1DB18C.13012514210377', 'REHAB SEDANG GEDUNG SDN NGRAME', 2012, '87388600.00', '13.02.08.01', '13.02.08.01.11', '527A02.12091209454864', '1.3.3.99.01', 'C', 'Gedung B', 2003, '1.3.3.99.01', 'C', 1),
('1DB18C.13012514300356', 'REHAB SEDANG GEDUNG SDN PETAK II PACET', 2012, '86607500.00', '13.02.08.01', '13.02.08.01.18', '8E0BF7.12091410245824', '1.3.3.99.01', 'C', 'Gedung G', 2010, '1.3.3.99.01', 'C', 1),
('1DB18C.13012514345525', 'REHAB SEDANG GEDUNG SDN PULONITI', 2012, '92539950.00', '13.02.08.01', '13.02.08.01.05', '337AE3.12091521281671', '1.3.3.99.01', 'C', 'Bangunan Gedung A', 2008, '1.3.3.99.01', 'C', 1),
('1DB18C.13012514453343', 'REHAB SEDANG GEDUNG SDN RANDUGENENGAN', 2012, '87605600.00', '13.02.08.01', '13.02.08.01.14', '84B551.12100813031065', '1.3.3.99.01', 'C', 'Gedung C', 2008, '1.3.3.99.01', 'C', 1),
('1DB18C.13012515143227', 'REHAB SEDANG GEDUNG SDN SAMBILAWANG I', 2012, '43752742.50', '13.02.08.01', '13.02.08.01.14', '1B8F21.12092208401532', '1.3.3.99.01', 'C', 'GEDUNG E', 1990, '1.3.3.99.01', 'C', 1),
('1DB18C.13012515184922', 'REHAB SEDANG GEDUNG SDN SUKOANYAR ', 2012, '86128900.00', '13.02.08.01', '13.02.08.01.12', '2F8AE6.12092511552349', '1.3.3.99.01', 'C', 'Gedung A (Kantor, Kelas IV, V & VI)', 2003, '1.3.3.99.01', 'C', 1),
('1DB18C.13012515234530', 'REHAB SEDANG GEDUNG SDN SUMBERGIRANG II PURI', 2012, '89758500.00', '13.02.08.01', '13.02.08.01.04', 'E980CE.12092409194297', '1.3.3.99.01', 'C', 'Bangunan Gedung C', 2003, '1.3.3.99.01', 'C', 1),
('1DB18C.13012515273237', 'REHAB SEDANG GEDUNG SDN SUMBERJATI JATIREJO ', 2012, '88634300.00', '13.02.08.01', '13.02.08.01.16', 'EB82E3.12092112582142', '1.3.3.99.01', 'C', 'Bangunan Gedung B', 2003, '1.3.3.99.01', 'C', 1),
('1DB18C.13012515314129', 'REHAB SEDANG GEDUNG SDN TAMIAJENG ', 2012, '87899440.00', '13.02.08.01', '13.02.08.01.17', '0AAA4A.12090706433719', '1.3.3.99.01', 'C', 'Bangunan Gedung Pendidikan Permanen B', 1967, '1.3.3.99.01', 'C', 1),
('1DB18C.13012515360186', 'REHAB SEDANG GEDUNG SDN TANJUNGKENONGO I ', 2012, '86565000.00', '13.02.08.01', '13.02.08.01.18', 'EB82E3.12091708445274', '1.3.3.99.01', 'C', 'Bangunan Gedung C', 1970, '1.3.3.99.01', 'C', 1),
('1DB18C.13012515401892', 'REHAB SEDANG GEDUNG SDN TAWAR KEC. GONDANG', 2012, '85404000.00', '13.02.08.01', '13.02.08.01.15', '8E0BF7.12090611513083', '1.3.3.99.01', 'C', 'GEDUNG C', 1983, '1.3.3.99.01', 'C', 1),
('1DB18C.13012515453922', 'REHAB SEDANG GEDUNG SDN TEMPURAN III KEC. SOOKO', 2012, '89225000.00', '13.02.08.01', '13.02.08.01.02', '5F5D46.12091712165072', '1.3.3.99.01', 'C', 'Bangunan Gedung Pendidikan A', 1980, '1.3.3.99.01', 'C', 1),
('1DB18C.13012515491978', 'REHAB SEDANG GEDUNG SDN TUMAPEL (DAK 2011)', 2012, '87605600.00', '13.02.08.01', '13.02.08.01.14', 'EB82E3.1209190948526', '1.3.3.99.01', 'C', 'Gedung C', 1953, '1.3.3.99.01', 'C', 1),
('1DB18C.13012515534676', 'REHAB SEDANG GEDUNG SDN WATUKENONGO PUNGGING ', 2012, '87328600.00', '13.02.08.01', '13.02.08.01.11', '8E0BF7.12100511152017', '1.3.3.99.01', 'C', 'GEDUNG E', 2003, '1.3.3.99.01', 'C', 1),
('1DB18C.13012515583353', 'REHAB SEDANG GEDUNG SMPN 1 DLANGGU ', 2012, '60125000.00', '13.02.08.01', '13.02.08.01.38', '14CDB3.12091911444172', '1.3.3.99.01', 'C', 'GEDUNG H', 2003, '1.3.3.99.01', 'C', 1),
('1DB18C.13012516031873', 'REHAB SEDANG GEDUNG SMPN 1 KEMLAGI KEC. KEMLAGI', 2012, '45341500.00', '13.02.08.01', '13.02.08.01.23', '3AE8F8.06011402262788', '1.5.5.01.01', 'C', 'Gedung B', 1984, '1.5.5.01.01', 'C', 1),
('1DB18C.13012516074854', 'REHAB SEDANG GEDUNG SMPN 1 KUTOREJO KEC. KUTOREJO', 2012, '37675000.00', '13.02.08.01', '13.02.08.01.40', 'B17050.12091808213074', '1.3.3.99.01', 'C', 'Bangunan Gedung L', 2003, '1.3.3.99.01', 'C', 1),
('1DB18C.13012612580677', 'REHAB SEDANG GEDUNG SMPN 1 PACET', 2012, '11343500.00', '13.02.08.01', '13.02.08.01.53', '8E0BF7.1209171048218', '1.3.3.99.01', 'C', 'GEDUNG A', 1984, '1.3.3.99.01', 'C', 1),
('1DB18C.13012613035795', 'REHAB SEDANG GEDUNG SMPN 1 PUNGGING ', 2012, '90740000.00', '13.02.08.01', '13.02.08.01.49', 'B89D96.12091715502646', '1.3.3.99.01', 'C', 'Bangunan Gedung Pendidikan Permanen O', 2009, '1.3.3.99.01', 'C', 1),
('1DB18C.1301261308285', 'REHAB SEDANG GEDUNG SMPN 1 TRAWAS', 2012, '45190000.00', '13.02.08.01', '13.02.08.01.56', '5773B0.12091622345572', '1.3.3.99.01', 'C', 'Gedung E', 2003, '1.3.3.01.01', 'C', 1),
('1DB18C.13012613145318', 'REHAB SEDANG GEDUNG SMPN 1 TROWULAN', 2012, '45392500.00', '13.02.08.01', '13.02.08.01.30', '4C6C0E.12091209443311', '1.3.3.99.01', 'C', 'Gedung D', 1983, '1.3.3.99.01', 'C', 1),
('1DB18C.13012613192524', 'REHAB SEDANG GEDUNG SMPN 2 BANGSAL', 2012, '60219000.00', '13.02.08.01', '13.02.08.01.46', '8E643C.12091710294856', '1.3.3.99.01', 'C', 'GEDUNG C', 2003, '1.3.3.99.01', 'C', 1),
('1DB18C.13012613241697', 'REHAB SEDANG GEDUNG SMPN 2 DLANGGU ', 2012, '50166000.00', '13.02.08.01', '13.02.08.01.39', '207703.12091709154892', '1.3.3.99.01', 'C', 'Bangunan Gedung B', 2001, '1.3.3.01.01', 'C', 1),
('1DB18C.13012613345764', 'REHAB SEDANG GEDUNG SMPN 2 KUTOREJO', 2012, '44976000.00', '13.02.08.01', '13.02.08.01.41', '2D02B1.12091710123975', '1.3.3.99.01', 'C', 'Gedung A', 1999, '1.3.3.01.01', 'C', 1),
('1DB18C.13012613393651', 'REHAB SEDANG GEDUNG SMPN 2 MOJOANYAR', 2012, '75350000.00', '13.02.08.01', '13.02.08.01.44', 'D1B657.12090912154875', '1.5.5.01.01', 'C', 'Bangunan Gedung B', 2003, '1.5.5.01.01', 'C', 1),
('1DB18C.13012613435633', 'REHAB SEDANG GEDUNG SMPN 2 MOJOSARI', 2012, '37725500.00', '13.02.08.01', '13.02.08.01.48', '424ED3.12091711552991', '1.3.3.99.01', 'C', 'Bangunan Gedung C', 2005, '1.3.3.99.01', 'C', 1),
('1DB18C.13012613481939', 'REHAB SEDANG GEDUNG SMPN 2 PACET ', 2012, '45088000.00', '13.02.08.01', '13.02.08.01.54', 'B65EB8.12092008453433', '1.3.3.99.01', 'C', 'Gedung C (R.Kelas 8A,8B,8C)', 1994, '1.3.3.01.01', 'C', 1),
('1DB18C.13012614321389', 'REHAB SEDANG GEDUNG SMPN 2 SOOKO', 2012, '37725500.00', '13.02.08.01', '13.02.08.01.22', '4C6C0E.1209141057061', '1.3.3.99.01', 'C', 'Gedung K', 2004, '1.3.3.99.01', 'C', 1),
('1DB18C.13012614380387', 'REHAB SEDANG GEDUNG SMPN 2 TROWULAN ', 2012, '45088000.00', '13.02.08.01', '13.02.08.01.31', 'E12308.12100912414071', '1.3.3.99.01', 'C', 'Bangunan Gedung Pendidikan Permanen F', 1995, '1.3.3.99.01', 'C', 1),
('1DB18C.13012909054942', 'TAMBAH DAYA', 2012, '6807900.00', '13.02.08.01', '13.02.08.01.01', '4C6C0E.12092710000456', '1.3.3.01.01', 'D', 'GEDUNG B', 2003, '1.3.3.01.01', 'C', 1),
('1DB18C.13020510304986', 'RAHAB SEDANG GEDUNG SDN GUNUNGAN I DAWAR', 2012, '29392333.00', '13.02.08.01', '13.02.08.01.09', '5773B0.12090809322170', '1.3.3.99.01', 'C', 'Gedung A', 2006, '1.3.3.01.01', 'C', 1),
('1DB18C.13020515032347', 'REHAB BERAT GEDUNG SDN PAGEREJO I (DAK 2011)', 2012, '159881300.00', '13.02.08.01', '13.02.08.01.06', '05376F.12091111502422', '1.3.3.99.01', 'C', 'Bangunan Gedung B', 1956, '1.3.3.99.01', 'C', 1),
('1DB18C.13020616190416', 'REHAB SEDANG GEDUNG SDN PACET I (DAK 2011)', 2012, '86718500.00', '13.02.08.01', '13.02.08.01.18', 'EB82E3.12090708315610', '1.3.3.99.01', 'C', 'Bangunan Gedung C', 2010, '1.3.3.99.01', 'C', 1),
('1DB18C.13020812572021', 'REHAB SEDANG GEDUNG SMPN 2 DAWAR (DAK 2011)', 2012, '74838000.00', '13.02.08.01', '13.02.08.01.29', 'A0CC05.12091812084917', '1.3.3.99.01', 'C', 'Gedung B', 1986, '1.3.3.99.01', 'C', 1),
('1DB18C.13020813083285', 'REHAB BERAT GEDUNG SMPN 1 MOJOANYAR (DAK 2011)', 2012, '150462000.00', '13.02.08.01', '13.02.08.01.43', 'CC330B.12092613063740', '1.3.3.99.01', 'C', 'Gedung E', 2003, '1.3.3.99.01', 'C', 1),
('1DB18C.13020814015059', 'REHAB SEDANG GEDUNG SMPN 3 KUTOREJO (DAK 2011)', 2012, '44987000.00', '13.02.08.01', '13.02.08.01.42', '2D3A1B.12091921351787', '1.3.3.99.01', 'C', 'Gedung C', 1997, '1.3.3.99.01', 'C', 1),
('250F55.18012513265928', 'Rehab Gedung E', 2017, '55000000.00', '13.02.08.01', '13.02.08.01.56', '5773B0.12091622345572', '1.3.3.99.01', 'C', 'Gedung E', 2003, '1.3.3.01.01', 'C', 1),
('250F55.18012513302987', 'Rehab Gedung G', 2017, '55000000.00', '13.02.08.01', '13.02.08.01.56', '5773B0.12091622361155', '1.3.3.99.01', 'C', 'GEDUNG G', 2003, '1.3.3.01.01', 'C', 1),
('250F55.18012513333760', 'Rehab Gedung I', 2017, '55000000.00', '13.02.08.01', '13.02.08.01.56', '5773B0.12091622373254', '1.3.3.99.01', 'C', 'GEDUNG I', 2003, '1.3.3.01.01', 'C', 1),
('250F55.18012513352412', 'Rehab Gedung J', 2017, '55000000.00', '13.02.08.01', '13.02.08.01.56', '5773B0.12091622383181', '1.3.3.99.01', 'C', 'GEDUNG J', 2003, '1.3.3.01.01', 'C', 1),
('250F55.18012513401364', 'Rehab Gedung K', 2017, '55000000.00', '13.02.08.01', '13.02.08.01.56', '5773B0.12091622393672', '1.3.3.99.01', 'C', 'GEDUNG K', 2003, '1.3.3.01.01', 'C', 1),
('5F5D46.13011509332716', 'PEMELIHARAAN FLASER DAN', 2014, '47885000.00', '13.02.06.01', '13.02.06.01.01', '4D999E.13111919243953', '1.3.3.06.99', '0', 'FLASER', 2013, '1.3.3.06.99', 'C', 1),
('80EE52.12092012464945', 'Bangunan Gedung Kantor Permanen', 2003, '1838910000.00', '13.02.13.02', '13.02.13.02.01', 'CC330B.12092911370846', '1.3.3.01.01', 'C', 'Bangunan Gedung Kantor Permanen', 2003, '1.3.3.01.01', 'C', 1),
('84B551.12100906313921', 'Renovasi Gedung A + B', 2008, '29500000.00', '13.02.08.01', '13.02.08.01.11', '84B551.12100906303974', '1.3.3.99.01', 'C', 'Gedung  A', 1983, '1.3.3.99.01', 'C', 1),
('84B551.13011416505674', 'REHAB SEDANG SDN TUNGGALPAGER', 2012, '87360600.00', '13.02.08.01', '13.02.08.01.11', 'E980CE.12092509562933', '1.3.3.99.01', 'C', 'Gedung B', 1992, '1.3.3.99.01', 'C', 1),
('CBEA35.18011211022851', 'REHABILITASI SEDANG GEDUNG SDN KEDUNGMALING (DAK 2015)', 2015, '60617150.00', '13.02.08.01', '13.02.08.01.02', '5F5D46.12091623404819', '1.3.3.99.01', 'C', 'Gedung E', 2003, '1.3.3.99.01', 'C', 1),
('CBEA35.18011211031145', 'REHABILITASI SEDANG GEDUNG SDN KEDUNGMALING (DAK 2015) (2)', 2015, '60617150.00', '13.02.08.01', '13.02.08.01.02', '5F5D46.12091623473882', '1.3.3.99.01', 'C', 'Gedung F', 2003, '1.3.3.99.01', 'C', 1),
('CBEA35.18011211080283', 'REHABILITASI BERAT GEDUNG SDN MODONGAN', 2013, '108570000.00', '13.02.08.01', '13.02.08.01.02', '72CBE1.12091212182215', '1.3.3.99.01', 'C', 'Bangunan Gedung A', 2009, '1.3.3.99.01', 'C', 1),
('CBEA35.18011211081237', 'REHABILITASI BERAT GEDUNG SDN MODONGAN (2)', 2013, '108570000.00', '13.02.08.01', '13.02.08.01.02', '72CBE1.12091212185281', '1.3.3.99.01', 'C', 'Bangunan Gedung B', 2009, '1.3.3.99.01', 'C', 1),
('CBEA35.18011211140757', 'REHABILITASI SEDANG GEDUNG SDN NGINGASREMBYONG (DAK 2015)', 2015, '119837850.00', '13.02.08.01', '13.02.08.01.02', '72CBE1.12091011081665', '1.3.3.99.01', 'C', 'Bangunan Gedung A', 2003, '1.3.3.99.01', 'C', 1),
('CBEA35.18011211141839', 'REHABILITASI SEDANG GEDUNG SDN NGINGASREMBYONG (DAK 2015) (2)', 2015, '119837850.00', '13.02.08.01', '13.02.08.01.02', '72CBE1.12091011100261', '1.3.3.99.01', 'C', 'Bangunan Gedung B', 2003, '1.3.3.99.01', 'C', 1),
('CBEA35.18011211181292', 'REHABILITASI SEDANG GEDUNG SDN PURI (DAK 2014)', 2015, '127197000.00', '13.02.08.01', '13.02.08.01.04', 'E980CE.12091413123727', '1.3.3.99.01', 'C', 'Bangunan Gedung D', 2009, '1.3.3.99.01', 'C', 1),
('CBEA35.18011211182120', 'REHABILITASI SEDANG GEDUNG SDN PURI (DAK 2014) (2)', 2015, '127197000.00', '13.02.08.01', '13.02.08.01.04', 'E980CE.12092410360965', '1.3.3.99.01', 'C', 'Bangunan Gedung N', 2003, '1.3.3.99.01', 'C', 1),
('CBEA35.18011211213026', 'REHABILITASI SEDANG GEDUNG SDN TAMPUNGREJO (DAK 2015)', 2015, '140788450.00', '13.02.08.01', '13.02.08.01.04', '0AAA4A.12091615073119', '1.3.3.99.01', 'C', 'Bangunan Gedung A', 2007, '1.3.3.99.01', 'C', 1),
('CBEA35.18011211214193', 'REHABILITASI SEDANG GEDUNG SDN TAMPUNGREJO (DAK 2015) (2)', 2015, '140788450.00', '13.02.08.01', '13.02.08.01.04', '0AAA4A.12091615101753', '1.3.3.99.01', 'C', 'Bangunan Gedung C', 2009, '1.3.3.99.01', 'C', 1),
('CBEA35.18011211305382', 'REHABILITASI SEDANG GEDUNG SDN PACING (DAK 2014)', 2015, '95256000.00', '13.02.08.01', '13.02.08.01.05', '337AE3.12091514260864', '1.3.3.99.01', 'C', 'Bangunan Gedung A', 1974, '1.3.3.99.01', 'C', 1),
('CBEA35.18011211310561', 'REHABILITASI SEDANG GEDUNG SDN PACING (DAK 2014) (2)', 2015, '95256000.00', '13.02.08.01', '13.02.08.01.05', '337AE3.12091514285520', '1.3.3.99.01', 'C', 'Bangunan Gedung D', 1980, '1.3.3.99.01', 'C', 1),
('CBEA35.18011211335448', 'REHABILITASI TINGKAT BERAT SDN PAGERLUYUNG 2', 2014, '70618531.00', '13.02.08.01', '13.02.08.01.06', '05376F.12091513215098', '1.3.3.99.01', 'C', 'Bangunan Gedung D', 1980, '1.3.3.99.01', 'C', 1),
('CBEA35.18011211340374', 'REHABILITASI TINGKAT BERAT SDN PAGERLUYUNG 2 (2)', 2014, '70618531.00', '13.02.08.01', '13.02.08.01.06', '05376F.12091513221318', '1.3.3.99.01', 'C', 'Bangunan Gedung E', 1980, '1.3.3.99.01', 'C', 1),
('CBEA35.18011211371077', 'REHAB BERAT SDN TERUSAN 1', 2014, '101855500.00', '13.02.08.01', '13.02.08.01.06', 'F01F26.12091713025937', '1.3.3.99.01', 'C', ' Gedung B', 2008, '1.3.3.99.01', 'C', 1),
('CBEA35.18011211371995', 'REHAB BERAT SDN TERUSAN 1 (2)', 2014, '101855500.00', '13.02.08.01', '13.02.08.01.06', 'F01F26.12091713092918', '1.3.3.99.01', 'C', ' Gedung D', 2008, '1.3.3.99.01', 'C', 1),
('CBEA35.18011213064716', 'REHABILITASI SEDANG GEDUNG SDN PAGEREJO (DAK 2015)', 2015, '74195550.00', '13.02.08.01', '13.02.08.01.06', '05376F.12091111502422', '1.3.3.99.01', 'C', 'Bangunan Gedung B', 1956, '1.3.3.99.01', 'C', 1),
('CBEA35.18011213065422', 'REHABILITASI SEDANG GEDUNG SDN PAGEREJO (DAK 2015) (2)', 2015, '74195550.00', '13.02.08.01', '13.02.08.01.06', '05376F.12091111494865', '1.3.3.99.01', 'C', 'Bangunan Gedung A', 1956, '1.3.3.99.01', 'C', 1),
('CBEA35.18011213095069', 'REHABILITASI TINGKAT BERAT SDN BERATWETAN 2', 2014, '120579462.00', '13.02.08.01', '13.02.08.01.06', '05376F.12091312181941', '1.3.3.99.01', 'C', 'Bangunan Gedung C', 1990, '1.3.3.99.01', 'C', 1),
('CBEA35.1801121310014', 'REHABILITASI TINGKAT BERAT SDN BERATWETAN 2 (2)', 2014, '120579462.00', '13.02.08.01', '13.02.08.01.06', '05376F.12091312201839', '1.3.3.99.01', 'C', 'Bangunan Gedung D', 1976, '1.3.3.99.01', 'C', 1),
('CBEA35.18011213130335', 'REHABILITASI SEDANG GEDUNG SDN KUPANG 1 (DAK) 2016', 2016, '61496000.00', '13.02.08.01', '13.02.08.01.08', '3A9307.12090810181931', '1.3.3.99.01', 'C', 'Gedung B ( kelas 1,2 )', 2003, '1.3.3.01.01', 'C', 1),
('CBEA35.18011213131342', 'REHABILITASI SEDANG GEDUNG SDN KUPANG 1 (DAK) 2016 (2)', 2016, '61496000.00', '13.02.08.01', '13.02.08.01.08', '3A9307.12090810220019', '1.3.3.99.01', 'C', 'Gedung C ( kelas 4,5,6 )', 2003, '1.3.3.01.01', 'C', 1),
('CBEA35.18011213162639', 'REHAB BERAT SDN JATIROWO', 2014, '87046000.00', '13.02.08.01', '13.02.08.01.09', '5773B0.12091011021944', '1.3.3.99.01', 'C', 'Gedung B', 2006, '1.3.3.01.01', 'C', 1),
('CBEA35.18011213164015', 'REHAB BERAT SDN JATIROWO (2)', 2014, '87046000.00', '13.02.08.01', '13.02.08.01.09', '5773B0.12091011004293', '1.3.3.99.01', 'C', 'Gedung A', 1999, '1.3.3.01.01', 'C', 1),
('CBEA35.18011213193956', 'REHABILITASI TINGKAT BERAT SDN BANYULEGI', 2014, '68135235.00', '13.02.08.01', '13.02.08.01.09', 'F01F26.12092414084411', '1.3.3.99.01', 'C', 'Gedung H', 1975, '1.3.3.99.01', 'C', 1),
('CBEA35.18011213194712', 'REHABILITASI TINGKAT BERAT SDN BANYULEGI (2)', 2014, '68135235.00', '13.02.08.01', '13.02.08.01.09', '0AAA4A.12092114292567', '1.3.3.99.01', 'C', 'Gedung D', 1951, '1.3.3.99.01', 'C', 1),
('CBEA35.18011213232519', 'REHABILITASI TINGKAT SEDANG SDN KEMBANGRINGGIT 2', 2014, '30536800.00', '13.02.08.01', '13.02.08.01.11', 'E980CE.12100713165736', '1.3.3.99.01', 'C', 'Bangunan Gedung A', 2003, '1.3.3.99.01', 'C', 1),
('CBEA35.18011213233422', 'REHABILITASI TINGKAT SEDANG SDN KEMBANGRINGGIT 2 (2)', 2014, '30536800.00', '13.02.08.01', '13.02.08.01.11', 'E980CE.12100713172296', '1.3.3.99.01', 'C', 'Bangunan Gedung B', 2008, '1.3.3.99.01', 'C', 1),
('CBEA35.18011213255767', 'REHAB BERAT SDN PURWOREJO', 2014, '98755500.00', '13.02.08.01', '13.02.08.01.11', '337AE3.12092610334072', '1.3.3.99.01', 'C', 'Bangunan Gedung A', 2003, '1.3.3.99.01', 'C', 1),
('CBEA35.18011213261028', 'REHAB BERAT SDN PURWOREJO (2)', 2014, '98755500.00', '13.02.08.01', '13.02.08.01.11', '337AE3.12092610344724', '1.3.3.99.01', 'C', 'Bangunan Gedung D', 2003, '1.3.3.99.01', 'C', 1),
('CBEA35.18011213283232', 'SDN CANDIHARJO', 2014, '111474900.00', '13.02.08.01', '13.02.08.01.12', '84B551.1210221457246', '1.3.3.99.01', 'C', 'GEDUNG  A', 2009, '1.3.3.99.01', 'C', 1),
('CBEA35.18011213284493', 'SDN CANDIHARJO (2)', 2014, '111474900.00', '13.02.08.01', '13.02.08.01.12', '84B551.12102215070172', '1.3.3.99.01', 'C', 'GEDUNG  E', 2008, '1.3.3.99.01', 'C', 1),
('CBEA35.1801121331017', 'REHABILITASI TINGKAT BERAT SDN TANJANGRONO 1', 2014, '78085012.00', '13.02.08.01', '13.02.08.01.12', '2F8AE6.12091711120219', '1.3.3.99.01', 'C', 'Gedung B1 (Ruang Kelas VI dan Kantor)', 1967, '1.3.3.99.01', 'C', 1),
('CBEA35.18011213311693', 'REHABILITASI TINGKAT BERAT SDN TANJANGRONO 1 (2)', 2014, '78085013.00', '13.02.08.01', '13.02.08.01.12', '2F8AE6.12091711152815', '1.3.3.99.01', 'C', 'Gedung C1 (Ruang Perpus, UKS & Komputer)', 1976, '1.3.3.99.01', 'C', 1),
('CBEA35.1801121335202', 'PERENCANAAN REHAB BERAT GEDUNG SDN SUKOANYAR (DAK 2012)', 2014, '3277500.00', '13.02.08.01', '13.02.08.01.12', '2F8AE6.12092511562396', '1.3.3.99.01', 'C', 'Gedung B (Kelas I, II & III)', 2003, '1.3.3.99.01', 'C', 1),
('CBEA35.18011213353293', 'PERENCANAAN REHAB BERAT GEDUNG SDN SUKOANYAR (DAK 2012) (2)', 2014, '3277500.00', '13.02.08.01', '13.02.08.01.12', '2F8AE6.12092511552349', '1.3.3.99.01', 'C', 'Gedung A (Kantor, Kelas IV, V & VI)', 2003, '1.3.3.99.01', 'C', 1),
('CBEA35.18011213372794', 'REHAB BERAT SDN SUKOANYAR', 2014, '125006500.00', '13.02.08.01', '13.02.08.01.12', '2F8AE6.12092511562396', '1.3.3.99.01', 'C', 'Gedung B (Kelas I, II & III)', 2003, '1.3.3.99.01', 'C', 1),
('CBEA35.18011213373685', 'REHAB BERAT SDN SUKOANYAR (2)', 2014, '125006500.00', '13.02.08.01', '13.02.08.01.12', '2F8AE6.12092511552349', '1.3.3.99.01', 'C', 'Gedung A (Kantor, Kelas IV, V & VI)', 2003, '1.3.3.99.01', 'C', 1),
('CBEA35.18011213410266', 'REHABILITASI TINGKAT BERAT SDN SINGOWANGI', 2014, '136461325.00', '13.02.08.01', '13.02.08.01.13', '9B1406.12090713392776', '1.3.3.99.01', 'C', 'Gedung B', 1939, '1.3.3.99.01', 'C', 1),
('CBEA35.18011213411872', 'REHABILITASI TINGKAT BERAT SDN SINGOWANGI (2)', 2014, '136461325.00', '13.02.08.01', '13.02.08.01.13', '9B1406.12090713382513', '1.3.3.99.01', 'C', 'Gedung A', 1939, '1.3.3.99.01', 'C', 1),
('CBEA35.18011213484236', 'REHABILITASI TINGKAT BERAT SDN KEBONTUNGGUL', 2014, '143707242.00', '13.02.08.01', '13.02.08.01.15', '8E0BF7.12090611143691', '1.3.3.99.01', 'C', 'GEDUNG A', 2011, '1.3.3.99.01', 'C', 1),
('CBEA35.18011213490026', 'REHABILITASI TINGKAT BERAT SDN KEBONTUNGGUL (2)', 2014, '143707242.00', '13.02.08.01', '13.02.08.01.15', '8E0BF7.12090611151182', '1.3.3.99.01', 'C', 'GEDUNG B', 1976, '1.3.3.99.01', 'C', 1),
('CBEA35.1801121351483', 'REHABILITASI SEDANG GEDUNG SDN PADI (DAK) 2016', 2016, '58507000.00', '13.02.08.01', '13.02.08.01.15', '8E0BF7.12091010215689', '1.3.3.99.01', 'C', 'gedung B', 2009, '1.3.3.99.01', 'C', 1),
('CBEA35.18011213515765', 'REHABILITASI SEDANG GEDUNG SDN PADI (DAK) 2016 (2)', 2016, '58507000.00', '13.02.08.01', '13.02.08.01.15', '8E0BF7.12091010231297', '1.3.3.99.01', 'C', 'Gedung C', 2009, '1.3.3.99.01', 'C', 1),
('CBEA35.18011213540615', 'REHABILITASI SEDANG GEDUNG SDN TRAWAS 2 (DAK 2012)', 2015, '62572500.00', '13.02.08.01', '13.02.08.01.17', '0AAA4A.12091122193871', '1.3.3.99.01', 'C', 'Bangunan Gedung Pendidikan Permanen B', 1974, '1.3.3.99.01', 'C', 1),
('CBEA35.18011213541588', 'REHABILITASI SEDANG GEDUNG SDN TRAWAS 2 (DAK 2012) (2)', 2015, '62572500.00', '13.02.08.01', '13.02.08.01.17', '0AAA4A.12091122384755', '1.3.3.99.01', 'C', 'Bangunan Gedung Pendidikan Permanen D', 2002, '1.3.3.99.01', 'C', 1),
('CBEA35.1801121356557', 'PERENCANAAN REHAB BERAT GEDUNG SDN KESIMANTENGAH (DAK 2012)', 2014, '3119000.00', '13.02.08.01', '13.02.08.01.18', 'EB82E3.12091014510792', '1.3.3.99.01', 'C', 'Bangunan Gedung A', 2003, '1.3.3.01.01', 'C', 1),
('CBEA35.18011213570431', 'PERENCANAAN REHAB BERAT GEDUNG SDN KESIMANTENGAH (DAK 2012) (2)', 2014, '3119000.00', '13.02.08.01', '13.02.08.01.18', 'EB82E3.12091014525110', '1.3.3.99.01', 'C', 'Bangunan Gedung B', 2003, '1.3.3.01.01', 'C', 1),
('CBEA35.18011213590597', 'REHAB BERAT SDN KESIMANTENGAH', 2014, '119444000.00', '13.02.08.01', '13.02.08.01.18', 'EB82E3.12091014510792', '1.3.3.99.01', 'C', 'Bangunan Gedung A', 2003, '1.3.3.01.01', 'C', 1),
('CBEA35.1801121359139', 'REHAB BERAT SDN KESIMANTENGAH (2)', 2014, '119444000.00', '13.02.08.01', '13.02.08.01.18', 'EB82E3.12091014525110', '1.3.3.99.01', 'C', 'Bangunan Gedung B', 2003, '1.3.3.01.01', 'C', 1),
('CBEA35.18011214021225', 'PERENCANAAN REHAB BERAT GEDUNG SDN MOJOKEMBANG (DAK 2012)', 2014, '3566000.00', '13.02.08.01', '13.02.08.01.18', '0AAA4A.12091407394742', '1.3.3.99.01', 'C', 'Bangunan Gedung Pendidikan Permanen A', 1977, '1.3.3.99.01', 'C', 1),
('CBEA35.18011214022133', 'PERENCANAAN REHAB BERAT GEDUNG SDN MOJOKEMBANG (DAK 2012) (2)', 2014, '3566000.00', '13.02.08.01', '13.02.08.01.18', '0AAA4A.12091407403597', '1.3.3.99.01', 'C', 'Bangunan Gedung Pendidikan Permanen B', 1977, '1.3.3.99.01', 'C', 1),
('CBEA35.18011214035987', 'REHAB BERAT SDN MOJOKEMBANG', 2014, '137632000.00', '13.02.08.01', '13.02.08.01.18', '0AAA4A.12091407394742', '1.3.3.99.01', 'C', 'Bangunan Gedung Pendidikan Permanen A', 1977, '1.3.3.99.01', 'C', 1),
('CBEA35.18011214040794', 'REHAB BERAT SDN MOJOKEMBANG (2)', 2014, '137632000.00', '13.02.08.01', '13.02.08.01.18', '0AAA4A.12091407403597', '1.3.3.99.01', 'C', 'Bangunan Gedung Pendidikan Permanen B', 1977, '1.3.3.99.01', 'C', 1),
('CBEA35.18011214061962', 'PERENCANAAN REHAB BERAT GEDUNG SDN KEPUHANYAR (DAK 2012)', 2014, '2036000.00', '13.02.08.01', '13.02.08.01.19', '72CBE1.12090613420584', '1.3.3.99.01', 'C', 'Gedung F', 2003, '1.3.3.99.01', 'C', 1),
('CBEA35.18011214063172', 'PERENCANAAN REHAB BERAT GEDUNG SDN KEPUHANYAR (DAK 2012) (2)', 2014, '2036000.00', '13.02.08.01', '13.02.08.01.19', 'E980CE.12091216164064', '1.3.3.99.01', 'C', 'Gedung B', 2003, '1.3.3.99.01', 'C', 1),
('CBEA35.18011214072178', 'PERENCANAAN REHAB BERAT GEDUNG SDN KEPUHANYAR (DAK 2012) (3)', 2014, '2036000.00', '13.02.08.01', '13.02.08.01.19', 'E980CE.12091216173431', '1.3.3.99.01', 'C', 'Gedung D', 2003, '1.3.3.99.01', 'C', 1),
('CBEA35.18011214090562', 'REHAB BERAT SDN KEPUHANYAR', 2014, '78115333.00', '13.02.08.01', '13.02.08.01.19', '72CBE1.12090613420584', '1.3.3.99.01', 'C', 'Gedung F', 2003, '1.3.3.99.01', 'C', 1),
('CBEA35.18011214091443', 'REHAB BERAT SDN KEPUHANYAR (2)', 2014, '78115333.00', '13.02.08.01', '13.02.08.01.19', 'E980CE.12091216164064', '1.3.3.99.01', 'C', 'Gedung B', 2003, '1.3.3.99.01', 'C', 1),
('CBEA35.18011214092410', 'REHAB BERAT SDN KEPUHANYAR (3)', 2014, '78115334.00', '13.02.08.01', '13.02.08.01.19', 'E980CE.12091216173431', '1.3.3.99.01', 'C', 'Gedung D', 2003, '1.3.3.99.01', 'C', 1),
('CBEA35.18011214125457', 'REHAB RUANG PEMBELAJARAN UPT SKB', 2014, '79016000.00', '13.02.08.01', '13.02.08.01.20', '05376F.12092413383233', '1.3.3.99.01', 'C', 'Gedung E', 1993, '1.3.3.99.01', 'C', 1),
('CBEA35.18011214130477', 'REHAB RUANG PEMBELAJARAN UPT SKB (2)', 2014, '79016000.00', '13.02.08.01', '13.02.08.01.20', '05376F.12092413381665', '1.3.3.99.01', 'C', 'Gedung D', 1993, '1.3.3.99.01', 'C', 1),
('CBEA35.18011214152613', 'RAHABILITASI BERAT SMPN 2 SOOKO', 2014, '50479200.00', '13.02.08.01', '13.02.08.01.22', '4C6C0E.12091411001460', '1.3.3.99.01', 'C', 'Gedung M', 2002, '1.3.3.99.01', 'C', 1),
('CBEA35.18011214153532', 'RAHABILITASI BERAT SMPN 2 SOOKO (2)', 2014, '50479200.00', '13.02.08.01', '13.02.08.01.22', '4C6C0E.1209141107552', '1.5.5.01.01', 'C', 'Gedung Q', 2004, '1.5.5.01.01', 'C', 1),
('CBEA35.18011214180537', 'REHABILITASI SEDANG GEDUNG SMPN 2 GEDEG (DAK 2014)', 2015, '70670500.00', '13.02.08.01', '13.02.08.01.27', '826CC8.1209180842339', '1.3.3.99.01', 'C', 'Bangunan Gedung M', 1998, '1.3.3.99.01', 'C', 1),
('CBEA35.18011214181593', 'REHABILITASI SEDANG GEDUNG SMPN 2 GEDEG (DAK 2014) (2)', 2015, '70670500.00', '13.02.08.01', '13.02.08.01.27', '826CC8.12091808430985', '1.3.3.99.01', 'C', 'Bangunan Gedung O', 1998, '1.3.3.99.01', 'C', 1),
('CBEA35.18011214210214', 'REHABILITASI BERAT GEDUNG SMP NEGERI 2 DAWARBLANDONG (DAK 2014)', 2015, '75718800.00', '13.02.08.01', '13.02.08.01.29', 'A0CC05.12091812143771', '1.3.3.99.01', 'C', 'Gedung E', 1993, '1.3.3.99.01', 'C', 1),
('CBEA35.18011214230243', 'REHABILITASI BERAT GEDUNG SMP NEGERI 2 DAWARBLANDONG (DAK 2014) (2)', 2015, '75718800.00', '13.02.08.01', '13.02.08.01.29', 'A0CC05.12091812430161', '1.3.3.99.01', 'C', 'Gedung O', 2002, '1.3.3.99.01', 'C', 1),
('CBEA35.18011214271727', 'REHABILITASI BERAT GEDUNG SMP NEGERI 2 TROWULAN (DAK 2014)', 2015, '71792640.00', '13.02.08.01', '13.02.08.01.31', 'E12308.1210091232422', '1.3.3.99.01', 'C', 'Bangunan Gedung Pendidikan Permanen B', 2002, '1.3.3.99.01', 'C', 1),
('CBEA35.18011214272697', 'REHABILITASI BERAT GEDUNG SMP NEGERI 2 TROWULAN (DAK 2014) (2)', 2015, '71792640.00', '13.02.08.01', '13.02.08.01.31', 'E12308.12100912362691', '1.3.3.99.01', 'C', 'Bangunan Gedung Pendidikan Permanen C', 2002, '1.3.3.99.01', 'C', 1),
('CBEA35.18011214273525', 'REHABILITASI BERAT GEDUNG SMP NEGERI 2 TROWULAN (DAK 2014) (3)', 2015, '71792640.00', '13.02.08.01', '13.02.08.01.31', 'E12308.12100912412584', '1.3.3.99.01', 'C', 'Bangunan Gedung Pendidikan Permanen E', 1993, '1.3.3.99.01', 'C', 1),
('CBEA35.18011214293826', 'RAHABILITASI BERAT SMPN 1 GONDANG', 2014, '100958400.00', '13.02.08.01', '13.02.08.01.35', '1FB1D9.12090714392472', '1.3.3.99.01', 'C', 'GEDUNG D', 1983, '1.3.3.01.01', 'C', 1),
('CBEA35.18011214294919', 'RAHABILITASI BERAT SMPN 1 GONDANG (2)', 2014, '100958400.00', '13.02.08.01', '13.02.08.01.35', '1FB1D9.12090714414146', '1.3.3.99.01', 'C', 'GEDUNG F', 1988, '1.3.3.01.01', 'C', 1),
('CBEA35.18011214315245', 'REHABILITASI SEDANG GEDUNG SMPN 3 GONDANG (DAK 2014)', 2015, '69997500.00', '13.02.08.01', '13.02.08.01.37', 'AE1A14.12092206313040', '1.3.3.99.01', 'C', 'Gedung C (Kelas VII-A,B)', 2007, '1.3.3.99.01', 'C', 1),
('CBEA35.18011214320353', 'REHABILITASI SEDANG GEDUNG SMPN 3 GONDANG (DAK 2014) (2)', 2015, '69997500.00', '13.02.08.01', '13.02.08.01.37', 'AE1A14.12092206401917', '1.3.3.99.01', 'C', 'Gedung F (kls VIIIA,B)', 2007, '1.3.3.99.01', 'C', 1),
('CBEA35.18011214340272', 'RAHABILITASI BERAT SMPN 1 MOJOANYAR', 2014, '84132000.00', '13.02.08.01', '13.02.08.01.43', 'CC330B.12092613071234', '1.3.3.99.01', 'C', 'Gedung G', 2003, '1.3.3.99.01', 'C', 1),
('CBEA35.1801121434114', 'RAHABILITASI BERAT SMPN 1 MOJOANYAR (2)', 2014, '84132000.00', '13.02.08.01', '13.02.08.01.43', 'CC330B.1209261308527', '1.3.3.99.01', 'C', 'Gedung K', 2003, '1.3.3.99.01', 'C', 1),
('CBEA35.18011214362246', 'REHABILITASI SEDANG GEDUNG SMP NEGERI 2 MOJOANYAR (DAK 2012)', 2015, '34494120.00', '13.02.08.01', '13.02.08.01.44', 'D1B657.12090912181619', '1.5.5.01.01', 'C', 'Bangunan Gedung D', 2003, '1.5.5.01.01', 'C', 1),
('CBEA35.18011214363060', 'REHABILITASI SEDANG GEDUNG SMP NEGERI 2 MOJOANYAR (DAK 2012) (2)', 2015, '34494120.00', '13.02.08.01', '13.02.08.01.44', 'D1B657.12090912204098', '1.3.3.99.01', 'C', 'Bangunan Gedung G', 2003, '1.3.3.99.01', 'C', 1),
('CBEA35.18011214363893', 'REHABILITASI SEDANG GEDUNG SMP NEGERI 2 MOJOANYAR (DAK 2012) (3)', 2015, '34494120.00', '13.02.08.01', '13.02.08.01.44', 'D1B657.12090912231063', '1.3.3.99.01', 'C', 'Bangunan Gedung K', 2003, '1.3.3.99.01', 'C', 1),
('CBEA35.18011214364595', 'REHABILITASI SEDANG GEDUNG SMP NEGERI 2 MOJOANYAR (DAK 2012) (4)', 2015, '34494120.00', '13.02.08.01', '13.02.08.01.44', 'D1B657.12090912234032', '1.3.3.99.01', 'C', 'Bangunan Gedung L', 2003, '1.3.3.99.01', 'C', 1),
('CBEA35.18011214385820', 'REHABILITASI BERAT GEDUNG SMP NEGERI 1 BANGSAL (DAK 2012)', 2015, '33652800.00', '13.02.08.01', '13.02.08.01.45', 'EEA259.12092003172744', '1.3.3.99.01', 'C', 'Gedung E', 1977, '1.3.3.99.01', 'C', 1),
('CBEA35.18011214390763', 'REHABILITASI BERAT GEDUNG SMP NEGERI 1 BANGSAL (DAK 2012) (2)', 2015, '33652800.00', '13.02.08.01', '13.02.08.01.45', 'EEA259.12092007515776', '1.3.3.99.01', 'C', 'Gedung H', 1977, '1.3.3.99.01', 'C', 1),
('CBEA35.1801121439154', 'REHABILITASI BERAT GEDUNG SMP NEGERI 1 BANGSAL (DAK 2012) (3)', 2015, '33652800.00', '13.02.08.01', '13.02.08.01.45', 'EEA259.12092007574474', '1.3.3.99.01', 'C', 'Gedung N', 1978, '1.3.3.99.01', 'C', 1),
('CBEA35.1801121441123', 'RAHABILITASI SEDANG SMPN 2 PUNGGING', 2014, '67305600.00', '13.02.08.01', '13.02.08.01.50', '429BEA.12092009292148', '1.3.3.99.01', 'C', 'Gedung G', 1999, '1.3.3.01.01', 'C', 1),
('CBEA35.18011214412146', 'RAHABILITASI SEDANG SMPN 2 PUNGGING (2)', 2014, '67305600.00', '13.02.08.01', '13.02.08.01.50', '429BEA.12092009480773', '1.3.3.99.01', 'C', 'Gedung L', 2007, '1.3.3.01.01', 'C', 1),
('CBEA35.18011214432146', 'RAHABILITASI BERAT SMPN 1 PACET', 2014, '75718801.00', '13.02.08.01', '13.02.08.01.53', '8E0BF7.12091711000544', '1.3.3.99.01', 'C', 'GEDUNG J', 1993, '1.3.3.99.01', 'C', 1),
('CBEA35.18011214432974', 'RAHABILITASI BERAT SMPN 1 PACET (2)', 2014, '75718801.00', '13.02.08.01', '13.02.08.01.53', '8E0BF7.12091711050190', '1.3.3.99.01', 'C', 'GEDUNG Q', 1993, '1.3.3.99.01', 'C', 1),
('CBEA35.18011214453493', 'REHABILITASI SEDANG GEDUNG SMP NEGERI 2 TRAWAS ( DAK 2012)', 2015, '68988240.00', '13.02.08.01', '13.02.08.01.57', '38FFFC.12092107274573', '1.3.3.99.01', 'C', ' Bangunan Ruang Kegiatan Belajar (Kelas)', 2006, '1.3.3.99.01', 'C', 1),
('CBEA35.18011214454366', 'REHABILITASI SEDANG GEDUNG SMP NEGERI 2 TRAWAS ( DAK 2012) (2)', 2015, '68988240.00', '13.02.08.01', '13.02.08.01.57', '38FFFC.12092108014242', '1.3.3.99.01', 'C', 'Bangunan Ruang Kegiatan Belajar (Kelas)', 2007, '1.3.3.99.01', 'C', 1),
('CBEA35.19021413301679', 'Rehabilitasi Ruang Belajar', 2017, '137910000.00', '13.02.08.01', '13.02.08.01.05', '337AE3.1209140942242', '1.3.3.99.01', 'C', 'Gedung A', 2003, '1.3.3.99.01', 'C', 1),
('CBEA35.19021413330822', 'Rehabilitasi Ruang Belajar', 2017, '244100000.00', '13.02.08.01', '13.02.08.01.05', '337AE3.12091610542145', '1.3.3.99.01', 'C', 'Bangunan Gedung C', 1985, '1.3.3.99.01', 'C', 1),
('CBEA35.19021413383696', 'Rehabilitasi Ruang Belajar', 2017, '188660000.00', '13.02.08.01', '13.02.08.01.09', '84B551.1210101329290', '1.3.3.99.01', 'C', 'Gedung A', 1990, '1.3.3.99.01', 'C', 1),
('CBEA35.19021413402851', 'Rehabilitasi Ruang Belajar', 2017, '129635000.00', '13.02.08.01', '13.02.08.01.09', 'F01F26.12092415262026', '1.3.3.99.01', 'C', 'Gedung B', 2009, '1.3.3.99.01', 'C', 1),
('CBEA35.19021413423667', 'Rehabilitasi Ruang Belajar', 2017, '259270000.00', '13.02.08.01', '13.02.08.01.06', '05376F.12092113543990', '1.3.3.99.01', 'C', 'Bangunan Gedung D', 2003, '1.3.3.99.01', 'C', 1),
('CBEA35.1902141345024', 'Rehabilitasi Ruang Belajar', 2017, '129635000.00', '13.02.08.01', '13.02.08.01.06', '05376F.12091015395357', '1.3.3.99.01', 'C', 'Bangunan Gedung A', 2003, '1.3.3.99.01', 'C', 1),
('CBEA35.19021413474945', 'Rehabilitasi Ruang Belajar', 2017, '186178000.00', '13.02.08.01', '13.02.08.01.06', '05376F.12091214314834', '1.3.3.99.01', 'C', 'Bangunan Gedung B', 2003, '1.3.3.99.01', 'C', 1),
('CBEA35.19021413490910', 'Rehabilitasi Ruang Belajar', 2017, '198590000.00', '13.02.08.01', '13.02.08.01.16', '1FB1D9.12090916111240', '1.3.3.99.01', 'C', 'Gedung A', 2007, '1.3.3.01.01', 'C', 1),
('CBEA35.19021413524644', 'Rehabilitasi Ruang Belajar', 2017, '190315000.00', '13.02.08.01', '13.02.08.01.13', '1FB1D9.12091711101977', '1.3.3.99.01', 'C', 'Gedung A', 1983, '1.3.3.99.01', 'C', 1),
('CBEA35.19021414144045', 'REHABILITASI RUANG BELAJAR', 2018, '159819000.00', '13.02.08.01', '13.02.08.01.14', '1FB1D9.12091816394183', '1.3.3.99.01', 'C', 'Gedung B', 2003, '1.3.3.99.01', 'C', 1),
('CBEA35.19021414282433', 'REHABILITASI RUANG BELAJAR ', 2018, '350240000.00', '13.02.08.01', '13.02.08.01.07', 'C66548.12091110214665', '1.3.3.99.01', 'C', 'GEDUNG B', 1989, '1.3.3.01.01', 'C', 1),
('CBEA35.19021414293459', 'REHABILITASI RUANG BELAJAR', 2018, '165507000.00', '13.02.08.01', '13.02.08.01.09', '5773B0.12091011021944', '1.3.3.99.01', 'C', 'Gedung B', 2006, '1.3.3.01.01', 'C', 1),
('CBEA35.19021414305045', 'REHABILITASI RUANG BELAJAR', 2018, '262119000.00', '13.02.08.01', '13.02.08.01.08', '645439.12091513111829', '1.3.3.99.01', 'C', 'Gedung  B ( kelas 5,6 )', 1978, '1.3.3.99.01', 'C', 1),
('CBEA35.1902171349138', ' REHABILITASI RUANG BELAJAR SMPN 1 NGORO (DAK 2018) 2', 2018, '171378333.00', '13.02.08.01', '13.02.08.01.01', '4C81CB.12092006450119', '1.3.3.99.01', 'C', 'Gedung M: Lab Komputer 1', 2009, '1.3.3.01.01', 'C', 1),
('CBEA35.1902171353298', ' REHABILITASI RUANG BELAJAR SMPN 2 GEDEG (DAK 2018) 2', 2018, '239929666.00', '13.02.08.01', '13.02.08.01.01', '826CC8.12091808395613', '1.3.3.99.01', 'C', 'Bangunan Gedung J', 1998, '1.3.3.99.01', 'C', 1),
('CBEA35.19021713540371', ' REHABILITASI RUANG BELAJAR SMPN 2 GEDEG (DAK 2018) 3', 2018, '239929667.00', '13.02.08.01', '13.02.08.01.01', '826CC8.12091808420947', '1.3.3.99.01', 'C', 'Bangunan Gedung L', 1998, '1.3.3.99.01', 'C', 1),
('CBEA35.19021714040657', ' REHABILITASI RUANG BELAJAR SMPN 2 MOJOSARI (DAK 2018) 2', 2018, '171378333.00', '13.02.08.01', '13.02.08.01.01', '424ED3.12091712094397', '1.3.3.99.01', 'C', 'Bangunan Gedung M', 2005, '1.3.3.99.01', 'C', 1),
('CBEA35.19021714043993', ' REHABILITASI RUANG BELAJAR SMPN 2 MOJOSARI (DAK 2018) 3', 2018, '171378333.00', '13.02.08.01', '13.02.08.01.01', '424ED3.12091712124063', '1.3.3.99.01', 'C', 'Bangunan Gedung P', 2008, '1.3.3.99.01', 'C', 1),
('CBEA35.1902191002367', 'REHABILITASI RUANG BELAJAR 2', 2018, '174746000.00', '13.02.08.01', '13.02.08.01.08', '645439.12091813492511', '1.3.3.99.01', 'C', 'Gedung C', 1984, '1.3.3.99.01', 'C', 1),
('CFFE36.19022015333969', 'Rehab I Stadion Gajah Mada', 2013, '237923900.00', '13.02.17.01', '13.02.17.01.01', '79A101.12102919422322', '1.3.3.01.01', 'C', 'Stadion Gajah Mada', 1991, '1.3.3.01.01', 'C', 1),
('CFFE36.19022015342167', 'Rehab II Stadion Gajah Mada', 2014, '512336000.00', '13.02.17.01', '13.02.17.01.01', '79A101.12102919422322', '1.3.3.01.01', 'C', 'Stadion Gajah Mada', 1991, '1.3.3.01.01', 'C', 1),
('CFFE36.19022015395371', 'Rehab III Stadion Gajah Mada', 2015, '1654856000.00', '13.02.17.01', '13.02.17.01.01', '79A101.12102919422322', '1.3.3.01.01', 'C', 'Stadion Gajah Mada', 1991, '1.3.3.01.01', 'C', 1),
('CFFE36.19022015421059', 'Rehab I Bangunan Gedung Dewan Kesenian', 2014, '49450000.00', '13.02.17.01', '13.02.17.01.01', 'F8DB36.15021015513741', '1.3.3.99.01', 'C', 'Bangunan Gedung Dewan Kesenian', 2003, '1.3.3.99.01', 'C', 1),
('CFFE36.19022015433149', 'Rehab I Bangunan Gedung Kantor C', 2015, '47527450.00', '13.02.17.01', '13.02.17.01.01', 'F8DB36.1502101550548', '1.3.3.01.01', 'C', 'Bangunan Gedung Kantor C', 2003, '1.3.3.01.01', 'C', 1),
('D3F435.17010509571515', 'REHAB GEDUNG', 2016, '155754000.00', '13.02.13.02', '13.02.13.02.01', 'CC330B.12092911370846', '1.3.3.01.01', 'C', 'Bangunan Gedung Kantor Permanen', 2003, '1.3.3.01.01', 'C', 1),
('D3F435.17070509210632', 'REHAB BANGUNAN GEDUNG KANTOR PERMANEN', 2017, '147402500.00', '13.02.13.02', '13.02.13.02.01', 'CC330B.12092911370846', '1.3.3.01.01', 'C', 'Bangunan Gedung Kantor Permanen', 2003, '1.3.3.01.01', 'C', 1),
('D3F435.18010911151349', 'BANGUNAN GEDUNG KANTOR PERMANEN ( REHAB GEDUNG )', 2017, '160737500.00', '13.02.13.02', '13.02.13.02.01', 'CC330B.12092911370846', '1.3.3.01.01', 'C', 'Bangunan Gedung Kantor Permanen', 2003, '1.3.3.01.01', 'C', 1),
('D3F435.18032316125087', 'REHAP GEDUNG (PEMELIHARAAN INSTALASI JARINGAN LISTRIK )', 2017, '125125000.00', '13.02.13.02', '13.02.13.02.01', 'CC330B.12092911370846', '1.3.3.01.01', 'C', 'Bangunan Gedung Kantor Permanen', 2003, '1.3.3.01.01', 'C', 1),
('D70435.18012609044027', 'REHAB BERAT GEDUNG C', 2017, '413728000.00', '13.02.08.01', '13.02.08.01.10', '07B217.1209101509383', '1.3.3.01.01', 'C', 'GEDUNG C', 2003, '1.3.3.99.01', 'C', 1),
('D8F635.15020418463013', 'REHABILITASI TINGKAT SEDANG SDN KUTOGIRANG', 2014, '80935000.00', '13.02.08.01', '13.02.08.01.12', '2F8AE6.12092013590471', '1.3.3.99.01', 'C', 'Gedung A (Kantor, Kelas VI, V dan IV)', 2008, '1.3.3.99.01', 'C', 1);
INSERT INTO `penambahan_nilai` (`pnid`, `namapn`, `tahunpn`, `nilaipn`, `lokasipn`, `subunitpn`, `asetindukid`, `kodepn`, `bidangpn`, `namainduk`, `tahuninduk`, `kodeinduk`, `bidanginduk`, `tambah_masa_manfaat`) VALUES
('D8F635.1502041852548', 'REHABILITASI TINGKAT SEDANG SDN LAKARDOWO', 2014, '72622000.00', '13.02.08.01', '13.02.08.01.08', '9B1406.12101015371715', '1.3.3.99.01', 'C', 'Gedung C (Kls VI, V, Perpus, Kantor)', 1958, '1.3.3.99.01', 'C', 1),
('D8F635.15020419050913', 'REHABILITASI SEDANG GEDUNG SDN MLATEN', 2014, '66251000.00', '13.02.08.01', '13.02.08.01.04', 'EB82E3.12092410370329', '1.3.3.99.01', 'C', 'Bangunan Gedung G', 1992, '1.3.3.99.01', 'C', 1),
('D8F635.15020419084029', 'REHABILITASI SEDANG GEDUNG SDN MLIRIP 1', 2014, '80786000.00', '13.02.08.01', '13.02.08.01.08', 'E83602.12090713373631', '1.3.3.99.01', 'C', 'Gedung H', 1985, '1.3.3.99.01', 'C', 1),
('D8F635.15020419114273', 'REHABILITASI TINGKAT BERAT SDN MLIRIP 2', 2014, '130867000.00', '13.02.08.01', '13.02.08.01.08', '645439.1209111909415', '1.3.3.99.01', 'C', 'Gedung D', 1988, '1.3.3.99.01', 'C', 1),
('D8F635.15020419144331', 'REHABILITASI TINGKAT BERAT SDN MLIRIP 3', 2014, '139766000.00', '13.02.08.01', '13.02.08.01.08', '3A9307.12091015041879', '1.3.3.99.01', 'C', 'Gedung A ( kelas 1,2,3,4 )', 2009, '1.3.3.99.01', 'C', 1),
('D8F635.15020420003792', 'REHABILITASI TINGKAT SEDANG SDN MODOPURO 2', 2014, '49419000.00', '13.02.08.01', '13.02.08.01.10', '07B217.1209101509383', '1.3.3.99.01', 'C', 'GEDUNG C', 2003, '1.3.3.99.01', 'C', 1),
('D8F635.15020420064822', 'REHABILITASI SEDANG GEDUNG SDN MOJOGEBANG', 2014, '81856000.00', '13.02.08.01', '13.02.08.01.07', 'B3F239.12091814594387', '1.3.3.99.01', 'C', 'Gedung C', 1976, '1.3.3.01.01', 'C', 1),
('D8F635.15020420101337', 'REHABILITASI SEDANG GEDUNG SDN MOJOREJO 1', 2014, '81012000.00', '13.02.08.01', '13.02.08.01.08', 'E980CE.12100810400212', '1.3.3.99.01', 'C', 'Bangunan Gedung B', 1983, '1.3.3.99.01', 'C', 1),
('D8F635.15020420323179', 'REHABILITASI SEDANG GEDUNG SDN PAKIS 1', 2014, '62188000.00', '13.02.08.01', '13.02.08.01.03', '64A045.12092409592770', '1.3.3.99.01', 'C', 'Gedung B', 2003, '1.3.3.99.01', 'C', 1),
('D8F635.15020420443565', 'REHABILITASI SEDANG GEDUNG SDN PARENGAN 1', 2014, '72978000.00', '13.02.08.01', '13.02.08.01.08', 'B1A086.12092015003357', '1.3.3.99.01', 'C', 'Gedung A', 1966, '1.3.3.99.01', 'C', 1),
('D8F635.15020422145874', 'REHABILITASI TINGKAT SEDANG SDN SIDOHARJO 2', 2014, '77525000.00', '13.02.08.01', '13.02.08.01.06', '05376F.12091410300821', '1.3.3.99.01', 'C', 'Bangunan Gedung B', 2003, '1.3.3.99.01', 'C', 1),
('D8F635.15020422465535', 'REHABILITASI SEDANG GEDUNG SDN SUMBERWONO', 2014, '56371000.00', '13.02.08.01', '13.02.08.01.05', '337AE3.12091719532844', '1.3.3.99.01', 'C', 'Bangunan Gedung C', 2003, '1.3.3.99.01', 'C', 1),
('D8F635.15020423021941', 'REHABILITASI TINGKAT SEDANG SDN TEMPURAN', 2014, '79967000.00', '13.02.08.01', '13.02.08.01.11', '527A02.1209251004571', '1.3.3.99.01', 'C', 'Gedung D', 1972, '1.3.3.99.01', 'C', 1),
('D8F635.15020423052363', 'REHABILITASI SEDANG GEDUNG SDN TEMUIRENG 1', 2014, '73709000.00', '13.02.08.01', '13.02.08.01.09', 'F01F26.12092509514065', '1.3.3.99.01', 'C', 'Gedung B', 1987, '1.3.3.99.01', 'C', 1),
('D8F635.15020423271419', 'REHABILITASI TINGKAT BERAT SDN WRINGINREJO 1', 2014, '137748000.00', '13.02.08.01', '13.02.08.01.02', '5F5D46.12091714410318', '1.3.3.99.01', 'C', 'Bangunan Gedung A', 1961, '1.3.3.99.01', 'C', 1),
('D8F635.15020423534285', 'REHAB BERAT SDN BALONGMASIN 2', 2014, '107506000.00', '13.02.08.01', '13.02.08.01.11', '527A02.1209142303504', '1.3.3.99.01', 'C', 'Gedung C', 2011, '1.3.3.99.01', 'C', 1),
('D8F635.15020500114881', 'REHAB BERAT SDN BALONGWONO', 2014, '85004000.00', '13.02.08.01', '13.02.08.01.03', '8E0BF7.12101010372611', '1.3.3.99.01', 'C', 'gedung B', 2003, '1.3.3.99.01', 'C', 1),
('D8F635.15020500232633', 'REHAB BERAT SDN BENING', 2014, '140008000.00', '13.02.08.01', '13.02.08.01.15', '8E0BF7.12091213081212', '1.3.3.99.01', 'C', 'gedung E', 1957, '1.3.3.99.01', 'C', 1),
('D8F635.15020500284719', 'REHAB BERAT SDN BERATKULON', 2014, '141174000.00', '13.02.08.01', '13.02.08.01.07', '527A02.1210091442283', '1.3.3.99.01', 'C', 'Gedung A', 2009, '1.3.3.99.01', 'C', 1),
('D8F635.15020500335841', 'REHAB BERAT SDN BLEBERAN', 2014, '45836000.00', '13.02.08.01', '13.02.08.01.16', '16E9F0.12091021063940', '1.3.3.99.01', 'C', 'Gedung A', 1982, '1.3.3.99.01', 'C', 1),
('D8F635.15020500384647', 'REHAB BERAT SDN BRAYUBLANDONG', 2014, '168759000.00', '13.02.08.01', '13.02.08.01.09', 'C66548.12092412472576', '1.3.3.99.01', 'C', 'Gedung G', 1951, '1.3.3.01.01', 'C', 1),
('D8F635.15020500440430', 'REHAB BERAT SDN CENTONG', 2014, '132507000.00', '13.02.08.01', '13.02.08.01.15', '8E0BF7.12090715002159', '1.3.3.99.01', 'C', 'Gedung B', 1961, '1.3.3.99.01', 'C', 1),
('D8F635.15020500485769', 'REHAB BERAT SDN GEBANGMALANG 1', 2014, '200011000.00', '13.02.08.01', '13.02.08.01.19', '5F5D46.12110513212125', '1.3.3.99.01', 'C', 'GEDUNG C', 2003, '1.3.3.99.01', 'C', 1),
('D8F635.15020500540956', 'REHAB BERAT SDN JABON 1', 2014, '195093000.00', '13.02.08.01', '13.02.08.01.19', '72CBE1.12090716021221', '1.3.3.99.01', 'C', 'Gedung G', 2003, '1.3.3.99.01', 'C', 1),
('D8F635.15020501065670', 'REHAB BERAT SDN JABON 2', 2014, '56837000.00', '13.02.08.01', '13.02.08.01.19', 'E980CE.12091420441888', '1.3.3.99.01', 'C', ' Gedung E', 2003, '1.3.3.99.01', 'C', 1),
('D8F635.15020501131841', 'REHAB BERAT SDN JAPANAN 1', 2014, '119006000.00', '13.02.08.01', '13.02.08.01.07', 'C66548.12090714450568', '1.3.3.99.01', 'C', 'GEDUNG F', 2009, '1.3.3.01.01', 'C', 1),
('D8F635.15020501190052', 'REHAB BERAT SDN JAPANAN 2', 2014, '148008000.00', '13.02.08.01', '13.02.08.01.07', 'C66548.12090914585025', '1.3.3.99.01', 'C', 'gedung A', 1976, '1.3.3.01.01', 'C', 1),
('D8F635.15020504432824', 'REHAB BERAT SDN JEMBUL', 2014, '266681000.00', '13.02.08.01', '13.02.08.01.16', '1FB1D9.12091312144990', '1.3.3.99.01', 'C', 'Gedung A', 2009, '1.3.3.01.01', 'C', 1),
('D8F635.15020504484618', 'REHAB BERAT SDN JETIS 1', 2014, '203803000.00', '13.02.08.01', '13.02.08.01.08', 'E83602.12090614580818', '1.3.3.99.01', 'C', 'Gedung A (TU,kelas VII A/B/C, WC/ toilet', 2003, '1.3.3.99.01', 'C', 1),
('D8F635.15020504551381', 'REHAB BERAT SDN JOLOTUNDO 1', 2014, '196052000.00', '13.02.08.01', '13.02.08.01.08', '8E0BF7.12100712182666', '1.3.3.99.01', 'C', 'gedung a', 1962, '1.3.3.99.01', 'C', 1),
('D8F635.15020505002122', 'REHAB BERAT SDN JOTANGAN', 2014, '175009000.00', '13.02.08.01', '13.02.08.01.10', '07B217.1209111136084', '1.3.3.99.01', 'C', 'GEDUNG B', 2003, '1.3.3.99.01', 'C', 1),
('D8F635.15020505054039', 'REHAB BERAT SDN KALIPURO', 2014, '65837000.00', '13.02.08.01', '13.02.08.01.11', '1FB1D9.12091514583754', '1.3.3.99.01', 'C', 'Gedung A', 2008, '1.3.3.01.01', 'C', 1),
('D8F635.1502050510484', 'REHAB BERAT SDN KARANGDIYENG 1', 2014, '187736000.00', '13.02.08.01', '13.02.08.01.13', '9B1406.1209181401336', '1.3.3.99.01', 'C', 'Gedung B ( Kls1-, Musholla, KM/WC)', 2003, '1.3.3.99.01', 'C', 1),
('D8F635.15020505154637', 'REHAB BERAT SDN KEBONAGUNG', 2014, '143341000.00', '13.02.08.01', '13.02.08.01.04', '337AE3.12092509513555', '1.3.3.99.01', 'C', 'Bangunan Gedung G', 1980, '1.3.3.99.01', 'C', 1),
('D8F635.15020505213890', 'REHAB BERAT SDN KEDUNGGEMPOL', 2014, '187510000.00', '13.02.08.01', '13.02.08.01.10', '1B8F21.12091511423022', '1.3.3.99.01', 'C', 'GEDUNG C', 2010, '1.3.3.99.01', 'C', 1),
('D8F635.15020506572713', 'REHAB BERAT SDN KEDUNGMUNGAL', 2014, '130007000.00', '13.02.08.01', '13.02.08.01.11', '84B551.12101008010412', '1.3.3.99.01', 'C', 'Gedung C', 2009, '1.3.3.99.01', 'C', 1),
('D90835.17020916242738', 'PEMELIHARAAN OBYEK WISATA SITI INGGIL', 2016, '98825000.00', '13.02.17.01', '13.02.17.01.01', 'F31A36.15011800501291', '1.3.3.99.01', 'C', 'DAERAH TEMPAT WISATA SITI INGGIL', 2003, '1.3.3.99.01', '0', 1),
('D90835.17021012225869', 'PEMELIHARAAN RUTIN/BERKALA GEDUNG KANTOR', 2016, '49770000.00', '13.02.17.01', '13.02.17.01.01', 'F8DB36.15021015503773', '1.3.3.01.01', 'C', 'Bangunan Gedung Kantor A', 2003, '1.3.3.01.01', 'C', 1),
('D90835.17021012380573', 'PEMELIHARAAN AIR TERJUN DLUNDUNG', 2016, '49328000.00', '13.02.17.01', '13.02.17.01.01', 'F31A36.15011800192857', '1.3.3.99.01', 'C', 'OBYEK WISATA AIR TERJUN DLUNDUNG TRAWAS', 2003, '1.3.3.99.01', '0', 1),
('D90835.17021013255521', 'REHAB BANGUNAN PENGINAPAN DAN LOKET JOLOTUNDO TRAWAS', 2016, '49335000.00', '13.02.17.01', '13.02.17.01.01', 'F31A36.15011721151132', '1.3.3.99.01', 'C', 'BANGUNAN PENGINAPAN DAN LOKET JOLOTUNDO', 2003, '1.3.3.99.01', '0', 1),
('DC8F35.17013010110578', 'Gedung J (Rehab )', 2016, '100000000.00', '13.02.08.01', '13.02.08.01.56', '5773B0.12091622383181', '1.3.3.01.01', 'C', 'GEDUNG J', 2003, '1.3.3.01.01', 'C', 1),
('DC8F35.17013010113377', 'Gedung F (Rehab )', 2016, '147493000.00', '13.02.08.01', '13.02.08.01.56', '5773B0.12091622352511', '1.3.3.01.01', 'C', 'Gedung F', 2003, '1.3.3.01.01', 'C', 1),
('DCFB35.18012509452621', 'REHAB GEDUNG C KEMENDIKBUD 2017', 2017, '1309242000.00', '13.02.08.01', '13.02.08.01.38', '14CDB3.12091911315265', '1.3.3.01.01', 'C', 'GEDUNG C', 2003, '1.3.3.99.01', 'C', 1),
('DDF735.18050315162591', 'Pembangunan RKB SMPN 2 PUNGGING DAK 2011', 2011, '89100000.00', '13.02.08.01', '13.02.08.01.50', '429BEA.12092009572471', '1.3.3.99.01', 'C', 'Gedung N', 2008, '1.3.3.01.01', 'C', 1),
('DDF735.18102208022058', ' REHABILITASI RUANG BELAJAR SDN TAWANGREJO (DAK 2018) ', 2018, '183687000.00', '13.02.08.01', '13.02.08.01.01', '16E9F0.12091620222675', '1.3.3.99.01', 'C', 'Bangunan Gedung  B', 1981, '1.3.3.99.01', 'C', 1),
('DDF735.18102208083750', ' REHABILITASI RUANG BELAJAR SDN GONDANG (DAK 2018) ', 2018, '254336000.00', '13.02.08.01', '13.02.08.01.01', '8E0BF7.12090714131182', '1.3.3.99.01', 'C', 'Gedung C', 1909, '1.3.3.99.01', 'C', 1),
('DDF735.18102208152537', ' REHABILITASI RUANG BELAJAR SDN WIYU (DAK 2018) ', 2018, '339114000.00', '13.02.08.01', '13.02.08.01.01', '8E0BF7.12091409442040', '1.3.3.99.01', 'C', 'gedung A', 2008, '1.3.3.99.01', 'C', 1),
('DDF735.1810220821594', ' REHABILITASI RUANG BELAJAR SDN LOLAWANG (DAK 2018) ', 2018, '254336000.00', '13.02.08.01', '13.02.08.01.01', 'CBEA35.18120621334858', '1.3.3.99.01', 'C', 'PEMB. KAMAR MANDI / JAMBAN SISWA DAN GURU SDN JIYU 1 ', 2018, '1.3.3.99.01', 'C', 1),
('DDF735.18102208282131', ' REHABILITASI RUANG BELAJAR SDN SEDURI 1 (DAK 2018) ', 2018, '423893000.00', '13.02.08.01', '13.02.08.01.01', '64A045.12100517530595', '1.3.3.99.01', 'C', 'Gedung B', 1982, '1.3.3.99.01', 'C', 1),
('DDF735.18102208344434', ' REHABILITASI RUANG BELAJAR SDN PANGGIH (DAK 2018) ', 2018, '339114000.00', '13.02.08.01', '13.02.08.01.01', '64A045.1209181455538', '1.3.3.99.01', 'C', 'Gedung B', 2003, '1.3.3.99.01', 'C', 1),
('DDF735.18102208382160', ' REHABILITASI RUANG BELAJAR SDN SENTONOREJO (DAK 2018) ', 2018, '423893000.00', '13.02.08.01', '13.02.08.01.01', '64A045.12091714303020', '1.3.3.99.01', 'C', 'Gedung A', 2003, '1.3.3.99.01', 'C', 1),
('DDF735.18102208471573', ' REHABILITASI RUANG BELAJAR SDN MOJOREJO 1 (DAK 2018) ', 2018, '254336000.00', '13.02.08.01', '13.02.08.01.01', '645439.12091414115950', '1.3.3.99.01', 'C', 'Gedung B ( kelas 1,2 )', 1983, '1.3.3.01.01', 'C', 1),
('DDF735.18102208521811', ' REHABILITASI RUANG BELAJAR SDN PARINGAN 1 (DAK 2018) ', 2018, '169557000.00', '13.02.08.01', '13.02.08.01.01', 'B1A086.12092015025980', '1.3.3.99.01', 'C', 'Gedung B', 1966, '1.3.3.99.01', 'C', 1),
('DDF735.18102208563352', ' REHABILITASI RUANG BELAJAR SDN LENGKONG 2 (DAK 2018) ', 2018, '86855000.00', '13.02.08.01', '13.02.08.01.01', 'E980CE.12091223590912', '1.3.3.99.01', 'C', 'Gedung B', 1966, '1.3.3.99.01', 'C', 1),
('DDF735.18102214361498', ' REHABILITASI RUANG BELAJAR SMPN 2 GEDEG (DAK 2018) 1', 2018, '239929667.00', '13.02.08.01', '13.02.08.01.01', '826CC8.12091808380455', '1.3.3.99.01', 'C', 'Bangunan Gedung D', 1998, '1.3.3.99.01', 'C', 1),
('DDF735.1810221457034', ' REHABILITASI RUANG BELAJAR SMPN 1 KEMLAGI (DAK 2018) ', 2018, '359894500.00', '13.02.08.01', '13.02.08.01.01', '3AE8F8.06011406155813', '1.3.3.99.01', 'C', 'GEDUNG K', 2008, '1.3.3.99.01', 'C', 1),
('DDF735.18102215025977', ' REHABILITASI RUANG BELAJAR SMPN 2 MOJOSARI (DAK 2018) 1', 2018, '171378334.00', '13.02.08.01', '13.02.08.01.01', '424ED3.12091712020316', '1.3.3.99.01', 'C', 'Bangunan Gedung H', 1996, '1.3.3.99.01', 'C', 1),
('DDF735.18102215064859', ' REHABILITASI RUANG BELAJAR SMPN 1 GONDANG (DAK 2018) ', 2018, '205654000.00', '13.02.08.01', '13.02.08.01.01', '1FB1D9.12090714564117', '1.3.3.99.01', 'C', 'GEDUNG S', 2009, '1.3.3.01.01', 'C', 1),
('DDF735.18102215103259', ' REHABILITASI RUANG BELAJAR SMPN 1 BANGSAL (DAK 2018) ', 2018, '308481000.00', '13.02.08.01', '13.02.08.01.01', 'EEA259.12091901590989', '1.3.3.99.01', 'C', 'Gedung A', 1986, '1.3.3.99.01', 'C', 1),
('DDF735.1810221513492', ' REHABILITASI RUANG BELAJAR SMPN 3 GONDANG (DAK 2018) ', 2018, '205654000.00', '13.02.08.01', '13.02.08.01.01', 'AE1A14.12092206412839', '1.3.3.99.01', 'C', 'Gedung G (kls IXA,B)', 2011, '1.3.3.99.01', 'C', 1),
('DDF735.1810221517329', ' REHABILITASI RUANG BELAJAR SMPN 1 NGORO (DAK 2018) 1', 2018, '171378334.00', '13.02.08.01', '13.02.08.01.01', '4C81CB.12092006395914', '1.3.3.99.01', 'C', 'Gedung K: Ruang Lap IPA, Kelas Fisika', 2007, '1.3.3.01.01', 'C', 1),
('DDF735.18102215225458', ' REHABILITASI RUANG BELAJAR SMPN 1 MOJOSARI (DAK 2018) ', 2018, '411266000.00', '13.02.08.01', '13.02.08.01.01', '1DB18C.13021110262674', '1.3.3.99.01', 'C', 'Gedung D', 2012, '1.3.3.99.01', 'C', 1),
('DDF735.18102316305123', 'PENGERASAN HALAMAN DAN DRAINASE SDN JEMBUL KEC. JATIREJO (TMMD)', 2018, '181436000.00', '13.02.08.01', '13.02.08.01.01', '1FB1D9.12091312144990', '1.3.3.99.01', 'C', 'Gedung A', 2009, '1.3.3.01.01', 'C', 1),
('DDF735.19021809100521', ' REHABILITASI RUANG BELAJAR SMPN 1 KEMLAGI (DAK 2018) ', 2018, '359894500.00', '13.02.08.01', '13.02.08.01.01', '3AE8F8.06011406065048', '1.3.3.99.01', 'C', 'GEDUNG G', 2007, '1.3.3.99.01', 'C', 1),
('DE2835.18011208031396', 'REHAB GEDUNG SMPN 1 PURI (gdg K)', 2015, '150000000.00', '13.02.08.01', '13.02.08.01.34', '595506.12090912421435', '1.3.3.99.01', 'C', 'Bangunan Gedung 11', 1982, '1.3.3.01.01', 'C', 1),
('DE2835.1801120804468', 'REHAB GEDUNG C', 2015, '100000000.00', '13.02.08.01', '13.02.08.01.34', '595506.12090911552449', '1.3.3.99.01', 'C', 'Bangunan Gedung 3', 1985, '1.3.3.01.01', 'C', 1),
('DE2835.18011208081928', 'Rehab Berat', 2015, '100000000.00', '13.02.08.01', '13.02.08.01.36', '071B64.12091312250690', '1.3.3.99.01', 'C', 'Gedung A', 2002, '1.3.3.01.01', 'C', 1),
('DE2835.18011208090965', 'REHAB SEDANG', 2015, '100000000.00', '13.02.08.01', '13.02.08.01.36', '071B64.12091320030888', '1.3.3.99.01', 'C', 'Gedung E', 2003, '1.3.3.01.01', 'C', 1),
('DE2835.18011208131517', 'Rehabilitasi Ruang Kelas 9A', 2012, '45000000.00', '13.02.08.01', '13.02.08.01.46', '8E643C.12091710294856', '1.3.3.99.01', 'C', 'GEDUNG C', 2003, '1.3.3.99.01', 'C', 1),
('DE2835.18011208134022', 'Rehabilitasi Ruang Kelas 9B', 2012, '45000000.00', '13.02.08.01', '13.02.08.01.46', '8E643C.12091710294856', '1.3.3.99.01', 'C', 'GEDUNG C', 2003, '1.3.3.99.01', 'C', 1),
('DE2835.18011208140615', 'Rehabilitasi Lab. Komputer', 2012, '45000000.00', '13.02.08.01', '13.02.08.01.46', '8E643C.12091710294856', '1.3.3.99.01', 'C', 'GEDUNG C', 2003, '1.3.3.99.01', 'C', 1),
('DE2835.18011208193331', 'Rehap Gedung', 2015, '100000000.00', '13.02.08.01', '13.02.08.01.48', '424ED3.12091712104370', '1.3.3.99.01', 'C', 'Bangunan Gedung N', 1986, '1.3.3.99.01', 'C', 1),
('DE2835.18011208223084', 'Rehab Ruang Kelas SMPN  2 PUNGGING', 2015, '75000000.00', '13.02.08.01', '13.02.08.01.50', '429BEA.12092009572471', '1.3.3.99.01', 'C', 'Gedung N', 2008, '1.3.3.01.01', 'C', 1),
('DE2835.18011208232991', 'Rehab Ruang Kelas SMPN  2 PUNGGING (2)', 2015, '75000000.00', '13.02.08.01', '13.02.08.01.50', '429BEA.12092010010012', '1.3.3.99.01', 'C', 'Gedung M', 2009, '1.3.3.01.01', 'C', 1),
('DE2835.18011208272990', 'Rehab Gedung C', 2015, '50000000.00', '13.02.08.01', '13.02.08.01.78', '1DB18C.13012017365191', '1.3.3.99.01', 'C', 'Gedung A', 2012, '1.3.3.99.01', 'C', 1),
('DF0235.18012422522727', 'Rehab Gedung U', 2017, '92089918.00', '13.02.08.01', '13.02.08.01.26', '1DB18C.13012019443487', '1.3.3.99.01', 'C', 'PEMBANGUNAN RKB SMPN1 GEDEG ( DAK 2011 ) ', 2012, '1.3.3.99.01', 'C', 1),
('DF0235.18012422561861', 'Rehab  Gedung F', 2017, '38157518.00', '13.02.08.01', '13.02.08.01.26', '2F8AE6.12091819293779', '1.3.3.99.01', 'C', 'Gedung F (Lab. IPA dan Gudang)', 2003, '1.3.3.99.01', 'C', 1),
('DF0235.18012422584484', 'Rehab Gedung G', 2017, '117880605.00', '13.02.08.01', '13.02.08.01.26', '2F8AE6.12091819302641', '1.3.3.99.01', 'C', 'Gedung G (Perpustakaan, Kopsis & Ruang OSIS)', 2003, '1.3.3.99.01', 'C', 1),
('DF0235.18012423002893', 'Rehab  Gedung M ', 2017, '34632850.00', '13.02.08.01', '13.02.08.01.26', '2F8AE6.12091819362968', '1.3.3.99.01', 'C', 'Gedung M (Kelas VII-G, Kelas VII-H dan Ruang UKS)', 2003, '1.3.3.99.01', 'C', 1),
('DF0235.18012423020457', 'Rehab  Gedung K', 2017, '34632850.00', '13.02.08.01', '13.02.08.01.26', '2F8AE6.12091819340841', '1.3.3.99.01', 'C', 'Gedung K (Kelas VIII-G dan Kelas VIII-H)', 2003, '1.3.3.99.01', 'C', 1),
('DF0235.18012423032216', 'Rehab Gedung V', 2017, '34632850.00', '13.02.08.01', '13.02.08.01.26', '2F8AE6.12091819420725', '1.3.3.99.01', 'C', 'Gedung V (Pos Satpam)', 2003, '1.3.3.99.01', 'C', 1),
('DF0235.18012423045788', 'Rehab  Gedung N', 2017, '5126384.00', '13.02.08.01', '13.02.08.01.26', '2F8AE6.12091819371867', '1.3.3.99.01', 'C', 'Gedung N (KM/WC Siswa/Siswi)', 2003, '1.3.3.99.01', 'C', 1),
('DF3237.18020123270412', 'REHAB GEDUNG KANTOR DISPARPORA', 2017, '59085000.00', '13.02.17.01', '13.02.17.01.01', 'F8DB36.15021015503773', '1.3.3.01.01', 'C', 'Bangunan Gedung Kantor A', 2003, '1.3.3.01.01', 'C', 1),
('DF3237.18020209384645', 'REHAB GEDUNG WISATA AIR PANAS', 2017, '155025000.00', '13.02.17.01', '13.02.17.01.01', 'F8DB36.15021015543552', '1.3.3.99.01', 'C', 'LOKET / KANTOR AIR PANAS PADUSAN', 2003, '1.3.3.04.01', 'C', 1),
('DF3237.18020211062340', 'REHAB BANGUNAN PENGINAPAN DAN LOKET JOLOTUNDO', 2017, '147730000.00', '13.02.17.01', '13.02.17.01.01', 'F31A36.15011721151132', '1.3.3.99.01', 'C', 'BANGUNAN PENGINAPAN DAN LOKET JOLOTUNDO', 2003, '1.3.3.99.01', '0', 1),
('DF3237.18020215093516', 'REHAB GEDUNG OBYEK WISATA AIR TERJUN DLUNDUNG', 2017, '144886000.00', '13.02.17.01', '13.02.17.01.01', 'F31A36.15011800192857', '1.3.3.01.01', 'C', 'OBYEK WISATA AIR TERJUN DLUNDUNG TRAWAS', 2003, '1.3.3.99.01', '0', 1),
('DFE535.1612271548470', 'REHABILITASI BERAT GEDUNG SDN KUTOPORONG (DAK 2011)', 2016, '100244400.00', '13.02.08.01', '13.02.08.01.05', '337AE3.1209140943050', '1.3.3.99.01', '0', 'Gedung B', 1999, '1.3.3.99.01', 'C', 1),
('DFE535.1708221524381', 'REHABILITASI SEDANG GEDUNG SDN BANGUN (DAK 2017)', 2017, '165492000.00', '13.02.08.01', '13.02.08.01.01', '527A02.12091514345073', '1.3.3.99.01', '0', 'Gedung C', 1980, '1.3.3.99.01', 'C', 1),
('DFE535.17082215281846', 'REHABILITASI SEDANG GEDUNG SDN BANYULEGI (DAK 2017)', 2017, '82746000.00', '13.02.08.01', '13.02.08.01.01', '0AAA4A.1209211427340', '1.3.3.99.01', '0', 'Gedung A', 1951, '1.3.3.99.01', 'C', 1),
('DFE535.17082215353475', 'REHABILITASI SEDANG GEDUNG SDN BERATWETAN 1 (DAK 2017)', 2017, '82756000.00', '13.02.08.01', '13.02.08.01.01', '05376F.12092510322875', '1.3.3.99.01', '0', 'Bangunan Gedung A', 2003, '1.3.3.99.01', 'C', 1),
('DFE535.17082308015545', 'REHABILITASI SEDANG GEDUNG SDN BETRO (DAK 2017)', 2017, '51500000.00', '13.02.08.01', '13.02.08.01.01', 'C66548.12091110271210', '1.3.3.99.01', '0', 'GEDUNG D', 1989, '1.3.3.01.01', 'C', 1),
('DFE535.1708230804331', 'REHABILITASI SEDANG GEDUNG SDN DOMAS (DAK 2017)', 2017, '165492000.00', '13.02.08.01', '13.02.08.01.01', '64A045.12092410364257', '1.3.3.99.01', '0', 'Gedung C', 2003, '1.3.3.99.01', 'C', 1),
('DFE535.17082308113872', 'REHABILITASI SEDANG GEDUNG SDN GEDANGAN 2 (DAK 2017)', 2017, '41373000.00', '13.02.08.01', '13.02.08.01.01', '9B1406.12091512404670', '1.3.3.99.01', '0', 'Gedung C', 1981, '1.3.3.99.01', 'C', 1),
('DFE535.17082308135084', 'REHABILITASI SEDANG GEDUNG SDN JABON 1 (DAK 2017)', 2017, '165492000.00', '13.02.08.01', '13.02.08.01.01', '72CBE1.12090714384816', '1.3.3.99.01', '0', 'Gedung A', 2003, '1.3.3.99.01', 'C', 1),
('DFE535.17082308160819', 'REHABILITASI SEDANG GEDUNG SDN KEDUNGUDI (DAK 2017)', 2017, '124119000.00', '13.02.08.01', '13.02.08.01.01', '0AAA4A.12091209491126', '1.3.3.99.01', '0', 'Bangunan Gedung A', 2008, '1.3.3.99.01', 'C', 1),
('DFE535.17082308181684', 'REHABILITASI SEDANG GEDUNG SDN KETAPANRAME 1 (DAK 2017)', 2017, '124119000.00', '13.02.08.01', '13.02.08.01.01', '0AAA4A.12090914181343', '1.3.3.99.01', '0', 'Bangunan Gedung Pendidikan Permanen G', 1952, '1.3.3.99.01', 'C', 1),
('DFE535.17082308324795', 'REHABILITASI SEDANG GEDUNG SDN MADURESO (DAK 2017)', 2017, '182041000.00', '13.02.08.01', '13.02.08.01.01', 'F01F26.12092109485848', '1.3.3.99.01', '0', 'Gedung A', 2008, '1.3.3.99.01', 'C', 1),
('DFE535.17082308360414', 'REHABILITASI SEDANG GEDUNG SDN MEJOYO (DAK 2017)', 2017, '41373000.00', '13.02.08.01', '13.02.08.01.01', '337AE3.12091413304275', '1.3.3.99.01', '0', 'Bangunan Gedung  A', 1972, '1.3.3.99.01', 'C', 1),
('DFE535.1708230837591', 'REHABILITASI SEDANG GEDUNG SDN MENANGGAL (DAK 2017)', 2017, '124119000.00', '13.02.08.01', '13.02.08.01.01', '1B8F21.12091709031443', '1.3.3.99.01', '0', 'GEDUNG A', 2009, '1.3.3.99.01', 'C', 1),
('DFE535.17082308442824', 'REHABILITASI SEDANG GEDUNG SDN MOJOROTO (DAK 2017)', 2017, '41373000.00', '13.02.08.01', '13.02.08.01.01', 'B1A086.12092013164251', '1.3.3.99.01', '0', 'Gedung B', 1981, '1.3.3.99.01', 'C', 1),
('DFE535.1708230847030', 'REHABILITASI SEDANG GEDUNG SDN MOJOWONO (DAK 2017)', 2017, '55164000.00', '13.02.08.01', '13.02.08.01.01', 'FF1D46.1501300800362', '1.3.3.99.01', '0', 'GEDUNG C', 2014, '1.3.3.99.01', 'C', 1),
('DFE535.17082308492270', 'REHABILITASI SEDANG GEDUNG SDN NGROWO 2 (DAK 2017)', 2017, '41373000.00', '13.02.08.01', '13.02.08.01.01', '337AE3.12092210022573', '1.3.3.99.01', '0', 'Bangunan Gedung C', 1987, '1.3.3.99.01', 'C', 1),
('DFE535.17082308514835', 'REHABILITASI SEDANG GEDUNG SDN PAKIS 1 (DAK 2017)', 2017, '41373000.00', '13.02.08.01', '13.02.08.01.01', '64A045.12092410054612', '1.3.3.99.01', '0', 'Gedung D', 2003, '1.3.3.99.01', 'C', 1),
('DFE535.17082308563253', 'REHABILITASI SEDANG GEDUNG SDN PAKIS 2 (DAK 2017) (1)', 2017, '71442000.00', '13.02.08.01', '13.02.08.01.01', '64A045.12092419063154', '1.3.3.99.01', '0', 'Gedung B', 2003, '1.3.3.99.01', 'C', 1),
('DFE535.17082309142717', 'REHABILITASI SEDANG GEDUNG SDN SOOKO 2 (DAK 2017)', 2017, '124119000.00', '13.02.08.01', '13.02.08.01.01', '72CBE1.12091210143572', '1.3.3.99.01', '0', 'Bangunan Gedung A', 2003, '1.3.3.99.01', 'C', 1),
('DFE535.17082309163639', 'REHABILITASI SEDANG GEDUNG SDN SUMBERGIRANG 1 (DAK 2017)', 2017, '165492000.00', '13.02.08.01', '13.02.08.01.01', 'E980CE.12091321004434', '1.3.3.99.01', '0', 'Bangunan Gedung A', 2003, '1.3.3.99.01', 'C', 1),
('DFE535.17082309202893', 'REHABILITASI SEDANG GEDUNG SDN WRINGINREJO 2 (DAK 2017)', 2017, '41373000.00', '13.02.08.01', '13.02.08.01.01', 'D8F635.15020423303715', '1.3.3.99.01', '0', 'PEMBANGUNAN RUANG PERPUSTAKAAN SDN WRINGINREJO 2', 2014, '1.3.3.99.01', 'C', 1),
('DFE535.17082309241550', 'REHABILITASI SEDANG GEDUNG SDN WUNUT 2 (DAK 2017)', 2017, '124119000.00', '13.02.08.01', '13.02.08.01.01', '72CBE1.12090912243326', '1.3.3.99.01', '0', 'Bangunan Gedung C', 1981, '1.3.3.99.01', 'C', 1),
('DFE535.17082309272663', 'REHABILITASI BERAT GEDUNG SMPN 1 BANGSAL (DAK 2017)', 2017, '141795000.00', '13.02.08.01', '13.02.08.01.01', 'EEA259.12092003204748', '1.3.3.99.01', '0', 'Gedung G', 1977, '1.3.3.99.01', 'C', 1),
('DFE535.17082309294644', 'REHABILITASI SEDANG GEDUNG SMPN 1 GONDANG (DAK 2017) (1)', 2017, '47779000.00', '13.02.08.01', '13.02.08.01.01', '1FB1D9.12090714365993', '1.3.3.99.01', '0', 'GEDUNG C', 1983, '1.3.3.01.01', 'C', 1),
('DFE535.17082309315428', 'REHABILITASI BERAT GEDUNG SMPN 1 KEMLAGI (DAK 2017)', 2017, '246000000.00', '13.02.08.01', '13.02.08.01.01', '3AE8F8.06011405583826', '1.3.3.99.01', '0', 'GEDUNG E', 1984, '1.3.3.99.01', 'C', 1),
('DFE535.17082309381338', 'REHABILITASI BERAT GEDUNG SMPN 1 MOJOANYAR (DAK 2017) (1)', 2017, '99673000.00', '13.02.08.01', '13.02.08.01.01', 'CC330B.12092613080170', '1.3.3.99.01', '0', 'Gedung I', 2003, '1.3.3.99.01', 'C', 1),
('DFE535.17082309482085', 'REHABILITASI SEDANG GEDUNG SMPN 1 PUNGGING (DAK 2017) (1)', 2017, '107887500.00', '13.02.08.01', '13.02.08.01.01', 'B89D96.12091715441196', '1.3.3.99.01', '0', 'Bangunan Gedung Pendidikan Permanen H', 2008, '1.3.3.99.01', 'C', 1),
('DFE535.17082309503879', 'REHABILITASI SEDANG GEDUNG SMPN 2 DAWARBLANDONG (DAK 2017) (1)', 2017, '97524400.00', '13.02.08.01', '13.02.08.01.01', 'A0CC05.12091812342696', '1.3.3.99.01', '0', 'Gedung M', 1990, '1.3.3.99.01', 'C', 1),
('DFE535.17082309525283', 'REHABILITASI SEDANG GEDUNG SMPN 2 GONDANG (DAK 2017)', 2017, '109261000.00', '13.02.08.01', '13.02.08.01.01', '071B64.12091320251781', '1.3.3.99.01', '0', 'Gedung J', 2002, '1.3.3.01.01', 'C', 1),
('DFE535.17082309544695', 'REHABILITASI SEDANG GEDUNG SMPN 2 KUTOREJO (DAK 2017)', 2017, '95558000.00', '13.02.08.01', '13.02.08.01.01', '2D02B1.12091710451546', '1.3.3.99.01', '0', 'Gedung C', 1997, '1.3.3.01.01', 'C', 1),
('DFE535.17082309564626', 'REHABILITASI BERAT GEDUNG SMPN 2 MOJOANYAR (DAK 2017) (1)', 2017, '140554000.00', '13.02.08.01', '13.02.08.01.01', 'D1B657.12090912223297', '1.3.3.99.01', '0', 'Bangunan Gedung J', 2003, '1.3.3.99.01', 'C', 1),
('DFE535.1708230959415', 'REHABILITASI BERAT GEDUNG SDN BERATWETAN 2 SILPA DAK (2011 S/D 2015)', 2017, '63439000.00', '13.02.08.01', '13.02.08.01.01', '05376F.12091312215398', '1.3.3.99.01', '0', 'Bangunan Gedung B', 1995, '1.3.3.99.01', 'C', 1),
('DFE535.17082310030049', 'REHABILITASI BERAT GEDUNG SDN JABON 2 SILPA DAK (2011 S/D 2015)', 2017, '126565000.00', '13.02.08.01', '13.02.08.01.01', 'E980CE.12091420441888', '1.3.3.99.01', '0', ' Gedung E', 2003, '1.3.3.99.01', 'C', 1),
('DFE535.17082310065443', 'REHABILITASI BERAT GEDUNG SDN KARANGJERUK SILPA DAK (2011 S/D 2015)', 2017, '190316000.00', '13.02.08.01', '13.02.08.01.01', '1FB1D9.12091413113650', '1.3.3.99.01', '0', 'Gedung B', 1981, '1.3.3.01.01', 'C', 1),
('DFE535.17082310093593', 'REHABILITASI SEDANG GEDUNG SDN KARANGKUTEN SILPA DAK (2011 S/D 2015)', 2017, '128315000.00', '13.02.08.01', '13.02.08.01.01', 'E22567.12091712433758', '1.3.3.99.01', '0', 'Gedung A', 2009, '1.3.3.99.01', 'C', 1),
('DFE535.17082310121930', 'REHABILITASI SEDANG GEDUNG SDN KEPUHPANDAK 2 SILPA DAK (2011 S/D 2015)', 2017, '45510000.00', '13.02.08.01', '13.02.08.01.01', '9B1406.1209111250481', '1.3.3.99.01', '0', 'Gedung D', 1982, '1.3.3.99.01', 'C', 1),
('DFE535.17082310141530', 'REHABILITASI SEDANG GEDUNG SDN KUMITIR 1 SILPA DAK (2011 S/D 2015)', 2017, '136531000.00', '13.02.08.01', '13.02.08.01.01', '1FB1D9.1209091225063', '1.3.3.99.01', '0', 'Gedung B', 2008, '1.3.3.01.01', 'C', 1),
('DFE535.17082310162113', 'REHABILITASI SEDANG GEDUNG SDN KUTOREJO SILPA DAK (2011 S/D 2015)', 2017, '182041000.00', '13.02.08.01', '13.02.08.01.01', '6E0227.12100311183813', '1.3.3.99.01', '0', 'Gedung B (Kls IA,IB, IIA,IIB, VB, IIIA, Kantin)', 2008, '1.3.3.99.01', 'C', 1),
('DFE535.17082310190457', 'REHABILITASI BERAT GEDUNG SDN PANGGIH SILPA DAK (2011 S/D 2015)', 2017, '206865000.00', '13.02.08.01', '13.02.08.01.01', '64A045.12091814552916', '1.3.3.99.01', '0', 'Gedung A', 2003, '1.3.3.99.01', 'C', 1),
('DFE535.17082310310776', 'REHABILITASI SEDANG GEDUNG SDN SAJEN 2 SILPA DAK (2011 S/D 2015)', 2017, '176525000.00', '13.02.08.01', '13.02.08.01.01', 'EB82E3.12091012305182', '1.3.3.99.01', '0', 'Bangunan Gedung B', 2008, '1.3.3.99.01', 'C', 1),
('DFE535.1708231034255', 'REHABILITASI SEDANG GEDUNG SDN SAMBILAWANG SILPA DAK (2011 S/D 2015)', 2017, '85504000.00', '13.02.08.01', '13.02.08.01.01', '1B8F21.12092208413716', '1.3.3.99.01', '0', 'GEDUNG F', 2012, '1.3.3.99.01', 'C', 1),
('DFE535.17082310363260', 'REHABILITASI SEDANG GEDUNG SDN SUMBERAGUNG SILPA DAK (2011 S/D 2015)', 2017, '99296000.00', '13.02.08.01', '13.02.08.01.01', '1FB1D9.12091010174355', '1.3.3.99.01', '0', 'Gedung B', 1913, '1.3.3.01.01', 'C', 1),
('DFE535.17082310383123', 'REHABILITASI SEDANG GEDUNG SDN SUMBERSONO SILPA DAK (2011 S/D 2015)', 2017, '128256000.00', '13.02.08.01', '13.02.08.01.01', '1B8F21.12092008112751', '1.3.3.99.01', '0', 'GEDUNG A', 2003, '1.3.3.99.01', 'C', 1),
('DFE535.17082310401531', 'REHABILITASI SEDANG GEDUNG SDN SUMBERTANGGUL 1 SILPA DAK (2011 S/D 2015)', 2017, '148943000.00', '13.02.08.01', '13.02.08.01.01', '07B217.12090810545868', '1.3.3.99.01', '0', 'GEDUNG A', 1964, '1.3.3.99.01', 'C', 1),
('DFE535.17082310421433', 'REHABILITASI BERAT GEDUNG SDN SUMBERTANGGUL 2 SILPA DAK (2011 S/D 2015)', 2017, '63439000.00', '13.02.08.01', '13.02.08.01.01', '07B217.12091011054994', '1.3.3.99.01', '0', 'GEDUNG F', 2008, '1.3.3.99.01', 'C', 1),
('DFE535.17082310440364', 'REHABILITASI SEDANG GEDUNG SDN TALOK 1 SILPA DAK (2011 S/D 2015)', 2017, '210313000.00', '13.02.08.01', '13.02.08.01.01', 'EB82E3.12091910355324', '1.3.3.99.01', '0', 'Gedung A', 1929, '1.3.3.99.01', 'C', 1),
('DFE535.17082310462382', 'REHABILITASI SEDANG GEDUNG SDN TUNGGALPAGER SILPA DAK (2011 S/D 2015)', 2017, '124533000.00', '13.02.08.01', '13.02.08.01.01', '527A02.12100912244889', '1.3.3.99.01', '0', 'Gedung D', 2009, '1.3.3.99.01', 'C', 1),
('DFE535.17082310481921', 'REHABILITASI BERAT GEDUNG SDN WATUKENONGO 2 SILPA DAK (2011 S/D 2015)', 2017, '63439000.00', '13.02.08.01', '13.02.08.01.01', '8E0BF7.1210051115363', '1.3.3.99.01', '0', 'GEDUNG G', 2003, '1.3.3.99.01', 'C', 1),
('DFE535.17082310512332', 'REHABILITASI SEDANG GEDUNG SMPN 1 JATIREJO SILPA DAK (2011 S/D 2015)', 2017, '186178000.00', '13.02.08.01', '13.02.08.01.01', 'D041BD.12091817501459', '1.3.3.99.01', '0', 'Gedung J', 2003, '1.3.3.99.01', 'C', 1),
('DFE535.17082310571923', 'REHABILITASI SEDANG GEDUNG SMPN 1 KUTOREJO SILPA DAK (2011 S/D 2015)', 2017, '139634000.00', '13.02.08.01', '13.02.08.01.01', 'B17050.12091807542187', '1.3.3.99.01', '0', 'Bangunan Gedung A', 2003, '1.3.3.99.01', 'C', 1),
('DFE535.17082310592653', 'REHABILITASI SEDANG GEDUNG SMPN 1 MOJOSARI SILPA DAK (2011 S/D 2015) (1)', 2017, '77574000.00', '13.02.08.01', '13.02.08.01.01', 'FF1D46.18010715015437', '1.3.3.99.01', '0', ' Gedung E', 2003, '1.3.3.99.01', 'C', 1),
('DFE535.17082311014271', 'REHABILITASI BERAT GEDUNG SMPN 1 NGORO SILPA DAK (2011 S/D 2015) (1)', 2017, '143160000.00', '13.02.08.01', '13.02.08.01.01', '4C81CB.12092005290859', '1.3.3.99.01', '0', 'Gedung G: Kelas BIG 3, Bader', 2005, '1.3.3.01.01', 'C', 1),
('DFE535.17082311035224', 'REHABILITASI BERAT GEDUNG SMPN 2 BANGSAL SILPA DAK (2011 S/D 2015)', 2017, '211777000.00', '13.02.08.01', '13.02.08.01.01', '8E643C.12091710294856', '1.3.3.99.01', '0', 'GEDUNG C', 2003, '1.3.3.99.01', 'C', 1),
('DFE535.17082311064787', 'REHABILITASI SEDANG GEDUNG SMPN 2 GEDEG SILPA DAK (2011 S/D 2015)', 2017, '78347000.00', '13.02.08.01', '13.02.08.01.01', '826CC8.12091808432745', '1.3.3.99.01', '0', 'Bangunan Gedung P', 1998, '1.3.3.99.01', 'C', 1),
('DFE535.17082311151623', 'REHABILITASI SEDANG GEDUNG SMPN 2 JATIREJO SILPA DAK (2011 S/D 2015) (1)', 2017, '58180500.00', '13.02.08.01', '13.02.08.01.01', 'D226D2.1211101200329', '1.3.3.99.01', '0', 'Bangunan Gedung  B', 1997, '1.3.3.01.01', 'C', 1),
('DFE535.1708231118236', 'REHABILITASI SEDANG GEDUNG SMPN 2 MOJOANYAR SILPA DAK (2011 S/D 2015)', 2017, '96640000.00', '13.02.08.01', '13.02.08.01.01', 'D1B657.12090912231063', '1.3.3.99.01', '0', 'Bangunan Gedung K', 2003, '1.3.3.99.01', 'C', 1),
('DFE535.17082311204898', 'REHABILITASI SEDANG GEDUNG SMPN 2 PACET SILPA DAK (2011 S/D 2015)', 2017, '95076000.00', '13.02.08.01', '13.02.08.01.01', 'B65EB8.12092008504019', '1.3.3.99.01', '0', 'Gedung E (R.Kelas Moving 1,2)', 2000, '1.3.3.01.01', 'C', 1),
('DFE535.17082312451344', 'REHABILITASI SEDANG GEDUNG SMPN 2 SOOKO SILPA DAK (2011 S/D 2015)', 2017, '139634000.00', '13.02.08.01', '13.02.08.01.01', '4C6C0E.12091411001460', '1.3.3.99.01', '0', 'Gedung M', 2002, '1.3.3.99.01', 'C', 1),
('DFE535.1708231249106', 'REHABILITASI SEDANG GEDUNG SMPN 2 TROWULAN SILPA DAK (2011 S/D 2015)(1)', 2017, '53064000.00', '13.02.08.01', '13.02.08.01.01', 'E12308.12100912492240', '1.3.3.99.01', '0', 'Bangunan Gedung Pendidikan Permanen J', 2004, '1.3.3.99.01', 'C', 1),
('DFE535.17082312513723', 'REHABILITASI SEDANG GEDUNG SMPN 3 KUTOREJO SILPA DAK (2011 S/D 2015)(1)', 2017, '112556530.00', '13.02.08.01', '13.02.08.01.01', '2D3A1B.12091921452587', '1.3.3.99.01', '0', 'Gedung G', 2008, '1.3.3.99.01', 'C', 1),
('DFE535.17082312542682', 'REHABILITASI SEDANG GEDUNG SMPN 3 PACET SILPA DAK (2011 S/D 2015)', 2017, '95089000.00', '13.02.08.01', '13.02.08.01.01', '1FB1D9.12090611082840', '1.3.3.99.01', '0', 'GEDUNG I', 2007, '1.3.3.01.01', 'C', 1),
('DFE535.17082313041517', 'REHABILITASI SEDANG GEDUNG SMPN SATU ATAP MANTING SILPA DAK (2011 S/D 2015)', 2017, '46545000.00', '13.02.08.01', '13.02.08.01.01', 'FF1D46.18010714592273', '1.3.3.99.01', '0', ' Gedung B', 2003, '1.3.3.99.01', 'C', 1),
('DFE535.17121409013943', 'REHABILITASI SEDANG GEDUNG SDN KALIGORO SILPA DAK (2016) (1)', 2017, '55163500.00', '13.02.08.01', '13.02.08.01.01', '8E0BF7.12100713284191', '1.3.3.99.01', '0', 'gedung C', 2003, '1.3.3.99.01', 'C', 1),
('DFE535.17121409051660', 'REHABILITASI SEDANG GEDUNG SDN KEDUNGLENGKONG SILPA DAK (2016)', 2017, '193073000.00', '13.02.08.01', '13.02.08.01.01', '1FB1D9.12092011393445', '1.3.3.99.01', '0', 'Gedung A', 2005, '1.3.3.99.01', 'C', 1),
('DFE535.17121409083823', 'REHABILITASI SEDANG GEDUNG SDN TANGUNAN SILPA DAK (2016) (1)', 2017, '88254500.00', '13.02.08.01', '13.02.08.01.01', 'E980CE.12091710030327', '1.3.3.99.01', '0', 'Bangunan Gedung A', 2003, '1.3.3.99.01', 'C', 1),
('DFE535.17121414071314', 'REHABILITASI SEDANG GEDUNG SDN WATESNEGORO 2 SILPA DAK (2016) (1)', 2017, '101363000.00', '13.02.08.01', '13.02.08.01.01', '2F8AE6.1209121159273', '1.3.3.99.01', '0', 'Gedung D (UKS, Kantor)', 1984, '1.3.3.99.01', 'C', 1),
('DFE535.17121415372245', 'REHABILITASI JAMBAN SISWA / GURU SDN MODOPURO 1 (DAK 2017)', 2017, '29915000.00', '13.02.08.01', '13.02.08.01.01', '1B8F21.12091808533569', '1.3.3.99.01', '0', 'GEDUNG D', 2003, '1.3.3.01.01', 'C', 1),
('DFE535.17121415401883', 'REHABILITASI JAMBAN SISWA / GURU SDN PEKUKUHAN (DAK 2017)', 2017, '29915000.00', '13.02.08.01', '13.02.08.01.01', '84B551.12122710292282', '1.3.3.99.01', '0', 'Gedung B', 2003, '1.3.3.99.01', 'C', 1),
('DFE535.17121415430193', 'REHABILITASI JAMBAN SISWA/GURU SDN KETAPANRAME 2 (DAK 2017)', 2017, '29915000.00', '13.02.08.01', '13.02.08.01.01', '0AAA4A.12090713342174', '1.3.3.99.01', '0', 'GEDUNG C', 1980, '1.3.3.99.01', 'C', 1),
('DFE535.17121415455172', 'REHABILITASI JAMBAN SISWA/GURU SDN PULONITI (DAK 2017)', 2017, '29915000.00', '13.02.08.01', '13.02.08.01.01', '337AE3.12091521290954', '1.3.3.99.01', '0', 'Bangunan Gedung C', 1976, '1.3.3.99.01', 'C', 1),
('DFE535.17121415505144', 'REHABILITASI JAMBAN SISWA/GURU SDN WONODADI 2 (DAK 2017)', 2017, '29915000.00', '13.02.08.01', '13.02.08.01.01', '9B1406.12091414060893', '1.3.3.99.01', '0', 'Gedung A (R.kelas 1-4)', 2000, '1.3.3.99.01', 'C', 1),
('DFE535.17121415540332', 'REHABILITASI BERAT GEDUNG SDN DINOYO 1 (DAK 2017)', 2017, '70747333.00', '13.02.08.01', '13.02.08.01.01', '16E9F0.12091523043776', '1.3.3.99.01', '0', 'Bangunan Gedung B', 1983, '1.3.3.99.01', 'C', 1),
('DFE535.17121415590060', 'REHABILITASI BERAT GEDUNG SDN KUNJOROWESI 1 (DAK 2017) (1)', 2017, '126187000.00', '13.02.08.01', '13.02.08.01.01', '2F8AE6.12092411592381', '1.3.3.99.01', '0', 'Gedung C (Kelas II/a, I/a & III/a)', 2005, '1.3.3.99.01', 'C', 1),
('DFE535.17121416033121', 'REHABILITASI BERAT GEDUNG SDN RANDUBANGO (DAK 2017)', 2017, '89641000.00', '13.02.08.01', '13.02.08.01.01', '1B8F21.12091907045885', '1.3.3.99.01', '0', 'GEDUNG A', 2003, '1.3.3.99.01', 'C', 1),
('DFE535.1712141607111', 'REHABILITASI BERAT GEDUNG SDN SEDURI 2 (DAK 2017)', 2017, '89641000.00', '13.02.08.01', '13.02.08.01.01', '07B217.12091110140055', '1.3.3.99.01', '0', 'GEDUNG F', 2003, '1.3.3.99.01', 'C', 1),
('DFE535.17121416102343', 'REHABILITASI SEDANG GEDUNG SDN DUYUNG (DAK 2017) (1)', 2017, '30081500.00', '13.02.08.01', '13.02.08.01.01', 'D7BF15.12091109422568', '1.3.3.99.01', '0', 'GEDUNG D', 2009, '1.3.3.99.01', 'C', 1),
('DFE535.17121416125162', 'REHABILITASI SEDANG GEDUNG SDN GAYAM (DAK 2017)', 2017, '64127500.00', '13.02.08.01', '13.02.08.01.01', '337AE3.12091509384012', '1.3.3.99.01', '0', 'Bangunan Gedung A', 1968, '1.3.3.99.01', 'C', 1),
('DFE535.17121416164267', 'REHABILITASI SEDANG GEDUNG SDN JIYU 1 (DAK 2017)', 2017, '220654000.00', '13.02.08.01', '13.02.08.01.01', '9B1406.12091713491917', '1.3.3.99.01', '0', 'Gedung A', 1961, '1.3.3.99.01', 'C', 1),
('DFE535.17121416190632', 'REHABILITASI SEDANG GEDUNG SDN MODONGAN (DAK 2017)', 2017, '98976000.00', '13.02.08.01', '13.02.08.01.01', '5F5D46.1209141002105', '1.3.3.99.01', '0', 'Bangunan Gedung C', 2010, '1.3.3.99.01', 'C', 1),
('DFE535.1712141621367', 'REHABILITASI SEDANG GEDUNG SDN NGRAME (DAK 2017)', 2017, '124118000.00', '13.02.08.01', '13.02.08.01.01', '527A02.12091209450557', '1.3.3.99.01', '0', 'Gedung A', 2003, '1.3.3.99.01', 'C', 1),
('DFE535.17121416244594', 'REHABILITASI SEDANG GEDUNG SDN PEKUWON (DAK 2017)', 2017, '121360000.00', '13.02.08.01', '13.02.08.01.01', '337AE3.12091315290210', '1.3.3.99.01', '0', 'Bangunan Gedung A', 2003, '1.3.3.99.01', 'C', 1),
('DFE535.17121416270429', 'REHABILITASI SEDANG GEDUNG SDN WONOKUSUMO (DAK 2017)', 2017, '60680000.00', '13.02.08.01', '13.02.08.01.01', '5F5D46.12100513183694', '1.3.3.99.01', '0', 'GEDUNG E', 1962, '1.3.3.99.01', 'C', 1),
('DFE535.1712141649473', 'REHAB SEDANG GEDUNG KANTOR (GEDUNG A)', 2017, '52115000.00', '13.02.08.01', '13.02.08.01.01', '4C6C0E.12092709593346', '1.3.3.01.01', '0', 'GEDUNG A', 2003, '1.3.3.01.01', 'C', 1),
('DFE535.17121416571510', 'REHAB BERAT GEDUNG KANTOR (GEDUNG A)', 2017, '121839000.00', '13.02.08.01', '13.02.08.01.01', '4C6C0E.12092709593346', '1.3.3.01.01', '0', 'GEDUNG A', 2003, '1.3.3.01.01', 'C', 1),
('DFE535.18020707504871', 'REHABILITASI SEDANG GEDUNG SDN GAYAM (DAK 2017) (2)', 2017, '64127500.00', '13.02.08.01', '13.02.08.01.01', '337AE3.12091509391722', '1.3.3.99.01', '0', 'Bangunan Gedung B', 1980, '1.3.3.99.01', 'C', 1),
('DFE535.18020707545797', 'REHABILITASI BERAT GEDUNG SDN DINOYO 1 (DAK 2017) (1)', 2017, '70747333.00', '13.02.08.01', '13.02.08.01.01', '16E9F0.12091523063953', '1.3.3.99.01', '0', 'Bangunan Gedung C', 2009, '1.3.3.99.01', 'C', 1),
('DFE535.18020707553287', 'REHABILITASI BERAT GEDUNG SDN DINOYO 1 (DAK 2017) (2)', 2017, '70747334.00', '13.02.08.01', '13.02.08.01.01', '16E9F0.12091523100165', '1.3.3.99.01', '0', 'Bangunan Gedung E', 2009, '1.3.3.99.01', 'C', 1),
('DFE535.1802070757597', 'REHABILITASI SEDANG GEDUNG SDN KALIGORO SILPA DAK (2016) (2)', 2017, '55163500.00', '13.02.08.01', '13.02.08.01.01', '8E0BF7.12100713311047', '1.3.3.99.01', '0', 'gedung G', 2003, '1.3.3.99.01', 'C', 1),
('DFE535.18020708092439', 'REHABILITASI SEDANG GEDUNG SDN WATESNEGORO 2 SILPA DAK (2016) (2)', 2017, '101363000.00', '13.02.08.01', '13.02.08.01.01', '2F8AE6.12091212061535', '1.3.3.99.01', '0', 'Gedung H (Perpustakaan)', 2010, '1.3.3.99.01', 'C', 1),
('DFE535.18020708110463', 'REHABILITASI SEDANG GEDUNG SDN TANGUNAN SILPA DAK (2016) (2)', 2017, '88254500.00', '13.02.08.01', '13.02.08.01.01', 'D8F635.15020422530583', '1.3.3.99.01', '0', 'Bangunan Gedung G ( Perpustakaan )', 2014, '1.3.3.99.01', 'C', 1),
('DFE535.18020708125666', 'REHABILITASI SEDANG GEDUNG SDN DUYUNG (DAK 2017) (2)', 2017, '30081500.00', '13.02.08.01', '13.02.08.01.01', 'E5D135.15020416212376', '1.3.3.99.01', '0', 'GEDUNG E', 2014, '1.3.3.99.01', 'C', 1),
('DFE535.1802070814161', 'REHABILITASI SEDANG GEDUNG SDN PAKIS 2 (DAK 2017) (2)', 2017, '71442000.00', '13.02.08.01', '13.02.08.01.01', '64A045.12092419071245', '1.3.3.99.01', '0', 'Gedung C', 2003, '1.3.3.99.01', 'C', 1),
('DFE535.18020708155166', 'REHABILITASI SEDANG GEDUNG SMPN 1 GONDANG (DAK 2017) (2)', 2017, '47779000.00', '13.02.08.01', '13.02.08.01.01', '1FB1D9.12090714564117', '1.3.3.99.01', '0', 'GEDUNG S', 2009, '1.3.3.01.01', 'C', 1),
('DFE535.18020708213355', 'REHABILITASI SEDANG GEDUNG SMPN 1 MOJOSARI SILPA DAK (2011 S/D 2015) (2)', 2017, '77574000.00', '13.02.08.01', '13.02.08.01.01', 'FF1D46.18010715034119', '1.3.3.99.01', '0', ' Gedung K', 2003, '1.3.3.99.01', 'C', 1),
('DFE535.18020708215196', 'REHABILITASI SEDANG GEDUNG SMPN 1 MOJOSARI SILPA DAK (2011 S/D 2015) (3)', 2017, '77574000.00', '13.02.08.01', '13.02.08.01.01', 'FF1D46.18010715053722', '1.3.3.99.01', '0', ' Gedung P', 2003, '1.3.3.99.01', 'C', 1),
('DFE535.18020708232682', 'REHABILITASI BERAT GEDUNG SMPN 1 NGORO SILPA DAK (2011 S/D 2015) (2)', 2017, '143160000.00', '13.02.08.01', '13.02.08.01.01', '4C81CB.12092005403385', '1.3.3.99.01', '0', 'Gedung J: Kelas Seni1,Seni 2, Kimia, Musik, KM/WC', 2003, '1.3.3.01.01', 'C', 1),
('DFE535.18020708252473', 'REHABILITASI SEDANG GEDUNG SMPN 1 PUNGGING (DAK 2017) (2)', 2017, '107887500.00', '13.02.08.01', '13.02.08.01.01', 'B89D96.12091715471089', '1.3.3.99.01', '0', 'Bangunan Gedung Pendidikan Permanen K', 1983, '1.3.3.99.01', 'C', 1),
('DFE535.18020708280755', 'REHABILITASI SEDANG GEDUNG SMPN 2 DAWARBLANDONG (DAK 2017) (2)', 2017, '23677100.00', '13.02.08.01', '13.02.08.01.01', 'A0CC05.12091812222882', '1.3.3.99.01', '0', 'Gedung G', 2009, '1.3.3.99.01', 'C', 1),
('DFE535.18020708282864', 'REHABILITASI SEDANG GEDUNG SMPN 2 DAWARBLANDONG (DAK 2017) (3)', 2017, '43071500.00', '13.02.08.01', '13.02.08.01.01', 'A0CC05.12091812452188', '1.3.3.99.01', '0', 'Gedung Q', 2009, '1.3.3.99.01', 'C', 1),
('DFE535.1802070835489', 'REHABILITASI SEDANG GEDUNG SMPN 2 JATIREJO SILPA DAK (2011 S/D 2015) (2)', 2017, '58180500.00', '13.02.08.01', '13.02.08.01.01', 'D226D2.12111012202870', '1.3.3.99.01', '0', 'Bangunan Gedung H', 1997, '1.3.3.01.01', 'C', 1),
('DFE535.18020708360630', 'REHABILITASI SEDANG GEDUNG SMPN 2 JATIREJO SILPA DAK (2011 S/D 2015) (3)', 2017, '58180500.00', '13.02.08.01', '13.02.08.01.01', 'D226D2.1211101230139', '1.3.3.99.01', '0', 'Bangunan Gedung L', 2005, '1.3.3.01.01', 'C', 1),
('DFE535.18020708363321', 'REHABILITASI SEDANG GEDUNG SMPN 2 JATIREJO SILPA DAK (2011 S/D 2015) (4)', 2017, '58180500.00', '13.02.08.01', '13.02.08.01.01', 'D226D2.12111121333917', '1.3.3.99.01', '0', 'Bangunan Gedung S', 2008, '1.3.3.01.01', 'C', 1),
('DFE535.18020708381728', 'REHABILITASI BERAT GEDUNG SMPN 2 MOJOANYAR (DAK 2017) (2)', 2017, '140554000.00', '13.02.08.01', '13.02.08.01.01', 'D1B657.12090912231063', '1.3.3.99.01', '0', 'Bangunan Gedung K', 2003, '1.3.3.99.01', 'C', 1),
('DFE535.18020708395150', 'REHABILITASI SEDANG GEDUNG SMPN 2 TROWULAN SILPA DAK (2011 S/D 2015)(2)', 2017, '86570000.00', '13.02.08.01', '13.02.08.01.01', 'E12308.12100912435531', '1.3.3.99.01', '0', 'Bangunan Gedung Pendidikan Permanen H', 1998, '1.3.3.99.01', 'C', 1),
('DFE535.18020708414024', 'REHABILITASI SEDANG GEDUNG SMPN 3 KUTOREJO SILPA DAK (2011 S/D 2015)(2)', 2017, '93342470.00', '13.02.08.01', '13.02.08.01.01', '2D3A1B.12091921581114', '1.3.3.99.01', '0', 'Gedung M', 2009, '1.3.3.99.01', 'C', 1),
('E30335.18012213334681', 'Rehab Gedung A', 2017, '17734970.00', '13.02.08.01', '13.02.08.01.28', '5773B0.12091610104374', '1.3.3.01.01', 'C', 'Gedung A', 1998, '1.3.3.99.01', 'C', 1),
('E30335.18012213343831', 'Rehab Gedung B', 2017, '55802373.00', '13.02.08.01', '13.02.08.01.28', '5773B0.12091717133534', '1.3.3.01.01', 'C', 'Gedung B', 1998, '1.3.3.99.01', 'C', 1),
('E30335.18012213400071', 'Rehab Gedung C', 2017, '65300727.00', '13.02.08.01', '13.02.08.01.28', '5773B0.12091718073471', '1.3.3.01.01', 'C', 'Gedung C', 2003, '1.3.3.01.01', 'C', 1),
('E30335.18012213411134', 'Rehab Gedung D', 2017, '148957688.00', '13.02.08.01', '13.02.08.01.28', '5773B0.12091718175316', '1.3.3.01.01', 'C', 'Gedung D', 2003, '1.3.3.99.01', 'C', 1),
('E30335.18012213425290', 'Rehab Gedung F', 2017, '124438591.00', '13.02.08.01', '13.02.08.01.28', '5773B0.12091718262085', '1.3.3.01.01', 'C', ' Gedung F', 2003, '1.3.3.99.01', 'C', 1),
('E30335.18012213440025', 'Rehab Gedung H', 2017, '16324096.00', '13.02.08.01', '13.02.08.01.28', '5773B0.12091718311512', '1.3.3.01.01', 'C', 'Gedung H', 2003, '1.3.3.99.01', 'C', 1),
('E30335.18012213444624', 'Rehab Gedung I', 2017, '6272847.00', '13.02.08.01', '13.02.08.01.28', '5773B0.12091719230742', '1.3.3.01.01', 'C', 'Mushola', 2003, '1.3.3.99.01', 'C', 1),
('E30335.18012213460956', 'Rehab Gedung J', 2017, '16392654.00', '13.02.08.01', '13.02.08.01.28', '5773B0.12091718420888', '1.3.3.01.01', 'C', 'Gedung J', 2003, '1.3.3.99.01', 'C', 1),
('E30335.18012213465765', 'Rehab Gedung K', 2017, '230261833.00', '13.02.08.01', '13.02.08.01.28', '5773B0.12091718434963', '1.3.3.01.01', 'C', 'Gedung K', 2003, '1.3.3.99.01', 'C', 1),
('E30335.18012213480750', 'Rehab Gedung M', 2017, '8512651.00', '13.02.08.01', '13.02.08.01.28', '5773B0.12091718582926', '1.3.3.01.01', 'C', 'Gedung M', 2003, '1.3.3.99.01', 'C', 1),
('E30335.18012213490812', 'Rehab Gedung N', 2017, '77211077.00', '13.02.08.01', '13.02.08.01.28', '5773B0.12091719084195', '1.3.3.01.01', 'C', 'Gedung N', 2003, '1.3.3.99.01', 'C', 1),
('E30335.18012213500417', 'Rehab Gedung O', 2017, '7199476.00', '13.02.08.01', '13.02.08.01.28', '5773B0.12091719143524', '1.3.3.01.01', 'C', 'Gedung O', 2003, '1.3.3.99.01', 'C', 1),
('E4F935.16091310120175', 'Bangunan Gedung Pendidikan Permanen', 2015, '200000000.00', '13.02.08.01', '13.02.08.01.24', 'B1A086.12092110550092', '1.3.3.99.01', 'C', 'Gedung L', 2010, '1.3.3.99.01', 'C', 1),
('E4F935.16091310463077', 'Bangunan Gedung Pendidikan Permanen', 2015, '100000000.00', '13.02.08.01', '13.02.08.01.24', 'B1A086.12092110523853', '1.3.3.99.01', 'C', 'Gedung H', 1998, '1.3.3.99.01', 'C', 1),
('E4F935.17011811540271', 'Gedung K', 2016, '150000000.00', '13.02.08.01', '13.02.08.01.24', 'B1A086.12092110542838', '1.3.3.01.01', 'C', 'Gedung K', 2009, '1.3.3.99.01', 'C', 1),
('E5D135.14012307374189', 'REHAB BERAT GEDUNG SDN TEMPURAN (DAK 2012)', 2013, '62715000.00', '13.02.08.01', '13.02.08.01.11', '527A02.1209251004571', '1.3.3.99.01', 'C', 'Gedung D', 1972, '1.3.3.99.01', 'C', 1),
('E5D135.14012308215223', 'PERENCANAAN REHAB SMPN 1 JETIS (DAK 2012)', 2014, '7156000.00', '13.02.08.01', '13.02.08.01.24', 'B1A086.12092110531666', '1.3.3.99.01', 'C', 'Gedung I', 1999, '1.3.3.99.01', 'C', 1),
('E5D135.14012308253985', 'PERENCANAAN REHAB SMPN 1 PURI (DAK 2012)', 2014, '9803000.00', '13.02.08.01', '13.02.08.01.34', '595506.12090911330541', '1.3.3.99.01', 'C', 'Bangunan Gedung 1', 2003, '1.3.3.99.01', 'C', 1),
('E5D135.14012308303531', 'REHABILITASI RUANG KELAS SKB', 2013, '91576000.00', '13.02.08.01', '13.02.08.01.20', '05376F.12092413383233', '1.3.3.99.01', 'C', 'Gedung E', 1993, '1.3.3.99.01', 'C', 1),
('E5D135.14012308353995', 'PERENCANAAN REHAB BERAT GEDUNG SDN BRAYUBLANDONG (DAK 2012)', 2014, '4382000.00', '13.02.08.01', '13.02.08.01.09', 'C66548.12092412472576', '1.3.3.99.01', 'C', 'Gedung G', 1951, '1.3.3.01.01', 'C', 1),
('E5D135.14012308400139', 'PERENCANAAN REHAB BERAT GEDUNG SDN CENTONG (DAK 2012)', 2014, '3348000.00', '13.02.08.01', '13.02.08.01.15', '8E0BF7.12090715002159', '1.3.3.99.01', 'C', 'Gedung B', 1961, '1.3.3.99.01', 'C', 1),
('E5D135.14012308432243', 'PERENCANAAN REHAB BERAT GEDUNG SDN GEBANGMALANG 1 (DAK 2012)', 2014, '5272000.00', '13.02.08.01', '13.02.08.01.19', '5F5D46.12110513212125', '1.3.3.99.01', 'C', 'GEDUNG C', 2003, '1.3.3.99.01', 'C', 1),
('E5D135.14012308545636', 'PERENCANAAN REHAB BERAT GEDUNG SDN BENING (DAK 2012)', 2014, '3562000.00', '13.02.08.01', '13.02.08.01.15', '8E0BF7.12091213081212', '1.3.3.99.01', 'C', 'gedung E', 1957, '1.3.3.99.01', 'C', 1),
('E5D135.14012308575961', 'PERENCANAAN REHAB BERAT GEDUNG SDN BERATKULON (DAK 2012)', 2014, '3738000.00', '13.02.08.01', '13.02.08.01.07', '527A02.1210091442283', '1.3.3.99.01', 'C', 'Gedung A', 2009, '1.3.3.99.01', 'C', 1),
('E5D135.14012309005236', 'PERENCANAAN REHAB BERAT GEDUNG SDN BLEBERAN (DAK 2012)', 2014, '1163000.00', '13.02.08.01', '13.02.08.01.16', '16E9F0.12091021063940', '1.3.3.99.01', 'C', 'Gedung A', 1982, '1.3.3.99.01', 'C', 1),
('E5D135.14012309033866', 'PERENCANAAN REHAB BERAT GEDUNG SDN BALONGMASIN 2 (DAK 2012)', 2014, '2636000.00', '13.02.08.01', '13.02.08.01.11', '527A02.1209142303504', '1.3.3.99.01', 'C', 'Gedung C', 2011, '1.3.3.99.01', 'C', 1),
('E5D135.14012309065246', 'PERENCANAAN REHAB BERAT GEDUNG SDN BALONGWONO (DAK 2012)', 2014, '2137000.00', '13.02.08.01', '13.02.08.01.03', '8E0BF7.12101010372611', '1.3.3.99.01', 'C', 'gedung B', 2003, '1.3.3.99.01', 'C', 1),
('E5D135.14012309095152', 'PERENCANAAN REHAB BERAT GEDUNG SDN JABON (DAK 2012)', 2014, '4990000.00', '13.02.08.01', '13.02.08.01.19', '72CBE1.12090716021221', '1.3.3.99.01', 'C', 'Gedung G', 2003, '1.3.3.99.01', 'C', 1),
('E5D135.14012309124296', 'PERENCANAAN REHAB BERAT GEDUNG SDN JABON 2 (DAK 2012)', 2014, '1477000.00', '13.02.08.01', '13.02.08.01.19', 'E980CE.12091420441888', '1.3.3.99.01', 'C', ' Gedung E', 2003, '1.3.3.99.01', 'C', 1),
('E5D135.14012309153285', 'PERENCANAAN REHAB BERAT GEDUNG SDN JAPANAN 1 (DAK 2012)', 2014, '3106000.00', '13.02.08.01', '13.02.08.01.07', 'C66548.12090714450568', '1.3.3.99.01', 'C', 'GEDUNG F', 2009, '1.3.3.01.01', 'C', 1),
('E5D135.14012309183282', 'PERENCANAAN REHAB BERAT GEDUNG SDN JAPANAN 2 (DAK 2012)', 2014, '3933000.00', '13.02.08.01', '13.02.08.01.07', 'C66548.12090914585025', '1.3.3.99.01', 'C', 'gedung A', 1976, '1.3.3.01.01', 'C', 1),
('E5D135.14012309211060', 'PERENCANAAN REHAB BERAT GEDUNG SDN JASEM (DAK 2012)', 2014, '3277500.00', '13.02.08.01', '13.02.08.01.12', '2F8AE6.12091811295995', '1.3.3.99.01', 'C', 'Gedung C', 2003, '1.3.3.99.01', 'C', 1),
('E5D135.14012309240675', 'PERENCANAAN REHAB BERAT GEDUNG SDN JATIROWO 1 (DAK 2012)', 2014, '2267000.00', '13.02.08.01', '13.02.08.01.09', '5773B0.12091011021944', '1.3.3.99.01', 'C', 'Gedung B', 2006, '1.3.3.01.01', 'C', 1);
INSERT INTO `penambahan_nilai` (`pnid`, `namapn`, `tahunpn`, `nilaipn`, `lokasipn`, `subunitpn`, `asetindukid`, `kodepn`, `bidangpn`, `namainduk`, `tahuninduk`, `kodeinduk`, `bidanginduk`, `tambah_masa_manfaat`) VALUES
('E5D135.14012309430220', 'PERENCANAAN REHAB BERAT GEDUNG SDN JEMBUL (DAK 2012)', 2014, '7030000.00', '13.02.08.01', '13.02.08.01.16', '1FB1D9.12091312144990', '1.3.3.99.01', 'C', 'Gedung A', 2009, '1.3.3.01.01', 'C', 1),
('E5D135.14012309461530', 'PERENCANAAN REHAB BERAT GEDUNG SDN JETIS 1 (DAK 2012)', 2014, '5380000.00', '13.02.08.01', '13.02.08.01.08', 'E83602.12090614580818', '1.3.3.99.01', 'C', 'Gedung A (TU,kelas VII A/B/C, WC/ toilet', 2003, '1.3.3.99.01', 'C', 1),
('E5D135.14012309490242', 'PERENCANAAN REHAB BERAT GEDUNG SDN JOLOTUNDO 1 (DAK 2012)', 2014, '5159000.00', '13.02.08.01', '13.02.08.01.08', '8E0BF7.12100712182666', '1.3.3.99.01', 'C', 'gedung a', 1962, '1.3.3.99.01', 'C', 1),
('E5D135.14012309514750', 'PERENCANAAN REHAB BERAT GEDUNG SDN JOTANGAN (DAK 2012)', 2014, '4560000.00', '13.02.08.01', '13.02.08.01.10', '07B217.1209111136084', '1.3.3.99.01', 'C', 'GEDUNG B', 2003, '1.3.3.99.01', 'C', 1),
('E5D135.14012309584979', 'PERENCANAAN REHAB BERAT GEDUNG SDN KALIPURO (DAK 2012)', 2014, '1733000.00', '13.02.08.01', '13.02.08.01.11', '1FB1D9.12091514583754', '1.3.3.99.01', 'C', 'Gedung A', 2008, '1.3.3.01.01', 'C', 1),
('E5D135.14012310110541', 'PERENCANAAN REHAB BERAT SDN KARANGDIYENG 1 (DAK 2012)', 2014, '4922000.00', '13.02.08.01', '13.02.08.01.13', '9B1406.1209181401336', '1.3.3.99.01', 'C', 'Gedung B ( Kls1-, Musholla, KM/WC)', 2003, '1.3.3.99.01', 'C', 1),
('E5D135.14012310134061', 'PERENCANAAN REHAB BERAT GEDUNG SDN KEBONAGUNG (DAK 2012)', 2014, '3657000.00', '13.02.08.01', '13.02.08.01.04', '337AE3.12092509513555', '1.3.3.99.01', 'C', 'Bangunan Gedung G', 1980, '1.3.3.99.01', 'C', 1),
('E5D135.1401231020427', 'PERENCANAAN REHAB BERAT GEDUNG SDN KEDUNGGEMPOL (DAK 2012)', 2014, '4916000.00', '13.02.08.01', '13.02.08.01.10', '1B8F21.12091511423022', '1.3.3.99.01', 'C', 'GEDUNG C', 2010, '1.3.3.99.01', 'C', 1),
('E5D135.1401231023196', 'PERENCANAAN REHAB BERAT GEDUNG SDN KEDUNGMUNGAL (DAK 2012)', 2014, '3277000.00', '13.02.08.01', '13.02.08.01.11', '84B551.12101008010412', '1.3.3.99.01', 'C', 'Gedung C', 2009, '1.3.3.99.01', 'C', 1),
('E5D135.14012310260043', 'PERENCANAAN REHAB BERAT GEDUNG SDN KEDUNGSARI 1 (DAK 2012)', 2014, '9168000.00', '13.02.08.01', '13.02.08.01.07', 'F01F26.1209110933285', '1.3.3.99.01', 'C', 'GEDUNG A', 1990, '1.3.3.99.01', 'C', 1),
('E5D135.14012310313955', 'PERENCANAAN REHAB BERAT GEDUNG SDN KEMASANTANI (DAK 2012)', 2014, '3901000.00', '13.02.08.01', '13.02.08.01.15', 'E22567.1209102330509', '1.3.3.99.01', 'C', 'Gedung A', 1953, '1.3.3.99.01', 'C', 1),
('E5D135.14012310342190', 'PERENCANAAN REHAB BERAT GEDUNG SDN KEMBANGRINGGIT 1 (DAK 2012)', 2014, '4489000.00', '13.02.08.01', '13.02.08.01.11', '527A02.1209111510077', '1.3.3.99.01', 'C', 'Gedung A', 2009, '1.3.3.99.01', 'C', 1),
('E5D135.14012310473075', 'PERENCANAAN REHAB BERAT GEDUNG SDN KESIMAN (DAK 2012)', 2014, '3135000.00', '13.02.08.01', '13.02.08.01.17', 'D7BF15.12091015101252', '1.3.3.99.01', 'C', 'Bangunan Gedung Pendidikan Permanen A', 1978, '1.3.3.99.01', 'C', 1),
('E5D135.14012310524479', 'PERENCANAAN REHAB BERAT GEDUNG SDN KUTOREJO (DAK 2012)', 2014, '2706000.00', '13.02.08.01', '13.02.08.01.13', '6E0227.12100311183813', '1.3.3.99.01', 'C', 'Gedung B (Kls IA,IB, IIA,IIB, VB, IIIA, Kantin)', 2008, '1.3.3.99.01', 'C', 1),
('E5D135.14012310555294', 'PERENCANAAN REHAB BERAT GEDUNG SDN KWATU (DAK 2012)', 2014, '4871000.00', '13.02.08.01', '13.02.08.01.19', '72CBE1.12090916172354', '1.3.3.99.01', 'C', 'Gedung C', 1988, '1.3.3.99.01', 'C', 1),
('E5D135.14012310582175', 'PERENCANAAN REHAB BERAT GEDUNG SDN KWEDENKEMBAR (DAK 2012)', 2014, '7994000.00', '13.02.08.01', '13.02.08.01.19', 'E980CE.12091009542679', '1.3.3.99.01', 'C', 'GEDUNG A', 1967, '1.3.3.99.01', 'C', 1),
('E5D135.1401231100544', 'PERENCANAAN REHAB BERAT GEDUNG SDN LAKARDOWO (DAK 2012)', 2014, '3088000.00', '13.02.08.01', '13.02.08.01.08', '9B1406.1210101536103', '1.3.3.99.01', 'C', 'Gedung A (Kls IV, Gudang)', 1958, '1.3.3.99.01', 'C', 1),
('E5D135.14012311052872', 'PERENCANAAN REHAB BERAT GEDUNG SDN LEBAKJABUNG (DAK 2012)', 2014, '3657000.00', '13.02.08.01', '13.02.08.01.16', '16E9F0.12091708261988', '1.3.3.99.01', 'C', 'Bangunan Gedung  A', 2009, '1.3.3.99.01', 'C', 1),
('E5D135.14012311082044', 'PERENCANAAN REHAB BERAT GEDUNG SDN LENGKONG 1 (DAK 2012)', 2014, '5582000.00', '13.02.08.01', '13.02.08.01.19', '64A045.12090613475024', '1.3.3.99.01', 'C', 'Gedung B', 2003, '1.3.3.99.01', 'C', 1),
('E5D135.14012311110319', 'PERENCANAAN REHAB BERAT GEDUNG SDN LENGKONG 2 (DAK 2012)', 2014, '5187000.00', '13.02.08.01', '13.02.08.01.19', 'E980CE.12091223590912', '1.3.3.99.01', 'C', 'Gedung B', 1966, '1.3.3.99.01', 'C', 1),
('E5D135.14012311134376', 'PERENCANAAN REHAB BERAT GEDUNG SDN MEJOYO (DAK 2012)', 2014, '5678000.00', '13.02.08.01', '13.02.08.01.05', '337AE3.12091413304275', '1.3.3.99.01', 'C', 'Bangunan Gedung  A', 1972, '1.3.3.99.01', 'C', 1),
('E5D135.1401231116401', 'PERENCANAAN REHAB BERAT GEDUNG SDN MOJOGEBANG (DAK 2012)', 2014, '1655000.00', '13.02.08.01', '13.02.08.01.07', 'B3F239.12091814594387', '1.3.3.99.01', 'C', 'Gedung C', 1976, '1.3.3.01.01', 'C', 1),
('E5D135.14012311200060', 'PERENCANAAN REHAB BERAT GEDUNG SDN MOJOGENENG (DAK 2012)', 2014, '4940000.00', '13.02.08.01', '13.02.08.01.16', 'E80398.12092221182550', '1.3.3.99.01', 'C', 'Bangunan Gedung  B', 2009, '1.3.3.99.01', 'C', 1),
('E5D135.14012311251993', 'PERENCANAAN REHAB BERAT GEDUNG SDN MOJOREJO (DAK 2012)', 2014, '4788000.00', '13.02.08.01', '13.02.08.01.08', '84B551.1210092134435', '1.3.3.99.01', 'C', 'Gedung D', 2008, '1.3.3.99.01', 'C', 1),
('E5D135.1401231128131', 'PERENCANAAN REHAB BERAT GEDUNG SDN MOJOROTO (DAK 2012)', 2014, '3335000.00', '13.02.08.01', '13.02.08.01.08', 'B1A086.12092013160255', '1.3.3.99.01', 'C', 'Gedung A', 1981, '1.3.3.99.01', 'C', 1),
('E5D135.14012311310614', 'PERENCANAAN REHAB BERAT GEDUNG SDN NGASTEMI 1 (DAK 2012)', 2014, '3006000.00', '13.02.08.01', '13.02.08.01.05', '8E0BF7.12091211420180', '1.3.3.99.01', 'C', 'GEDUNG A', 2011, '1.3.3.99.01', 'C', 1),
('E5D135.14012311334712', 'PERENCANAAN REHAB BERAT GEDUNG SDN NGASTEMI 2 (DAK 2012)', 2014, '7750000.00', '13.02.08.01', '13.02.08.01.05', '8E0BF7.12091211585920', '1.3.3.99.01', 'C', 'GEDUNG B', 1979, '1.3.3.99.01', 'C', 1),
('E5D135.14012311365429', 'PERENCANAAN REHAB BERAT GEDUNG SDN NGORO 1 (DAK 2012)', 2014, '3135000.00', '13.02.08.01', '13.02.08.01.12', '3DA8B5.12091013543826', '1.3.3.99.01', 'C', 'Gedung B', 2003, '1.3.3.99.01', 'C', 1),
('E5D135.14012311394995', 'PERENCANAAN REHAB BERAT GEDUNG SDN NGORO 2 (DAK 2012)', 2014, '2992000.00', '13.02.08.01', '13.02.08.01.12', '3DA8B5.1209101505524', '1.3.3.99.01', 'C', 'Gedung B', 1981, '1.3.3.99.01', 'C', 1),
('E5D135.14012311423979', 'PERENCANAAN REHAB BERAT GEDUNG SDN NGROWO (DAK 2012)', 2014, '5138000.00', '13.02.08.01', '13.02.08.01.05', '337AE3.12092210005012', '1.3.3.99.01', 'C', 'Bangunan Gedung A', 1982, '1.3.3.99.01', 'C', 1),
('E5D135.14012311452490', 'PERENCANAAN REHAB BERAT GEDUNG SDN NGROWO 1 (DAK 2012)', 2014, '4809000.00', '13.02.08.01', '13.02.08.01.05', '337AE3.1209131327565', '1.3.3.99.01', 'C', 'Bangunan Gedung B', 1980, '1.3.3.99.01', 'C', 1),
('E5D135.14012311475746', 'PERENCANAAN REHAB BERAT GEDUNG SDN PANDANKRAJAN 2 (DAK 2012)', 2014, '5828000.00', '13.02.08.01', '13.02.08.01.07', 'F01F26.12091011222854', '1.3.3.99.01', 'C', 'Gedung E', 1983, '1.3.3.99.01', 'C', 1),
('E5D135.1401231153178', 'PERENCANAAN REHAB BERAT GEDUNG SDN PARINGAN 1 (DAK 2012)', 2014, '3652000.00', '13.02.08.01', '13.02.08.01.08', 'B1A086.12092015025980', '1.3.3.99.01', 'C', 'Gedung B', 1966, '1.3.3.99.01', 'C', 1),
('E5D135.14012312075039', 'PERENCANAAN REHAB BERAT GEDUNG SDN PETAK (DAK 2012)', 2014, '6518000.00', '13.02.08.01', '13.02.08.01.18', '0AAA4A.12091310344814', '1.3.3.99.01', 'C', 'Gedung C', 1983, '1.3.3.99.01', 'C', 1),
('E5D135.14012312103618', 'PERENCANAAN REHAB BERAT GEDUNG SDN PETERONGAN (DAK 2012)', 2014, '4446000.00', '13.02.08.01', '13.02.08.01.05', '337AE3.12091717052567', '1.3.3.99.01', 'C', 'Bangunan Gedung B', 1982, '1.3.3.99.01', 'C', 1),
('E5D135.14012312131251', 'PERENCANAAN REHAB BERAT GEDUNG SDN POHJEJER (DAK 2012)', 2014, '4398000.00', '13.02.08.01', '13.02.08.01.15', 'E22567.12091110412560', '1.3.3.99.01', 'C', 'Gedung C', 1986, '1.3.3.99.01', 'C', 1),
('E5D135.14012312154813', 'PERENCANAAN REHAB BERAT GEDUNG SDN PULOREJO 1 (DAK 2012)', 2014, '4396000.00', '13.02.08.01', '13.02.08.01.09', '84B551.12101013300753', '1.3.3.99.01', 'C', 'Gedung B', 2007, '1.3.3.99.01', 'C', 1),
('E5D135.14012312181773', 'PERENCANAAN REHAB BERAT GEDUNG SDN PULOREJO 2 (DAK 2012)', 2014, '4886000.00', '13.02.08.01', '13.02.08.01.09', '5773B0.12090610301183', '1.3.3.99.01', 'C', 'GEDUNG C', 1962, '1.3.3.99.01', 'C', 1),
('E5D135.14012312205381', 'PERENCANAAN REHAB BERAT GEDUNG SDN PURWOJATI 1 (DAK 2012)', 2014, '3633000.00', '13.02.08.01', '13.02.08.01.12', '2F8AE6.12091915071560', '1.3.3.99.01', 'C', 'Gedung A (Kelas VI)', 2003, '1.3.3.99.01', 'C', 1),
('E5D135.14012312250661', 'PERENCANAAN REHAB BERAT GEDUNG SDN PURWOREJO (DAK 2012)', 2014, '2600500.00', '13.02.08.01', '13.02.08.01.11', '337AE3.12092610334072', '1.3.3.99.01', 'C', 'Bangunan Gedung A', 2003, '1.3.3.99.01', 'C', 1),
('E5D135.14012312274236', 'PERENCANAAN REHAB BERAT GEDUNG SDN RANDUBANGO (DAK 2012)', 2014, '5225000.00', '13.02.08.01', '13.02.08.01.10', '1B8F21.12091908380858', '1.3.3.99.01', 'C', 'GEDUNG B', 2003, '1.3.3.99.01', 'C', 1),
('E5D135.14012312444058', 'PERENCANAAN REHAB BERAT GEDUNG SDN RANDUHARJO 1 (DAK 2012)', 2014, '5059000.00', '13.02.08.01', '13.02.08.01.11', '84B551.12100922364517', '1.3.3.99.01', 'C', 'Gedung A', 1984, '1.3.3.99.01', 'C', 1),
('E5D135.14012312471378', 'PERENCANAAN REHAB BERAT GEDUNG SDN SAJEN 1 (DAK 2012)', 2014, '3591000.00', '13.02.08.01', '13.02.08.01.18', 'EB82E3.12090809461931', '1.3.3.99.01', 'C', 'Bangunan Gedung E', 1924, '1.3.3.99.01', 'C', 1),
('E5D135.14012312502013', 'PERENCANAAN REHAB BERAT GEDUNG SDN SEDURI 2 (DAK 2012)', 2014, '3705000.00', '13.02.08.01', '13.02.08.01.10', '07B217.12091110104664', '1.3.3.99.01', 'C', 'GEDUNG D', 2003, '1.3.3.99.01', 'C', 1),
('E5D135.14012312531141', 'PERENCANAAN REHAB BERAT GEDUNG SDN SIDOHARJO 1 (DAK 2012)', 2014, '1216000.00', '13.02.08.01', '13.02.08.01.06', '05376F.12091015410817', '1.3.3.99.01', 'C', 'Bangunan C', 2003, '1.3.3.99.01', 'C', 1),
('E5D135.14012312580879', 'PERENCANAAN REHAB BERAT GEDUNG SDN SUMBERAGUNG (DAK 2012)', 2014, '3990000.00', '13.02.08.01', '13.02.08.01.16', '1FB1D9.12091010180852', '1.3.3.99.01', 'C', 'Gedung C', 1913, '1.3.3.01.01', 'C', 1),
('E5D135.14012313025533', 'PERENCANAAN REHAB BERAT GEDUNG SDN SUMBERJATI 2 (DAK 2012)', 2014, '3320000.00', '13.02.08.01', '13.02.08.01.19', 'E980CE.12091223000459', '1.3.3.99.01', 'C', 'Gedung A', 2009, '1.3.3.99.01', 'C', 1),
('E5D135.14012313060012', 'PERENCANAAN REHAB BERAT GEDUNG SDN SUMBERKARANG (DAK 2012)', 2014, '4061000.00', '13.02.08.01', '13.02.08.01.14', 'CC330B.12092906072112', '1.3.3.99.01', 'C', 'Gedung B', 1984, '1.3.3.99.01', 'C', 1),
('E5D135.14012313083486', 'PERENCANAAN REHAB BERAT GEDUNG SDN SUMBERKEMBAR (DAK 2012)', 2014, '6593000.00', '13.02.08.01', '13.02.08.01.18', 'EB82E3.12091409475951', '1.3.3.99.01', 'C', 'Bangunan Gedung A', 1976, '1.3.3.99.01', 'C', 1),
('E5D135.14012313110829', 'PERENCANAAN REHAB BERAT GEDUNG SDN SUMBERTEBU (DAK 2012)', 2014, '5992000.00', '13.02.08.01', '13.02.08.01.05', '337AE3.12091520082326', '1.3.3.99.01', 'C', 'Bangunan Gedung B', 2003, '1.3.3.99.01', 'C', 1),
('E5D135.14012313135181', 'PERENCANAAN REHAB BERAT GEDUNG SDN SUMENGKO (DAK 2012)', 2014, '9803000.00', '13.02.08.01', '13.02.08.01.16', '16E9F0.12091619203150', '1.3.3.99.01', 'C', 'Bangunan Gedung B', 2009, '1.3.3.99.01', 'C', 1),
('E5D135.14012313161963', 'PERENCANAAN REHAB BERAT GEDUNG SDN TALOK 1 (DAK 2012)', 2014, '2682000.00', '13.02.08.01', '13.02.08.01.14', 'EB82E3.12091910361139', '1.3.3.99.01', 'C', 'Gedung B', 1929, '1.3.3.99.01', 'C', 1),
('E5D135.14012313184736', 'PERENCANAAN REHAB BERAT GEDUNG SDN TANJUNGKENONGO 2 (DAK 2012)', 2014, '1327000.00', '13.02.08.01', '13.02.08.01.18', 'EB82E3.12091413141595', '1.3.3.99.01', 'C', 'Bangunan Gedung A', 1986, '1.3.3.99.01', 'C', 1),
('E5D135.14012313212371', 'PERENCANAAN REHAB BERAT GEDUNG SDN TERUSAN 1 (DAK 2012)', 2014, '2689000.00', '13.02.08.01', '13.02.08.01.06', 'F01F26.12091713025937', '1.3.3.99.01', 'C', ' Gedung B', 2008, '1.3.3.99.01', 'C', 1),
('E5D135.14012313234487', 'PERENCANAAN REHAB BERAT GEDUNG SDN WINDUREJO 2 (DAK 2012)', 2014, '4228000.00', '13.02.08.01', '13.02.08.01.13', '1FB1D9.12091614020375', '1.3.3.99.01', 'C', 'Gedung A', 2003, '1.3.3.01.01', 'C', 1),
('E5D135.1401231328559', 'PERENCANAAN REHAB BERAT GEDUNG SDN WUNUT 1 (DAK 2012)', 2014, '3869000.00', '13.02.08.01', '13.02.08.01.19', '64A045.12091008521852', '1.3.3.99.01', 'C', 'Gedung A', 2008, '1.3.3.99.01', 'C', 1),
('E5D135.15012611063874', 'REHABILITASI SEDANG SDN JABON 3 KEC. MOJOANYAR', 2014, '79133919.00', '13.02.08.01', '13.02.08.01.19', 'E980CE.12091420441888', '1.3.3.99.01', 'C', ' Gedung E', 2003, '1.3.3.99.01', 'C', 1),
('E5D135.15012708205240', 'REHABILITASI TINGKAT BERAT SDN MOJOTAMPING', 2014, '170569840.00', '13.02.08.01', '13.02.08.01.05', '337AE3.12091911300597', '1.3.3.99.01', 'C', 'Bangunan Gedung B', 1985, '1.3.3.99.01', 'C', 1),
('E5D135.15012708495038', 'SDN SALEN', 2014, '282683520.00', '13.02.08.01', '13.02.08.01.05', '337AE3.12091415314647', '1.3.3.99.01', 'C', 'Bangunan Gedung A', 1967, '1.3.3.99.01', 'C', 1),
('E5D135.15012709001065', 'REHABILITASI TINGKAT BERAT SDN SAWO', 2014, '130544820.00', '13.02.08.01', '13.02.08.01.08', '645439.1209171108270', '1.3.3.99.01', 'C', 'Gedung A', 2007, '1.3.3.99.01', 'C', 1),
('E5D135.15012709231487', 'REHABILITASI TINGKAT BERAT SDN TUMAPEL', 2014, '276548895.00', '13.02.08.01', '13.02.08.01.14', 'EB82E3.1209190948526', '1.3.3.99.01', 'C', 'Gedung C', 1953, '1.3.3.99.01', 'C', 1),
('E5D135.15012709291192', 'REHABILITASI TINGKAT BERAT SDN WINDUREJO 1', 2014, '147325065.00', '13.02.08.01', '13.02.08.01.13', '9B1406.12092009462166', '1.3.3.99.01', 'C', 'Gedung A (Perpustakaan)', 2009, '1.3.3.99.01', 'C', 1),
('E5D135.15012709354078', 'REHABILITASI TINGKAT BERAT SDN WRINGINREJO 2', 2014, '143959200.00', '13.02.08.01', '13.02.08.01.02', 'E980CE.12091310160469', '1.3.3.99.01', 'C', 'Bangunan Gedung A', 2007, '1.3.3.01.01', 'C', 1),
('E5D135.15012710230882', 'REHABILITASI TINGKAT BERAT SDN BALONGMASIN 1', 2014, '102080160.00', '13.02.08.01', '13.02.08.01.11', '527A02.12091421473780', '1.3.3.99.01', 'C', 'Gedung B', 1982, '1.3.3.99.01', 'C', 1),
('E5D135.15012710472259', 'REHABILITASI TINGKAT BERAT SDN BALONGMOJO', 2014, '102325545.00', '13.02.08.01', '13.02.08.01.04', 'E980CE.12091321474075', '1.3.3.99.01', 'C', 'Bangunan Gedung A', 1979, '1.3.3.99.01', 'C', 1),
('E5D135.15012711020810', 'REHABILITASI TINGKAT BERAT SDN BANJARAGUNG 2', 2014, '231851433.00', '13.02.08.01', '13.02.08.01.04', 'E980CE.12091415451976', '1.3.3.99.01', 'C', 'Bangunan Gedung A', 1981, '1.3.3.99.01', 'C', 1),
('E5D135.15012711351166', 'SDN BRAYUNG 1', 2014, '114419520.00', '13.02.08.01', '13.02.08.01.04', 'E980CE.12091707483118', '1.3.3.99.01', 'C', 'Bangunan Gedung A', 2001, '1.3.3.99.01', 'C', 1),
('E5D135.1501271302241', 'REHABILITASI TINGKAT SEDANG SDN JOLOTUNDO 2', 2014, '124197528.00', '13.02.08.01', '13.02.08.01.08', 'B1A086.12092010503470', '1.3.3.99.01', 'C', 'Gedung B', 2011, '1.3.3.99.01', 'C', 1),
('E5D135.15012810133024', 'REHABILITASI TINGKAT BERAT SDN KAUMAN', 2014, '121710960.00', '13.02.08.01', '13.02.08.01.10', '07B217.12091214375819', '1.3.3.99.01', 'C', 'GEDUNG B', 2003, '1.3.3.99.01', 'C', 1),
('E5D135.15012810490632', 'REHABILITASI TINGKAT BERAT SDN KUNJOROWESI 2', 2014, '260668980.00', '13.02.08.01', '13.02.08.01.12', 'E80398.1209241208409', '1.3.3.99.01', 'C', 'Bangunan Gedung  B', 2003, '1.3.3.99.01', 'C', 1),
('E5D135.15012815173727', 'REHABILITASI TINGKAT SEDANG SDN KUPANG 1', 2014, '163221923.00', '13.02.08.01', '13.02.08.01.08', '3A9307.12090810181931', '1.3.3.99.01', 'C', 'Gedung B ( kelas 1,2 )', 2003, '1.3.3.01.01', 'C', 1),
('E5D135.15012815261914', 'REHABILITASI TINGKAT BERAT SDN MANDURO 1', 2014, '235569600.00', '13.02.08.01', '13.02.08.01.12', '2F8AE6.12092010050120', '1.3.3.99.01', 'C', 'Gedung A (Kelas 1)', 2003, '1.3.3.99.01', 'C', 1),
('E5D135.15012816055348', 'REHABILITASI TINGKAT BERAT SDN NGORO 3', 2014, '117784800.00', '13.02.08.01', '13.02.08.01.12', '3DA8B5.12091109512875', '1.3.3.99.01', 'C', 'Gedung F', 2006, '1.3.3.99.01', 'C', 1),
('E5D135.15012816124216', 'REHABILITASI TINGKAT BERAT SDN PEKUKUHAN', 2014, '130871999.00', '13.02.08.01', '13.02.08.01.10', '84B551.12122710292282', '1.3.3.99.01', 'C', 'Gedung B', 2003, '1.3.3.99.01', 'C', 1),
('E5D135.15012817022897', 'REHABILITASI TINGKAT BERAT SDN SUKOSARI', 2014, '172751040.00', '13.02.08.01', '13.02.08.01.17', 'D7BF15.12091115023746', '1.3.3.99.01', 'C', 'Bangunan Gedung Pendidikan Permanen 1', 2011, '1.3.3.99.01', 'C', 1),
('E5D135.15012817090174', 'REHABILITASI TINGKAT BERAT SDN TAMBAKAGUNG', 2014, '103201920.00', '13.02.08.01', '13.02.08.01.04', 'E980CE.12091313252171', '1.3.3.99.01', 'C', 'Bangunan Gedung A', 1969, '1.3.3.99.01', 'C', 1),
('E5D135.15012817145743', 'REHABILITASI TINGKAT BERAT SDN TAMIAJENG', 2014, '317430036.00', '13.02.08.01', '13.02.08.01.17', '0AAA4A.12090706433719', '1.3.3.99.01', 'C', 'Bangunan Gedung Pendidikan Permanen B', 1967, '1.3.3.99.01', 'C', 1),
('E5D135.15020408135829', 'REHABILITASI TINGKAT SEDANG SDN BERATWETAN 2', 2014, '70996000.00', '13.02.08.01', '13.02.08.01.06', '05376F.12091312181941', '1.3.3.99.01', 'C', 'Bangunan Gedung C', 1990, '1.3.3.99.01', 'C', 1),
('E5D135.15020412111898', 'REHABILITASI TINGKAT SEDANG SDN BLIMBINGSARI', 2014, '75968000.00', '13.02.08.01', '13.02.08.01.02', '72CBE1.12091112121253', '1.3.3.99.01', 'C', 'Bangunan Gedung B', 2003, '1.3.3.99.01', 'C', 1),
('E5D135.15020416272820', 'REHABILITASI BERAT GEDUNG SDN GEDANGAN 2', 2014, '88647000.00', '13.02.08.01', '13.02.08.01.13', '9B1406.12091512404670', '1.3.3.99.01', 'C', 'Gedung C', 1981, '1.3.3.99.01', 'C', 1),
('E5D135.1502041630496', 'REHABILITASI SEDANG GEDUNG SDN GEMBONGAN', 2014, '71479000.00', '13.02.08.01', '13.02.08.01.06', '84B551.12101016003677', '1.3.3.99.01', 'C', 'Gedung E', 2003, '1.3.3.99.01', 'C', 1),
('E5D135.15020416363430', 'REHABILITASI TINGKAT SEDANG SDN GUNUNGSARI', 2014, '77486000.00', '13.02.08.01', '13.02.08.01.09', 'B61693.12100805491738', '1.3.3.99.01', 'C', 'Gedung B', 1976, '1.3.3.99.01', 'C', 1),
('E5D135.15020416482057', 'REHABILITASI SEDANG GEDUNG SDN KARANGDIYENG 2', 2014, '78744000.00', '13.02.08.01', '13.02.08.01.13', '9B1406.1209241916483', '1.3.3.99.01', 'C', 'gedung A', 2009, '1.3.3.99.01', 'C', 1),
('E5D135.1502041650556', 'REHABILITASI SEDANG GEDUNG SDN KEDUNGSARI 1', 2014, '81500000.00', '13.02.08.01', '13.02.08.01.07', 'F01F26.1209110933285', '1.3.3.99.01', 'C', 'GEDUNG A', 1990, '1.3.3.99.01', 'C', 1),
('E5D135.15020416555462', 'REHABILITASI SEDANG GEDUNG SDN KEDUNGUNENG', 2014, '75654000.00', '13.02.08.01', '13.02.08.01.05', '337AE3.12091613325825', '1.3.3.99.01', 'C', 'Bangunan Gedung A', 1996, '1.3.3.99.01', 'C', 1),
('E5D135.15020416583928', 'REHABILITASI SEDANG GEDUNG SDN KEMANTREN 1', 2014, '81031000.00', '13.02.08.01', '13.02.08.01.06', '05376F.12091009584796', '1.3.3.99.01', 'C', 'Bangunan Gedung A', 2003, '1.3.3.99.01', 'C', 1),
('E5D135.15020417154873', 'REHABILITASI BERAT GEDUNG SDN KUPANG 2', 2014, '127599000.00', '13.02.08.01', '13.02.08.01.08', '645439.12091210574877', '1.3.3.99.01', 'C', 'Gedung  G (  gudang )', 2010, '1.3.3.99.01', 'C', 1),
('E5D135.15020507313852', 'REHAB BERAT SDN KEDUNGSARI 1', 2014, '346686000.00', '13.02.08.01', '13.02.08.01.07', 'F01F26.1209110933285', '1.3.3.99.01', 'C', 'GEDUNG A', 1990, '1.3.3.99.01', 'C', 1),
('E5D135.15020507371380', 'REHAB BERAT SDN KEMASANTANI', 2014, '151883000.00', '13.02.08.01', '13.02.08.01.15', 'E22567.1209102330509', '1.3.3.99.01', 'C', 'Gedung A', 1953, '1.3.3.99.01', 'C', 1),
('E5D135.15020507430991', 'REHAB BERAT SDN KEMBANGRINGGIT 1 ', 2014, '172509000.00', '13.02.08.01', '13.02.08.01.11', '527A02.1209111510077', '1.3.3.99.01', 'C', 'Gedung A', 2009, '1.3.3.99.01', 'C', 1),
('E5D135.15020507570113', 'REHAB BERAT SDN KESIMAN', 2014, '120007000.00', '13.02.08.01', '13.02.08.01.17', 'D7BF15.12091015101252', '1.3.3.99.01', 'C', 'Bangunan Gedung Pendidikan Permanen A', 1978, '1.3.3.99.01', 'C', 1),
('E5D135.15020508072683', 'REHAB BERAT SDN KUTOREJO', 2014, '109956000.00', '13.02.08.01', '13.02.08.01.13', '6E0227.12100311183813', '1.3.3.99.01', 'C', 'Gedung B (Kls IA,IB, IIA,IIB, VB, IIIA, Kantin)', 2008, '1.3.3.99.01', 'C', 1),
('E5D135.15020508120817', 'REHAB BERAT SDN KWATU', 2014, '185927000.00', '13.02.08.01', '13.02.08.01.19', '72CBE1.12090916172354', '1.3.3.99.01', 'C', 'Gedung C', 1988, '1.3.3.99.01', 'C', 1),
('E5D135.15020508174941', 'REHAB BERAT SDN KWEDENKEMBAR', 2014, '305517000.00', '13.02.08.01', '13.02.08.01.19', 'E980CE.12091009542679', '1.3.3.99.01', 'C', 'GEDUNG A', 1967, '1.3.3.99.01', 'C', 1),
('E5D135.1502050822285', 'REHAB BERAT SDN LAKARDOWO', 2014, '118381000.00', '13.02.08.01', '13.02.08.01.08', '9B1406.1210101536103', '1.3.3.99.01', 'C', 'Gedung A (Kls IV, Gudang)', 1958, '1.3.3.99.01', 'C', 1),
('E5D135.15020508273840', 'REHAB BERAT SDN LEBAKJABUNG', 2014, '138341000.00', '13.02.08.01', '13.02.08.01.16', '16E9F0.12091708261988', '1.3.3.99.01', 'C', 'Bangunan Gedung  A', 2009, '1.3.3.99.01', 'C', 1),
('E5D135.15020508322553', 'REHAB BERAT SDN LENGKONG 1', 2014, '215887000.00', '13.02.08.01', '13.02.08.01.19', '64A045.12090613475024', '1.3.3.99.01', 'C', 'Gedung B', 2003, '1.3.3.99.01', 'C', 1),
('E5D135.15020508514844', 'REHAB BERAT SDN LENGKONG 2', 2014, '202011000.00', '13.02.08.01', '13.02.08.01.19', 'E980CE.12091223590912', '1.3.3.99.01', 'C', 'Gedung B', 1966, '1.3.3.99.01', 'C', 1),
('E5D135.15020508560843', 'REHAB BERAT SDN MEJOYO', 2014, '214262000.00', '13.02.08.01', '13.02.08.01.05', '337AE3.12091413304275', '1.3.3.99.01', 'C', 'Bangunan Gedung  A', 1972, '1.3.3.99.01', 'C', 1),
('E5D135.15020509004079', 'REHAB BERAT SDN MOJOGEBANG', 2014, '63087000.00', '13.02.08.01', '13.02.08.01.07', 'B3F239.12091814594387', '1.3.3.99.01', 'C', 'Gedung C', 1976, '1.3.3.01.01', 'C', 1),
('E5D135.15020509050246', 'REHAB BERAT SDN MOJOGENENG', 2014, '188343000.00', '13.02.08.01', '13.02.08.01.16', 'E80398.12092221182550', '1.3.3.99.01', 'C', 'Bangunan Gedung  B', 2009, '1.3.3.99.01', 'C', 1),
('E5D135.15020509141091', 'REHAB BERAT SDN MOJOREJO', 2014, '183010000.00', '13.02.08.01', '13.02.08.01.07', '84B551.1210092134435', '1.3.3.99.01', 'C', 'Gedung D', 2008, '1.3.3.99.01', 'C', 1),
('E5D135.15020509271874', 'REHAB BERAT SDN MOJOROTO', 2014, '127048000.00', '13.02.08.01', '13.02.08.01.08', 'B1A086.12092013160255', '1.3.3.99.01', 'C', 'Gedung A', 1981, '1.3.3.99.01', 'C', 1),
('E5D135.15020509313556', 'REHAB BERAT SDN NGASTEMI 1', 2014, '115507000.00', '13.02.08.01', '13.02.08.01.05', '8E0BF7.12091211420180', '1.3.3.99.01', 'C', 'GEDUNG A', 2011, '1.3.3.99.01', 'C', 1),
('E5D135.15020509354248', 'REHAB BERAT SDN NGASTEMI 2', 2014, '291933600.00', '13.02.08.01', '13.02.08.01.05', '8E0BF7.12091211585920', '1.3.3.99.01', 'C', 'GEDUNG B', 1979, '1.3.3.99.01', 'C', 1),
('E5D135.15020509395416', 'REHAB BERAT SDN NGORO 1', 2014, '120007000.00', '13.02.08.01', '13.02.08.01.12', '3DA8B5.12091013543826', '1.3.3.99.01', 'C', 'Gedung B', 2003, '1.3.3.99.01', 'C', 1),
('E5D135.15020509453068', 'REHAB BERAT SDN NGORO 2', 2014, '120007000.00', '13.02.08.01', '13.02.08.01.12', '3DA8B5.1209101505524', '1.3.3.99.01', 'C', 'Gedung B', 1981, '1.3.3.99.01', 'C', 1),
('E5D135.15020509502049', 'REHAB BERAT SDN NGROWO 1', 2014, '183760000.00', '13.02.08.01', '13.02.08.01.05', '337AE3.1209131327565', '1.3.3.99.01', 'C', 'Bangunan Gedung B', 1980, '1.3.3.99.01', 'C', 1),
('E5D135.15020510103869', 'REHAB BERAT SDN NGROWO 2', 2014, '195302000.00', '13.02.08.01', '13.02.08.01.05', '337AE3.12092210005012', '1.3.3.99.01', 'C', 'Bangunan Gedung A', 1982, '1.3.3.99.01', 'C', 1),
('E5D135.15020510151717', 'REHAB BERAT SDN PANDANKRAJAN 2', 2014, '219512000.00', '13.02.08.01', '13.02.08.01.07', 'F01F26.12091011222854', '1.3.3.99.01', 'C', 'Gedung E', 1983, '1.3.3.99.01', 'C', 1),
('E5D135.15020510214724', 'REHAB BERAT SDN PARINGAN 1', 2014, '138174000.00', '13.02.08.01', '13.02.08.01.08', 'B1A086.12092015025980', '1.3.3.99.01', 'C', 'Gedung B', 1966, '1.3.3.99.01', 'C', 1),
('E5D135.15020510552280', 'REHAB BERAT SDN PETAK', 2014, '248722000.00', '13.02.08.01', '13.02.08.01.18', '0AAA4A.12091310344814', '1.3.3.99.01', 'C', 'Gedung C', 1983, '1.3.3.99.01', 'C', 1),
('E5D135.15020510595053', 'REHAB BERAT SDN PETERONGAN', 2014, '171009000.00', '13.02.08.01', '13.02.08.01.05', '337AE3.12091717052567', '1.3.3.99.01', 'C', 'Bangunan Gedung B', 1982, '1.3.3.99.01', 'C', 1),
('E5D135.15020511044641', 'REHAB BERAT SDN POHJEJER', 2014, '169342000.00', '13.02.08.01', '13.02.08.01.15', 'E22567.12091110412560', '1.3.3.99.01', 'C', 'Gedung C', 1986, '1.3.3.99.01', 'C', 1),
('E5D135.15020511120550', 'REHAB BERAT SDN PULOREJO 1', 2014, '169259000.00', '13.02.08.01', '13.02.08.01.09', '84B551.12101013300753', '1.3.3.99.01', 'C', 'Gedung B', 2007, '1.3.3.99.01', 'C', 1),
('E5D135.15020511161859', 'REHAB BERAT SDN PULOREJO 2', 2014, '186469000.00', '13.02.08.01', '13.02.08.01.09', '5773B0.12090610301183', '1.3.3.99.01', 'C', 'GEDUNG C', 1962, '1.3.3.99.01', 'C', 1),
('E5D135.15020511204485', 'REHAB BERAT SDN PURWOJATI', 2014, '142508000.00', '13.02.08.01', '13.02.08.01.12', '2F8AE6.12091915071560', '1.3.3.99.01', 'C', 'Gedung A (Kelas VI)', 2003, '1.3.3.99.01', 'C', 1),
('E5D135.15020511300148', 'REHAB BERAT SDN RANDUBANGO', 2014, '208344000.00', '13.02.08.01', '13.02.08.01.10', '1B8F21.12091908380858', '1.3.3.99.01', 'C', 'GEDUNG B', 2003, '1.3.3.99.01', 'C', 1),
('E5D135.15020511363672', 'REHABILITASI TINGKAT BERAT SDN RANDUHARJO', 2014, '192510000.00', '13.02.08.01', '13.02.08.01.11', '84B551.12100922364517', '1.3.3.99.01', 'C', 'Gedung A', 1984, '1.3.3.99.01', 'C', 1),
('E5D135.15020511440233', 'REHAB BERAT SDN SAJEN 1', 2014, '136008000.00', '13.02.08.01', '13.02.08.01.18', 'EB82E3.12090809461931', '1.3.3.99.01', 'C', 'Bangunan Gedung E', 1924, '1.3.3.99.01', 'C', 1),
('E5D135.15020511484563', 'REHAB BERAT SDN SEDURI 2', 2014, '145008000.00', '13.02.08.01', '13.02.08.01.10', '07B217.12091110104664', '1.3.3.99.01', 'C', 'GEDUNG D', 2003, '1.3.3.99.01', 'C', 1),
('E5D135.15020511532631', 'REHAB BERAT SDN SIDOHARJO 1', 2014, '47669000.00', '13.02.08.01', '13.02.08.01.06', '05376F.12091015410817', '1.3.3.99.01', 'C', 'Bangunan C', 2003, '1.3.3.99.01', 'C', 1),
('E5D135.15020512382058', 'REHAB BERAT SDN SUMBERAGUNG', 2014, '155008000.00', '13.02.08.01', '13.02.08.01.16', '1FB1D9.12091010180852', '1.3.3.99.01', 'C', 'Gedung C', 1913, '1.3.3.01.01', 'C', 1),
('E5D135.15020512424128', 'REHAB BERAT SDN SUMBERJATI 2', 2014, '126507000.00', '13.02.08.01', '13.02.08.01.19', 'E980CE.12091223000459', '1.3.3.99.01', 'C', 'Gedung A', 2009, '1.3.3.99.01', 'C', 1),
('E5D135.15020512471843', 'REHAB BERAT SDN SUMBERKARANG', 2014, '157509000.00', '13.02.08.01', '13.02.08.01.14', 'CC330B.12092906072112', '1.3.3.99.01', 'C', 'Gedung B', 1984, '1.3.3.99.01', 'C', 1),
('E5D135.15020512511855', 'REHAB BERAT SDN SUMBERKEMBAR', 2014, '251347000.00', '13.02.08.01', '13.02.08.01.18', 'EB82E3.12091409475951', '1.3.3.99.01', 'C', 'Bangunan Gedung A', 1976, '1.3.3.99.01', 'C', 1),
('E5D135.1502051255245', 'REHAB BERAT SDN SUMBERTEBU', 2014, '225262000.00', '13.02.08.01', '13.02.08.01.05', '337AE3.12091520082326', '1.3.3.99.01', 'C', 'Bangunan Gedung B', 2003, '1.3.3.99.01', 'C', 1),
('E5D135.15020512594485', 'REHAB BERAT SDN SUMENGKO', 2014, '396688000.00', '13.02.08.01', '13.02.08.01.16', '16E9F0.12091619203150', '1.3.3.99.01', 'C', 'Bangunan Gedung B', 2009, '1.3.3.99.01', 'C', 1),
('E5D135.15020513033983', 'REHAB BERAT SDN TALOK 1', 2014, '104130000.00', '13.02.08.01', '13.02.08.01.14', 'EB82E3.12091910361139', '1.3.3.99.01', 'C', 'Gedung B', 1929, '1.3.3.99.01', 'C', 1),
('E5D135.15020513074252', 'REHAB BERAT SDN TANJUNGKENONGO 2', 2014, '51586000.00', '13.02.08.01', '13.02.08.01.18', 'EB82E3.12091413141595', '1.3.3.99.01', 'C', 'Bangunan Gedung A', 1986, '1.3.3.99.01', 'C', 1),
('E5D135.15020513163639', 'REHAB BERAT SDN WINDUREJO 2', 2014, '163383000.00', '13.02.08.01', '13.02.08.01.13', '1FB1D9.12091614020375', '1.3.3.99.01', '0', 'Gedung A', 2003, '1.3.3.01.01', 'C', 1),
('E5D135.15020513254017', 'REHAB BERAT SDN WUNUT 1', 2014, '145758000.00', '13.02.08.01', '13.02.08.01.19', '64A045.12091008521852', '1.3.3.99.01', 'C', 'Gedung A', 2008, '1.3.3.99.01', 'C', 1),
('E5D135.15020513330031', 'REHAB BERAT SMPN 1 JETIS', 2014, '302842174.00', '13.02.08.01', '13.02.08.01.24', 'B1A086.12092110531666', '1.3.3.99.01', 'C', 'Gedung I', 1999, '1.3.3.99.01', 'C', 1),
('E5D135.15020513391120', 'REHAB BERAT SMPN 1 PURI', 2014, '432157820.00', '13.02.08.01', '13.02.08.01.34', '595506.12090911330541', '1.3.3.99.01', 'C', 'Bangunan Gedung 1', 2003, '1.3.3.99.01', 'C', 1),
('E7BC35.17013013290973', 'PERAWATAN GEDUNG  PKM', 2016, '99000000.00', '13.02.07.01', '13.02.07.01.01', '320607.12091405401436', '1.3.3.01.01', 'C', 'Bangunan Gedung Kantor PKM', 1985, '1.3.3.01.01', 'C', 1),
('E7BC35.17013013293571', 'PERAWATAN GEDUNG RENIN ', 2016, '99000000.00', '13.02.07.01', '13.02.07.01.01', '320607.12091405384516', '1.3.3.01.01', 'C', 'Bangunan Gedung Kantor perencanaan', 1986, '1.3.3.01.01', 'C', 1),
('E7BC35.1802032323274', 'REHAB GEDUNG RUMDIN (AIDS)', 2017, '149395000.00', '13.02.07.01', '13.02.07.01.01', '320607.12091406143128', '1.3.3.01.01', 'C', 'Rumah dinas Sekretaris', 1985, '1.3.3.03.01', 'C', 1),
('EA0B35.16111415001614', 'Gedung D Bansos 2015', 2015, '250000000.00', '13.02.08.01', '13.02.08.01.43', 'CC330B.12092613071234', '1.3.3.01.01', 'C', 'Gedung G', 2003, '1.3.3.99.01', 'C', 1),
('EA0B35.17013115175254', 'Rehab Tempel di Gedung G', 2016, '147493000.00', '13.02.08.01', '13.02.08.01.55', '1FB1D9.12090611015031', '1.3.3.01.01', 'C', 'GEDUNG F', 2007, '1.3.3.01.01', 'C', 1),
('EA1A36.1611151133099', 'REHABILITASI BANGUNAN GEDUNG KANTOR DISPERINDAG', 2016, '198483000.00', '13.02.12.01', '13.02.12.01.01', '337AE3.12092806430480', '1.3.3.01.01', 'C', 'Bangunan Gedung Kantor Permanen', 2003, '1.3.3.01.01', 'C', 1),
('EA1A36.17082814130646', 'LOS 7  EKS PASAR LEGI', 0, '1033098.00', '13.02.12.01', '13.02.12.01.01', 'EA1A36.17082814001215', '1.3.3.99.01', 'C', 'kios A  Pasar raya mojosari', 0, '1.3.3.99.01', 'C', 1),
('EBE845.16101310152342', 'Bangunan Gedung Pendidikan Permanen', 2015, '350231000.00', '13.02.08.01', '13.02.08.01.13', '527A02.12091712053156', '1.3.3.99.01', 'C', 'Gedung A', 1968, '1.3.3.01.01', 'C', 1),
('EE0E45.15102413173558', 'REHABILITASI BERAT GEDUNG SDN POHKECIK (PENDAMPING DAK 2011)', 2015, '250005000.00', '13.02.08.01', '13.02.08.01.14', '1B8F21.12092111134431', '1.3.3.99.01', 'C', 'Gedung F', 2003, '1.3.3.99.01', 'C', 1),
('EE0E45.15102413302545', 'REHABILITASI BERAT GEDUNG SDN SEGUNUNG (PENDAMPING DAK 2011)', 2015, '288569000.00', '13.02.08.01', '13.02.08.01.14', '8E0BF7.1209231103354', '1.3.3.99.01', 'C', 'gedung A', 1970, '1.3.3.99.01', 'C', 1),
('EE0E45.1510241413400', 'REHABILITASI SEDANG GEDUNG SMP NEGERI 1 DLANGGU (DAK 2012)', 2015, '91984320.00', '13.02.08.01', '13.02.08.01.38', '14CDB3.1209191203357', '1.3.3.99.01', 'C', 'Gedung N (Perpustakaan)', 2003, '1.3.3.99.01', 'C', 1),
('EE0E45.15102414210222', 'REHABILITASI SEDANG GEDUNG SMP NEGERI 2 GEDEG (PENDAMPING DAK 2012)', 2015, '137976480.00', '13.02.08.01', '13.02.08.01.27', '826CC8.12091808445086', '1.3.3.99.01', 'C', 'Bangunan Gedung S', 1998, '1.3.3.99.01', 'C', 1),
('EE0E45.15102414413837', 'REHABILITASI BERAT GEDUNG SMP NEGERI 2 JETIS (DAK 2013)', 2015, '100958400.00', '13.02.08.01', '13.02.08.01.25', '5773B0.12092411305038', '1.3.3.99.01', 'C', 'Gedung B', 2007, '1.3.3.99.01', 'C', 1),
('EE0E45.15102415120071', 'REHABILITASI SEDANG GEDUNG SMP NEGERI 2 PACET (DAK 2013)', 2015, '137976480.00', '13.02.08.01', '13.02.08.01.54', 'B65EB8.1209200852273', '1.3.3.99.01', 'C', 'Gedung F (R.Multimedia)', 1994, '1.3.3.01.01', 'C', 1),
('EE0E45.15102415220088', 'REHABILITASI SEDANG GEDUNG SMP NEGERI 3 KUTOREJO (DAK 2013)', 2015, '141341760.00', '13.02.08.01', '13.02.08.01.42', '2D3A1B.12091921351787', '1.3.3.99.01', 'C', 'Gedung C', 1997, '1.3.3.99.01', 'C', 1),
('EE0E45.15102415521444', 'REHABILITASI BERAT GEDUNG SMP NEGERI 1 DAWARBLANDONG (DAK 2014)', 2015, '151437600.00', '13.02.08.01', '13.02.08.01.28', '5773B0.12091718434963', '1.3.3.99.01', 'C', 'Gedung K', 2003, '1.3.3.99.01', 'C', 1),
('EE0E45.15102415590349', 'REHABILITASI BERAT GEDUNG SMP NEGERI 1 KEMLAGI (DAK 2014)', 2015, '224352000.00', '13.02.08.01', '13.02.08.01.23', '3AE8F8.06011405565284', '1.3.3.99.01', 'C', 'GEDUNG D', 1984, '1.3.3.99.01', 'C', 1),
('EE0E45.15102416043643', 'REHABILITASI SEDANG GEDUNG SMP NEGERI 1 PUNGGING (DAK 2014)', 2015, '134611200.00', '13.02.08.01', '13.02.08.01.49', 'B89D96.12091715461883', '1.3.3.99.01', 'C', 'Bangunan Gedung Pendidikan Permanen J', 2005, '1.3.3.99.01', 'C', 1),
('EE0E45.15102416111778', 'REHABILITASI BERAT GEDUNG SMP NEGERI 1 SOOKO (DAK 2014)', 2015, '151437600.00', '13.02.08.01', '13.02.08.01.21', '64A045.12100412241238', '1.3.3.99.01', 'C', 'Gedung T', 2007, '1.3.3.99.01', 'C', 1),
('EE0E45.15102416171134', 'REHABILITASI SEDANG GEDUNG SMP NEGERI 1 TRAWAS (DAK 2014)', 2015, '134611200.00', '13.02.08.01', '13.02.08.01.56', '5773B0.1209162234069', '1.3.3.99.01', 'C', 'Gedung D', 2003, '1.3.3.01.01', 'C', 1),
('EE0E45.16012507512436', 'REHABILITASI SEDANG GEDUNG SDN KEDUNGUNENG (DAK 2011)', 2015, '84637000.00', '13.02.08.01', '13.02.08.01.05', '337AE3.12091613332390', '1.3.3.99.01', 'C', 'Bangunan Gedung B', 1996, '1.3.3.99.01', 'C', 1),
('EE0E45.16012507584555', 'REHABILITASI BERAT GEDUNG SDN MEJOYO (DAK 2011)', 2015, '198085000.00', '13.02.08.01', '13.02.08.01.05', '337AE3.12091413312013', '1.3.3.99.01', 'C', 'Bangunan Gedung  B', 1982, '1.3.3.99.01', 'C', 1),
('EE0E45.16012508095015', 'REHABILITASI SEDANG GEDUNG SDN NGASTEMI 1 (DAK 2011)', 2015, '72547000.00', '13.02.08.01', '13.02.08.01.05', '8E0BF7.12091211432981', '1.3.3.99.01', 'C', 'GEDUNG B', 2006, '1.3.3.99.01', 'C', 1),
('EE0E45.16012509064271', 'REHABILITASI SEDANG GEDUNG SDN TINGGARBUNTUT (DAK 2011)', 2015, '222369000.00', '13.02.08.01', '13.02.08.01.05', '337AE3.12091612282636', '1.3.3.99.01', 'C', 'Bangunan Gedung B', 2003, '1.3.3.99.01', 'C', 1),
('EE0E45.16012509340522', 'REHABILITASI SEDANG GEDUNG SDN BANGERAN 1 (DAK 2015)', 2015, '101426600.00', '13.02.08.01', '13.02.08.01.09', 'F01F26.1209241525407', '1.3.3.99.01', 'C', 'Gedung A', 2002, '1.3.3.99.01', 'C', 1),
('EE0E45.1601250940254', 'REHABILITASI BERAT GEDUNG SDN BRAYUBLANDONG (DAK 2015)', 2015, '155481700.00', '13.02.08.01', '13.02.08.01.09', 'C66548.12092412464743', '1.3.3.99.01', 'C', 'Gedung F', 1951, '1.3.3.01.01', 'C', 1),
('EE0E45.16012509462214', 'REHABILITASI SEDANG GEDUNG SDN CINANDANG (DAK 2011)', 2015, '199277000.00', '13.02.08.01', '13.02.08.01.09', 'F01F26.12092410354097', '1.3.3.99.01', 'C', 'Gedung C', 2000, '1.3.3.99.01', 'C', 1),
('EE0E45.16012509514813', 'REHABILITASI SEDANG GEDUNG SDN DAWARBLANDONG (DAK 2011)', 2015, '54072000.00', '13.02.08.01', '13.02.08.01.09', 'F01F26.12092510485280', '1.3.3.99.01', 'C', 'Gedung  B', 2009, '1.3.3.99.01', 'C', 1),
('EE0E45.16012509565547', 'REHABILITASI SEDANG GEDUNG SDN JATIROWO 1 (DAK 2015)', 2015, '192306400.00', '13.02.08.01', '13.02.08.01.09', '5773B0.12091011032973', '1.3.3.99.01', 'C', 'Gedung C', 2009, '1.3.3.01.01', 'C', 1),
('EE0E45.16012510012941', 'REHABILITASI BERAT GEDUNG SDN MADURESO (DAK 2011)', 2015, '195969000.00', '13.02.08.01', '13.02.08.01.09', 'F01F26.12092109501277', '1.3.3.99.01', 'C', 'Gedung C', 1974, '1.3.3.99.01', 'C', 1),
('EE0E45.1601251005596', 'REHABILITASI BERAT GEDUNG SDN PULOREJO 2 (DAK 2011)', 2015, '127785000.00', '13.02.08.01', '13.02.08.01.09', '5773B0.12090610314471', '1.3.3.99.01', 'C', 'GEDUNG D', 1962, '1.3.3.99.01', 'C', 1),
('EE0E45.16012510273361', 'REHABILITASI SEDANG GEDUNG SDN DLANGGU (DAK 2015)', 2015, '68885300.00', '13.02.08.01', '13.02.08.01.14', 'CC330B.1209290543089', '1.3.3.99.01', 'C', 'Gedung B', 1962, '1.3.3.99.01', 'C', 1),
('EE0E45.16012510344340', 'REHABILITASI SEDANG GEDUNG SDN JRAMBE (DAK 2015)', 2015, '63615200.00', '13.02.08.01', '13.02.08.01.14', 'CC330B.12092905155914', '1.3.3.99.01', 'C', 'Gedung C', 1983, '1.3.3.99.01', 'C', 1),
('EE0E45.16012510393688', 'REHABILITASI BERAT GEDUNG SDN KALEN (DAK 2011)', 2015, '139101000.00', '13.02.08.01', '13.02.08.01.14', 'E80398.12092014224845', '1.3.3.99.01', 'C', 'Gedung A', 1997, '1.3.3.99.01', 'C', 1),
('EE0E45.1601251044306', 'REHABILITASI SEDANG GEDUNG SDN KEDUNGGEDE 1 (DAK 2015)', 2015, '131290500.00', '13.02.08.01', '13.02.08.01.14', '1FB1D9.12091816390689', '1.3.3.99.01', 'C', 'Gedung A', 1972, '1.3.3.99.01', 'C', 1),
('EE0E45.16012510504841', 'REHABILITASI SEDANG GEDUNG SDN NGEMBEH 2 (DAK 2012)', 2015, '108450000.00', '13.02.08.01', '13.02.08.01.14', '1FB1D9.12092114340894', '1.3.3.99.01', 'C', 'Gedung A', 2009, '1.3.3.99.01', 'C', 1),
('EE0E45.1601251112048', 'REHABILITASI SEDANG GEDUNG SDN SUMBERKARANG (DAK 2015)', 2015, '110493900.00', '13.02.08.01', '13.02.08.01.14', 'CC330B.12092906065135', '1.3.3.99.01', 'C', 'Gedung A', 2011, '1.3.3.99.01', 'C', 1),
('EE0E45.16012511164321', 'REHABILITASI SEDANG GEDUNG SDN TALOK 2 (DAK 2015)', 2015, '134120800.00', '13.02.08.01', '13.02.08.01.14', '1B8F21.12091910484056', '1.3.3.99.01', 'C', 'Gedung B', 2011, '1.3.3.99.01', 'C', 1),
('EE0E45.16012511263832', 'REHABILITASI BERAT GEDUNG SDN BATANKRAJAN (DAK 2011)', 2015, '108985000.00', '13.02.08.01', '13.02.08.01.06', '5F5D46.12092710563766', '1.3.3.99.01', 'C', 'Bangunan Gedung A', 1980, '1.3.3.99.01', 'C', 1),
('EE0E45.16012511343118', 'REHABILITASI SEDANG GEDUNG SDN BERATWETAN 2 (DAK 2015)', 2015, '113481500.00', '13.02.08.01', '13.02.08.01.06', '05376F.12091312170993', '1.3.3.99.01', 'C', 'Bangunan Gedung A', 1976, '1.3.3.99.01', 'C', 1),
('EE0E45.16012511484547', 'REHABILITASI SEDANG GEDUNG SDN GEMBONGAN (DAK 2015)', 2015, '173873700.00', '13.02.08.01', '13.02.08.01.06', '84B551.12101016001272', '1.3.3.99.01', 'C', 'Gedung D', 2008, '1.3.3.99.01', 'C', 1),
('EE0E45.16012512270368', 'REHABILITASI SEDANG GEDUNG SDN KEMANTREN 1 (DAK 2015)', 2015, '40560300.00', '13.02.08.01', '13.02.08.01.06', '05376F.12091009584796', '1.3.3.99.01', 'C', 'Bangunan Gedung A', 2003, '1.3.3.99.01', 'C', 1),
('EE0E45.16012512384398', 'REHABILITASI SEDANG GEDUNG SDN PAGERLUYUNG 1 (DAK 2015)', 2015, '37098600.00', '13.02.08.01', '13.02.08.01.06', '05376F.1209071449126', '1.3.3.99.01', 'C', 'Bangunan Gedung  G', 2003, '1.3.3.99.01', 'C', 1),
('EE0E45.16012512433352', 'REHABILITASI SEDANG GEDUNG SDN SIDOHARJO 2 (DAK 2015)', 2015, '321087800.00', '13.02.08.01', '13.02.08.01.06', '05376F.12091410300821', '1.3.3.99.01', 'C', 'Bangunan Gedung B', 2003, '1.3.3.99.01', 'C', 1),
('EE0E45.16012512485146', 'REHABILITASI SEDANG GEDUNG SDN TERUSAN 3 (DAK 2015)', 2015, '79467300.00', '13.02.08.01', '13.02.08.01.06', '05376F.12092111050495', '1.3.3.99.01', 'C', 'Bangunan Gedung B', 2003, '1.3.3.99.01', 'C', 1),
('EE0E45.16012513021752', 'REHABILITASI BERAT GEDUNG SDN CENTONG (DAK 2015)', 2015, '97647000.00', '13.02.08.01', '13.02.08.01.15', 'EEE388.12090819493721', '1.3.3.99.01', 'C', 'Gedung A', 1961, '1.3.3.99.01', 'C', 1),
('EE0E45.16012513140210', 'REHABILITASI SEDANG GEDUNG SDN GONDANG (DAK 2011)', 2015, '54072000.00', '13.02.08.01', '13.02.08.01.15', '8E0BF7.12090714131182', '1.3.3.99.01', 'C', 'Gedung C', 1909, '1.3.3.99.01', 'C', 1),
('EE0E45.16012513181914', 'REHABILITASI SEDANG GEDUNG SDN JATIDUKUH (DAK 2011)', 2015, '149067000.00', '13.02.08.01', '13.02.08.01.15', '8E0BF7.1209071031504', '1.3.3.99.01', 'C', 'gedung I', 2003, '1.3.3.99.01', 'C', 1),
('EE0E45.16012515305092', 'REHABILITASI SEDANG GEDUNG SDN PUGERAN (DAK 2015)', 2015, '57123000.00', '13.02.08.01', '13.02.08.01.15', '8E0BF7.12090713393579', '1.3.3.99.01', 'C', 'Gedung G', 1994, '1.3.3.99.01', 'C', 1),
('EE0E45.16012515364794', 'REHABILITASI BERAT GEDUNG SDN BLEBERAN (DAK 2015)', 2015, '202534200.00', '13.02.08.01', '13.02.08.01.16', '16E9F0.12091021175249', '1.3.3.99.01', 'C', 'Gedung B', 2003, '1.3.3.99.01', 'C', 1),
('EE0E45.16012515460185', 'REHABILITASI SEDANG GEDUNG SDN DINOYO 1 (DAK 2011)', 2015, '54072000.00', '13.02.08.01', '13.02.08.01.16', '16E9F0.12091523013384', '1.3.3.99.01', 'C', 'Bangunan Gedung A', 1911, '1.3.3.99.01', 'C', 1),
('EE0E45.16012515511048', 'REHABILITASI BERAT GEDUNG SDN DUKUHNGARJO (DAK 2015)', 2015, '158308700.00', '13.02.08.01', '13.02.08.01.16', '1FB1D9.12091209303651', '1.3.3.99.01', 'C', 'Gedung B', 1979, '1.3.3.01.01', 'C', 1),
('EE0E45.16012515554390', 'REHABILITASI SEDANG GEDUNG SDN GEBANGSARI (DAK 2011)', 2015, '54072000.00', '13.02.08.01', '13.02.08.01.16', '1FB1D9.1209121508179', '1.3.3.99.01', 'C', 'Gedung C', 1979, '1.3.3.01.01', 'C', 1),
('EE0E45.16012516033174', 'REHABILITASI BERAT GEDUNG SDN LEBAKJABUNG REHABILITASI BERAT GEDUNG SDN LEBAKJABUNG (DAK 2011)', 2015, '54072000.00', '13.02.08.01', '13.02.08.01.16', '16E9F0.12091708322098', '1.3.3.99.01', 'C', 'Bangunan Gedung  D', 1980, '1.3.3.99.01', 'C', 1),
('EE0E45.16012519033257', 'REHABILITASI SEDANG GEDUNG SDN PADANGASRI (DAK 2015)', 2015, '68047100.00', '13.02.08.01', '13.02.08.01.16', '1FB1D9.12091315443276', '1.3.3.99.01', 'C', 'Gedung A', 2007, '1.3.3.01.01', 'C', 1),
('EE0E45.1601251925503', 'REHABILITASI BERAT GEDUNG SDN JETIS 2 (DAK 2011)', 2015, '205025000.00', '13.02.08.01', '13.02.08.01.08', 'E83602.12090710252225', '1.3.3.99.01', 'C', 'Gedung A ( kelas, UKS )', 1976, '1.3.3.99.01', 'C', 1),
('EE0E45.16012519364164', 'REHABILITASI BERAT GEDUNG SDN KUPANG 2 (DAK 2011)', 2015, '214487000.00', '13.02.08.01', '13.02.08.01.08', '645439.12091210500970', '1.3.3.99.01', 'C', 'Gedung  A ( mushola )', 2009, '1.3.3.99.01', 'C', 1),
('EE0E45.16012519462119', 'REHABILITASI SEDANG GEDUNG SDN MLIRIP 1 (DAK 2015)', 2015, '148981800.00', '13.02.08.01', '13.02.08.01.08', '261245.14092310000026', '1.3.3.99.01', 'C', 'Bangunan Gedung Kantor Permanen', 2012, '1.3.3.01.01', 'C', 1),
('EE0E45.16012608080415', 'REHABILITASI BERAT GEDUNG SDN PANDANKRAJAN 1 (DAK 2015)', 2015, '346995000.00', '13.02.08.01', '13.02.08.01.07', 'D8F635.1502042038270', '1.3.3.99.01', 'C', 'Gedung A', 2014, '1.3.3.99.01', 'C', 1),
('EE0E45.16012608134226', 'REHABILITASI SEDANG GEDUNG SDN PANDANKRAJAN 2 (DAK 2015)', 2015, '218182800.00', '13.02.08.01', '13.02.08.01.07', 'F01F26.12091011173462', '1.3.3.99.01', 'C', 'Gedung A', 1982, '1.3.3.99.01', 'C', 1),
('EE0E45.16012608180885', 'REHABILITASI SEDANG GEDUNG SDN KALIGORO (DAK 2015)', 2015, '97210300.00', '13.02.08.01', '13.02.08.01.13', '8E0BF7.12100713273029', '1.3.3.99.01', 'C', 'gedung A', 2003, '1.3.3.99.01', 'C', 1),
('EE0E45.16012608391883', 'REHABILITASI SEDANG GEDUNG SDN SIMBARINGIN (DAK 2015)', 2015, '108942900.00', '13.02.08.01', '13.02.08.01.13', '8E0BF7.12092010003131', '1.3.3.99.01', 'C', 'GEDUNG A', 2003, '1.3.3.99.01', 'C', 1),
('EE0E45.16012608472797', 'REHABILITASI SEDANG GEDUNG SDN GEBANGMALANG 1 (DAK 2011)', 2015, '49982000.00', '13.02.08.01', '13.02.08.01.19', '5F5D46.12110513151236', '1.3.3.99.01', 'C', 'GEDUNG A', 2003, '1.3.3.99.01', 'C', 1),
('EE0E45.1601260851264', 'REHABILITASI SEDANG GEDUNG SDN JUMENENG (DAK 2011)', 2015, '61901000.00', '13.02.08.01', '13.02.08.01.19', '72CBE1.1209091447017', '1.3.3.99.01', 'C', 'Gedung A', 2003, '1.3.3.99.01', 'C', 1),
('EE0E45.16012610303285', 'REHABILITASI SEDANG GEDUNG SDN KWATU (DAK 2011)', 2015, '95152000.00', '13.02.08.01', '13.02.08.01.19', '72CBE1.12090916160361', '1.3.3.99.01', 'C', 'Gedung A', 2009, '1.3.3.99.01', 'C', 1),
('EE0E45.16012610363989', 'REHABILITASI SEDANG GEDUNG SDN KWEDENKEMBAR (DAK 2011)', 2015, '85163000.00', '13.02.08.01', '13.02.08.01.19', 'E980CE.12091009551856', '1.3.3.99.01', 'C', 'GEDUNG B', 1967, '1.3.3.99.01', 'C', 1),
('EE0E45.1601261040560', 'REHABILITASI SEDANG GEDUNG SDN LENGKONG 1 (DAK 2015)', 2015, '127043400.00', '13.02.08.01', '13.02.08.01.19', '64A045.12090613455674', '1.3.3.99.01', '0', 'Gedung A', 2003, '1.3.3.99.01', 'C', 1),
('EE0E45.16012610475323', 'REHABILITASI SEDANG GEDUNG SDN LENGKONG 2 (DAK 2015)', 2015, '96726300.00', '13.02.08.01', '13.02.08.01.19', 'E980CE.12091223583980', '1.3.3.99.01', 'C', 'Gedung A', 2008, '1.3.3.99.01', 'C', 1),
('EE0E45.16012610522645', 'REHABILITASI SEDANG GEDUNG SDN SADARTENGAH (DAK 2011)', 2015, '158236000.00', '13.02.08.01', '13.02.08.01.19', 'E980CE.12091214315257', '1.3.3.99.01', 'C', 'Gedung C', 2003, '1.3.3.99.01', 'C', 1),
('EE0E45.1601261111147', 'REHABILITASI SEDANG GEDUNG SDN MOJOSULUR 1 (DAK 2015)', 2015, '146687200.00', '13.02.08.01', '13.02.08.01.10', '07B217.1209120958400', '1.3.3.99.01', 'C', 'GEDUNG A', 2003, '1.3.3.99.01', 'C', 1),
('EE0E45.16012611170722', 'REHABILITASI SEDANG GEDUNG SDN SEDURI 1 (DAK 2015)', 2015, '67265000.00', '13.02.08.01', '13.02.08.01.10', '64A045.12100517523259', '1.3.3.99.01', 'C', 'Gedung A', 1982, '1.3.3.99.01', 'C', 1),
('EE0E45.16012611384042', 'REHABILITASI BERAT GEDUNG SDN KUNJOROWESI 2 (DAK 2011)', 2015, '192565000.00', '13.02.08.01', '13.02.08.01.12', 'E80398.1209241208409', '1.3.3.99.01', 'C', 'Bangunan Gedung  B', 2003, '1.3.3.99.01', 'C', 1),
('EE0E45.16012613335175', 'REHABILITASI SEDANG GEDUNG SDN SEDATI 1 (DAK 2011)', 2015, '37242000.00', '13.02.08.01', '13.02.08.01.12', '3DA8B5.12090615263965', '1.3.3.99.01', 'C', 'GEDUNG B', 2003, '1.3.3.99.01', 'C', 1),
('EE0E45.16012613511920', 'REHABILITASI SEDANG GEDUNG SDN SUKOANYAR (DAK 2015)', 2015, '58661900.00', '13.02.08.01', '13.02.08.01.12', '2F8AE6.12092511552349', '1.3.3.99.01', 'C', 'Gedung A (Kantor, Kelas IV, V & VI)', 2003, '1.3.3.99.01', 'C', 1),
('EE0E45.16012613565959', 'REHABILITASI SEDANG GEDUNG SDN TANJANGRONO 2 (DAK 2011)', 2015, '39037000.00', '13.02.08.01', '13.02.08.01.12', '2F8AE6.12091809434073', '1.3.3.99.01', 'C', 'Gedung D (Rumah Penjaga)', 1985, '1.3.3.99.01', 'C', 1),
('EE0E45.16012614060211', 'REHABILITASI SEDANG GEDUNG SDN KEMBANGBELOR (DAK 2011)', 2015, '74486000.00', '13.02.08.01', '13.02.08.01.18', 'EB82E3.12091209515035', '1.3.3.99.01', 'C', 'Bangunan E', 2009, '1.3.3.99.01', 'C', 1),
('EE0E45.16012614111041', 'REHABILITASI SEDANG GEDUNG SDN KEMIRI 2 (DAK 2011)', 2015, '132461000.00', '13.02.08.01', '13.02.08.01.18', 'EB82E3.12091311552954', '1.3.3.99.01', 'C', 'Bangunan Gedung A', 1979, '1.3.3.99.01', 'C', 1),
('EE0E45.16012614154038', 'REHABILITASI SEDANG GEDUNG SDN PACET 1 (DAK 2015)', 2015, '70002900.00', '13.02.08.01', '13.02.08.01.18', 'EB82E3.12090708301896', '1.3.3.99.01', 'C', 'Bangunan Gedung B', 1983, '1.3.3.99.01', 'C', 1),
('EE0E45.16012614303077', 'REHABILITASI SEDANG GEDUNG SDN PETAK (DAK 2011)', 2015, '78842000.00', '13.02.08.01', '13.02.08.01.18', '8E0BF7.12091410233072', '1.3.3.99.01', 'C', 'Gedung E', 1982, '1.3.3.99.01', 'C', 1),
('EE0E45.16012614360319', 'REHABILITASI SEDANG GEDUNG SDN SAJEN 1 (DAK 2015)', 2015, '77277200.00', '13.02.08.01', '13.02.08.01.18', 'EB82E3.12090809420624', '1.3.3.99.01', 'C', 'Bangunan Gedung C', 1901, '1.3.3.99.01', 'C', 1),
('EE0E45.16012614401673', 'REHABILITASI SEDANG GEDUNG SDN SUMBERKEMBAR (DAK 2015)', 2015, '122172600.00', '13.02.08.01', '13.02.08.01.18', 'EB82E3.12091409535141', '1.3.3.99.01', 'C', 'Bangunan Gedung C', 2010, '1.3.3.99.01', 'C', 1),
('EE0E45.16012614454962', 'REHABILITASI SEDANG GEDUNG SDN WIYU (DAK 2011)', 2015, '75412000.00', '13.02.08.01', '13.02.08.01.18', '8E0BF7.12091409444472', '1.3.3.99.01', 'C', 'gedung B', 1984, '1.3.3.99.01', 'C', 1),
('EE0E45.16012615580439', 'REHABILITASI SEDANG GEDUNG SDN KEMBANGRINGGIT 3 (DAK 2014)', 2015, '85412000.00', '13.02.08.01', '13.02.08.01.11', '16E9F0.1209251012125', '1.3.3.99.01', 'C', 'Bangunan Gedung  C', 2009, '1.3.3.99.01', 'C', 1),
('EE0E45.16012616201645', 'REHABILITASI BERAT GEDUNG SDN MOJOREJO 1 (DAK 2011)', 2015, '139641000.00', '13.02.08.01', '13.02.08.01.11', '9B1406.1210301435355', '1.3.3.99.01', 'C', 'Gedung C', 2009, '1.3.3.99.01', 'C', 1),
('EE0E45.16012616293453', 'REHABILITASI SEDANG GEDUNG SDN NGROWO 2 (DAK 2011)', 2015, '127971000.00', '13.02.08.01', '13.02.08.01.05', '337AE3.12092210012522', '1.3.3.99.01', '0', 'Bangunan Gedung B', 1987, '1.3.3.99.01', 'C', 1),
('EE0E45.1601261633578', 'REHABILITASI BERAT GEDUNG SDN RANDEGAN (DAK 2011)', 2015, '147243000.00', '13.02.08.01', '13.02.08.01.09', 'F01F26.12092411383368', '1.3.3.99.01', '0', 'Gedung G', 1921, '1.3.3.99.01', 'C', 1),
('EE0E45.16012616385970', 'REHABILITASI SEDANG GEDUNG SDN SEKARGADUNG 1 C', 2014, '118960600.00', '13.02.08.01', '13.02.08.01.11', '527A02.12091813491679', '1.3.3.99.01', '0', 'Gedung D', 2009, '1.3.3.99.01', 'C', 1),
('EE0E45.16012616535856', 'REHABILITASI BERAT GEDUNG SDN WATUKENONGO 2 (DAK 2015)', 2015, '215535100.00', '13.02.08.01', '13.02.08.01.11', '8E0BF7.12100511152017', '1.3.3.99.01', 'C', 'GEDUNG E', 2003, '1.3.3.99.01', 'C', 1),
('EE0E45.16012616580815', 'REHABILITASI SEDANG GEDUNG SDN BALONGMOJO (DAK 2014)', 2015, '79250000.00', '13.02.08.01', '13.02.08.01.04', 'E980CE.12091321474075', '1.3.3.99.01', 'C', 'Bangunan Gedung A', 1979, '1.3.3.99.01', 'C', 1),
('EE0E45.16012617021863', 'REHABILITASI SEDANG GEDUNG SDN BANJARAGUNG 1 C', 2015, '179374800.00', '13.02.08.01', '13.02.08.01.04', 'E980CE.12091419301494', '1.3.3.99.01', 'C', 'Bangunan Gedung A', 2003, '1.3.3.99.01', 'C', 1),
('EE0E45.16012617141068', 'REHABILITASI SEDANG GEDUNG SDN KENANTEN (DAK 2011)', 2015, '84572000.00', '13.02.08.01', '13.02.08.01.04', 'E980CE.12091312081828', '1.3.3.99.01', 'C', 'Bangunan Gedung A', 1997, '1.3.3.99.01', 'C', 1),
('EE0E45.16012617220172', 'REHABILITASI SEDANG GEDUNG SDN MLATEN (DAK 2014)', 2015, '185371000.00', '13.02.08.01', '13.02.08.01.04', 'EB82E3.12092410332155', '1.3.3.99.01', 'C', 'Bangunan Gedung B', 1958, '1.3.3.99.01', 'C', 1);
INSERT INTO `penambahan_nilai` (`pnid`, `namapn`, `tahunpn`, `nilaipn`, `lokasipn`, `subunitpn`, `asetindukid`, `kodepn`, `bidangpn`, `namainduk`, `tahuninduk`, `kodeinduk`, `bidanginduk`, `tambah_masa_manfaat`) VALUES
('EE0E45.16012617301341', 'REHABILITASI SEDANG GEDUNG SDN SUMBERGIRANG 2 (DAK 2015)', 2015, '108523800.00', '13.02.08.01', '13.02.08.01.04', 'E980CE.12092409194297', '1.3.3.99.01', 'C', 'Bangunan Gedung C', 2003, '1.3.3.99.01', 'C', 1),
('EE0E45.16012617434098', 'REHABILITASI SEDANG GEDUNG SDN TANGUNAN (DAK 2015)', 2015, '110544500.00', '13.02.08.01', '13.02.08.01.04', 'E980CE.12091710034366', '1.3.3.99.01', 'C', 'Bangunan Gedung B', 2003, '1.3.3.99.01', 'C', 1),
('EE0E45.1601261747239', 'REHABILITASI BERAT GEDUNG SDN BLIMBINGSARI (DAK 2015)', 2015, '162574500.00', '13.02.08.01', '13.02.08.01.02', '72CBE1.12091112121253', '1.3.3.99.01', 'C', 'Bangunan Gedung B', 2003, '1.3.3.99.01', 'C', 1),
('EE0E45.16012617510841', 'REHABILITASI BERAT GEDUNG SDN BRANGKAL (DAK 2015)', 2015, '212657500.00', '13.02.08.01', '13.02.08.01.02', '5F5D46.12091713535145', '1.3.3.99.01', 'C', 'Bangunan Gedung A', 2003, '1.3.3.99.01', 'C', 1),
('EE0E45.16012618163325', 'REHABILITASI SEDANG GEDUNG SDN SOOKO 2 (DAK 2015)', 2015, '152654700.00', '13.02.08.01', '13.02.08.01.02', '72CBE1.12091210150260', '1.3.3.99.01', 'C', 'Bangunan Gedung B', 2003, '1.3.3.99.01', 'C', 1),
('EE0E45.16012819503755', 'REHABILITASI BERAT GEDUNG SMP NEGERI 2 BANGSAL (DAK 2014)', 2015, '151437600.00', '13.02.08.01', '13.02.08.01.46', '8E643C.12091719112771', '1.3.3.99.01', 'C', 'Gedung J', 2003, '1.3.3.99.01', 'C', 1),
('EE0E45.16020107424752', 'REHABILITASI BERAT GEDUNG SMPN 1 TROWULAN (DAK 2014)', 2015, '168264000.00', '13.02.08.01', '13.02.08.01.30', '4C6C0E.12091209535061', '1.3.3.99.01', 'C', 'GEDUNG I', 2010, '1.3.3.99.01', 'C', 1),
('EE0E45.16080514084672', 'REHABILITASI BERAT GEDUNG SDN KEDUNGUNENG (DAK) 2016', 2016, '55150000.00', '13.02.08.01', '13.02.08.01.05', '337AE3.12091613325825', '1.3.3.99.01', '0', 'Bangunan Gedung A', 1996, '1.3.3.99.01', 'C', 1),
('EE0E45.16080514135723', 'REHABILITASI BERAT GEDUNG SDN SEKARGADUNG 1 (DAK) 2016', 2016, '57476000.00', '13.02.08.01', '13.02.08.01.11', '527A02.12091713530735', '1.3.3.99.01', '0', 'Gedung A', 2008, '1.3.3.99.01', 'C', 1),
('EE0E45.16080514171338', 'REHABILITASI BERAT GEDUNG SDN SIMONGAGROK 1 (DAK) 2016', 2016, '208809000.00', '13.02.08.01', '13.02.08.01.09', '5773B0.12090713081665', '1.3.3.99.01', '0', 'Gedung A', 2011, '1.3.3.01.01', 'C', 1),
('EE0E45.16080514363564', 'REHABILITASI BERAT GEDUNG SDN TALUN (DAK 2015)', 2016, '203491200.00', '13.02.08.01', '13.02.08.01.09', '5773B0.12090613384211', '1.3.3.99.01', '0', 'Gedung A', 1962, '1.3.3.99.01', 'C', 1),
('EE0E45.16080807220738', 'REHABILITASI SEDANG GEDUNG SDN BANDUNG 2 (DAK) 2016', 2016, '71984000.00', '13.02.08.01', '13.02.08.01.06', '05376F.12091414353624', '1.3.3.99.01', '0', 'Bangunan Gedung B', 1982, '1.3.3.99.01', 'C', 1),
('EE0E45.16080807253697', 'REHABILITASI SEDANG GEDUNG SDN BAURENO (DAK) 2016', 2016, '63986000.00', '13.02.08.01', '13.02.08.01.16', '16E9F0.12091714393761', '1.3.3.99.01', '0', 'Bangunan Gedung  B', 1978, '1.3.3.99.01', 'C', 1),
('EE0E45.16080807292954', 'REHABILITASI SEDANG GEDUNG SDN BELAHANTENGAH (DAK) 2016', 2016, '41515000.00', '13.02.08.01', '13.02.08.01.10', '07B217.12091315330483', '1.3.3.99.01', '0', 'GEDUNG D', 2000, '1.3.3.99.01', 'C', 1),
('EE0E45.16080807324113', 'REHABILITASI SEDANG GEDUNG SDN GAYAM (DAK) 2016', 2016, '103178000.00', '13.02.08.01', '13.02.08.01.05', '337AE3.12091509391722', '1.3.3.99.01', '0', 'Bangunan Gedung B', 1980, '1.3.3.99.01', 'C', 1),
('EE0E45.16080807355450', 'REHABILITASI SEDANG GEDUNG SDN GEBANGMALANG 1 (DAK) 2016', 2016, '102378000.00', '13.02.08.01', '13.02.08.01.19', '5F5D46.12110513214549', '1.3.3.99.01', '0', 'GEDUNG D', 2003, '1.3.3.99.01', 'C', 1),
('EE0E45.16080807420485', 'REHABILITASI SEDANG GEDUNG SDN JIYU 1 (DAK)', 2016, '131172000.00', '13.02.08.01', '13.02.08.01.13', '9B1406.12091713523645', '1.3.3.99.01', '0', 'Gedung B', 1961, '1.3.3.99.01', 'C', 1),
('EE0E45.16080807445667', 'REHABILITASI SEDANG GEDUNG SDN KALEN (DAK) 2016', 2016, '66119000.00', '13.02.08.01', '13.02.08.01.14', 'E80398.12092014224845', '1.3.3.99.01', '0', 'Gedung A', 1997, '1.3.3.99.01', 'C', 1),
('EE0E45.16080807481791', 'REHABILITASI SEDANG GEDUNG SDN KEMBANGBELOR (DAK) 2016', 2016, '138637000.00', '13.02.08.01', '13.02.08.01.18', 'EB82E3.12091209544736', '1.3.3.99.01', '0', 'Bangunan F', 2003, '1.3.3.99.01', 'C', 1),
('EE0E45.16080807513282', 'REHABILITASI SEDANG GEDUNG SDN KESEMEN (DAK) 2016', 2016, '63986000.00', '13.02.08.01', '13.02.08.01.12', '8E0BF7.12092411264950', '1.3.3.99.01', '0', 'GEDUNG A', 2009, '1.3.3.99.01', 'C', 1),
('EE0E45.16080807560694', 'REHABILITASI SEDANG GEDUNG SDN KUNJOROWESI 3 (DAK) 2016', 2016, '152501000.00', '13.02.08.01', '13.02.08.01.12', '8E0BF7.12092410003345', '1.3.3.99.01', '0', 'GEDUNG A', 2009, '1.3.3.99.01', 'C', 1),
('EE0E45.1608080802063', 'REHABILITASI SEDANG GEDUNG SDN KUTOGIRANG (DAK) 2016', 2016, '31993000.00', '13.02.08.01', '13.02.08.01.12', '2F8AE6.12092013590471', '1.3.3.99.01', '0', 'Gedung A (Kantor, Kelas VI, V dan IV)', 2008, '1.3.3.99.01', 'C', 1),
('EE0E45.16080808043863', 'REHABILITASI SEDANG GEDUNG SDN MLATEN (DAK) 2016', 2016, '104074000.00', '13.02.08.01', '13.02.08.01.04', 'EB82E3.12092410370329', '1.3.3.99.01', '0', 'Bangunan Gedung G', 1992, '1.3.3.99.01', 'C', 1),
('EE0E45.16080808121122', 'REHABILITASI SEDANG GEDUNG SDN PADUSAN (DAK) 2016', 2016, '81177000.00', '13.02.08.01', '13.02.08.01.18', 'EB82E3.12091710064426', '1.3.3.99.01', '0', 'Bangunan Gedung B', 2003, '1.3.3.99.01', 'C', 1),
('EE0E45.16080808154574', 'REHABILITASI SEDANG GEDUNG SDN SELOLIMAN (DAK) 2016', 2016, '95979000.00', '13.02.08.01', '13.02.08.01.17', 'D7BF15.1209111130119', '1.3.3.99.01', '0', 'Gedung B', 1976, '1.3.3.99.01', 'C', 1),
('EE0E45.1608080819587', 'REHABILITASI SEDANG GEDUNG SDN SUMBERJATI 1 (DAK) 2016', 2016, '121894000.00', '13.02.08.01', '13.02.08.01.19', '72CBE1.12090709454087', '1.3.3.99.01', '0', 'Bangunan Gedung B', 2003, '1.3.3.99.01', 'C', 1),
('EE0E45.16080808245260', 'REHABILITASI SEDANG GEDUNG SDN TAWAR (DAK) 2016', 2016, '158046000.00', '13.02.08.01', '13.02.08.01.15', '8E0BF7.12090611513083', '1.3.3.99.01', '0', 'GEDUNG C', 1983, '1.3.3.99.01', 'C', 1),
('EE0E45.16080808272078', 'REHABILITASI SEDANG GEDUNG SDN TERUSAN 3 (DAK) 2016', 2016, '98112000.00', '13.02.08.01', '13.02.08.01.06', '05376F.12092111050495', '1.3.3.99.01', '0', 'Bangunan Gedung B', 2003, '1.3.3.99.01', 'C', 1),
('EE0E45.16080808300748', 'REHABILITASI SEDANG GEDUNG SDN WONOREJO 2 (DAK) 2016', 2016, '118727000.00', '13.02.08.01', '13.02.08.01.03', '337AE3.12092519584721', '1.3.3.99.01', '0', 'Bangunan Gedung C', 2003, '1.3.3.99.01', 'C', 1),
('EE0E45.16080808323364', 'REHABILITASI SEDANG GEDUNG SDN WUNUT 1 (DAK) 2016', 2016, '108840000.00', '13.02.08.01', '13.02.08.01.19', '64A045.12091008535042', '1.3.3.99.01', '0', 'Gedung B', 2003, '1.3.3.99.01', 'C', 1),
('EE0E45.16080809073032', 'REHABILITASI BERAT GEDUNG SMPN 2 GEDEG KEC. GEDEG', 2016, '195748600.00', '13.02.08.01', '13.02.08.01.27', '826CC8.12091808353951', '1.3.3.99.01', '0', 'Bangunan Gedung C', 1998, '1.3.3.99.01', 'C', 1),
('EE0E45.16080908310335', 'REHABBILITASI RUANG KELAS SMPN 1 SOOKO', 2016, '116787000.00', '13.02.08.01', '13.02.08.01.21', '64A045.12100411495534', '1.3.3.99.01', '0', 'Gedung E', 1992, '1.3.3.99.01', 'C', 1),
('EE0E45.16080908421848', 'REHABILITASI  PERPUS SMPN 1 SOOKO', 2016, '81382000.00', '13.02.08.01', '13.02.08.01.21', '64A045.12100412241238', '1.3.3.99.01', '0', 'Gedung T', 2007, '1.3.3.99.01', 'C', 1),
('EEDB46.14093011373414', 'teralis', 2012, '1100000.00', '13.02.08.01', '13.02.08.01.32', 'D041BD.12091817430670', '1.3.3.99.01', 'C', ' Gedung G', 2003, '1.3.3.99.01', 'C', 1),
('EEDB46.14093011442522', 'teralis', 2012, '800000.00', '13.02.08.01', '13.02.08.01.32', 'D041BD.12091817430670', '1.3.3.99.01', 'C', ' Gedung G', 2003, '1.3.3.99.01', 'C', 1),
('EEDB46.14093011565213', 'teralis', 2012, '1100000.00', '13.02.08.01', '13.02.08.01.32', 'D041BD.12091817430670', '1.3.3.99.01', 'C', ' Gedung G', 2003, '1.3.3.99.01', 'C', 1),
('EEDB46.14093012042719', 'teralis', 2012, '1600000.00', '13.02.08.01', '13.02.08.01.32', 'D041BD.12091817430670', '1.3.3.99.01', 'C', ' Gedung G', 2003, '1.3.3.99.01', 'C', 1),
('EEDB46.14093012152826', 'TERALIS', 2012, '1000000.00', '13.02.08.01', '13.02.08.01.32', 'D041BD.1209181833084', '1.3.3.99.01', 'C', ' Gedung S', 2003, '1.3.3.99.01', 'C', 1),
('EEDB46.14093012190430', 'TERALIS', 2012, '1000000.00', '13.02.08.01', '13.02.08.01.32', 'D041BD.1209181833084', '1.3.3.99.01', 'C', ' Gedung S', 2003, '1.3.3.99.01', 'C', 1),
('EEF735.17011109451736', 'Rehab Gedung', 2016, '100000000.00', '13.02.08.01', '13.02.08.01.40', 'B17050.12091807542187', '1.3.3.01.01', 'C', 'Bangunan Gedung A', 2003, '1.3.3.99.01', 'C', 1),
('F4F535.16100714073450', 'Rehab Bangunan Gedung A', 2015, '148872500.00', '13.02.08.01', '13.02.08.01.09', 'B61693.12100807122287', '1.3.3.01.01', 'C', 'Gedung D', 2003, '1.3.3.99.01', 'C', 1),
('F4F535.16100714123663', 'Rehab Gedung B', 2015, '148872500.00', '13.02.08.01', '13.02.08.01.09', 'B61693.12100807124616', '1.3.3.01.01', 'C', 'Gedung E', 2003, '1.3.3.99.01', 'C', 1),
('F4F535.1610071424379', 'Rehab 2 Ruang Kelas', 2015, '118077000.00', '13.02.08.01', '13.02.08.01.09', '5773B0.12091013342651', '1.3.3.01.01', 'C', 'Bangunan Gedung A', 1980, '1.3.3.01.01', 'C', 1),
('F4F535.17012815215929', 'Bangunan Gedung Pendidikan Permanen', 2016, '147251000.00', '13.02.08.01', '13.02.08.01.09', 'B61693.1210080548382', '1.3.3.99.01', 'C', 'Gedung A', 1976, '1.3.3.99.01', 'C', 1),
('F73436.14012215113379', 'Rehab GEDUNG AULA SMPN 1 MOJOSARI', 2012, '95574000.00', '13.02.08.01', '13.02.08.01.47', '1DB18C.13010108531849', '1.3.3.99.01', '0', 'Gedung A', 2011, '1.3.3.99.01', 'C', 1),
('F73436.14012215420621', 'GEDUNG SDN BATANKRAJAN KEC GEDEG  DAK 2012)', 2013, '95373000.00', '13.02.08.01', '13.02.08.01.06', '5F5D46.12092710563766', '1.3.3.99.01', 'C', 'Bangunan Gedung A', 1980, '1.3.3.99.01', 'C', 1),
('F73436.14012305033386', 'REHAB BERAT GEDUNG SDN BLIMBINGSARI (DAK 2012)', 2013, '58142000.00', '13.02.08.01', '13.02.08.01.02', '72CBE1.12091112114138', '1.3.3.99.01', 'C', 'Bangunan Gedung A', 2003, '1.3.3.99.01', 'C', 1),
('F73436.14012305155414', 'REHAB BERAT GEDUNG SDN BRANGKAL (DAK 2012)', 2013, '55427000.00', '13.02.08.01', '13.02.08.01.02', '5F5D46.12091713553958', '1.3.3.99.01', 'C', 'Bangunan Gedung D', 2003, '1.3.3.99.01', 'C', 1),
('F73436.14012305340296', 'REHAB BERAT GEDUNG SDN KARANG KEDAWANG (DAK 2012)', 2013, '219655000.00', '13.02.08.01', '13.02.08.01.02', '72CBE1.12091109524529', '1.3.3.99.01', 'C', 'Bangunan Gedung II', 1982, '1.3.3.99.01', 'C', 1),
('F73536.18041709243791', 'Rehab Bangunan Gedung Kantor A', 2014, '4738125.00', '13.02.24.01', '13.02.24.01.01', 'F73536.1804170917304', '1.3.3.01.01', 'C', 'Bangunan Gedung Kantor B', 1982, '1.3.3.01.01', 'C', 1),
('F73536.1804170925573', 'Rehab Bangunan Gedung Kantor B', 2014, '13300000.00', '13.02.24.01', '13.02.24.01.01', 'F73536.1804170917304', '1.3.3.01.01', 'C', 'Bangunan Gedung Kantor B', 1982, '1.3.3.01.01', 'C', 1),
('F73536.1901041117015', 'Gedeung A (Kantor) Rehab I', 2012, '579363500.00', '13.02.26.01', '13.02.26.01.01', '2F8AE6.12091913274842', '1.3.3.01.01', 'C', 'Gedeung A (Kantor)', 2009, '1.3.3.01.01', 'C', 1),
('F73536.19010411173267', 'Gedeung A (Kantor) Rehab II', 2013, '79600000.00', '13.02.26.01', '13.02.26.01.01', '2F8AE6.12091913274842', '1.3.3.01.01', 'C', 'Gedeung A (Kantor)', 2009, '1.3.3.01.01', 'C', 1),
('F73536.19010411182531', 'Gedeung A (Kantor) Rehab III', 2014, '196253350.00', '13.02.26.01', '13.02.26.01.01', '2F8AE6.12091913274842', '1.3.3.01.01', 'C', 'Gedeung A (Kantor)', 2009, '1.3.3.01.01', 'C', 1),
('F73536.19010413155824', 'Bangunan Gedung A Rehab I', 2013, '99300000.00', '13.02.09.01', '13.02.09.01.01', 'EB82E3.12092009145930', '1.3.3.01.01', 'C', 'Bangunan Gedung A', 2007, '1.3.3.01.01', 'C', 1),
('F73536.19010413175312', 'Bangunan Gedung I Rehab I', 2014, '188990000.00', '13.02.09.01', '13.02.09.01.01', 'EB82E3.12092009212858', '1.3.3.01.01', 'C', 'Bangunan Gedung I', 1974, '1.3.3.01.01', 'C', 1),
('F73536.19010413191056', 'Bangunan Gedung S Rehab I', 2016, '98684000.00', '13.02.09.01', '13.02.09.01.01', 'EB82E3.12092009272313', '1.3.3.01.01', 'C', 'Bangunan Gedung S', 2003, '1.3.3.01.01', 'C', 1),
('F73536.19012915273754', 'Rehab Instalasi Terminal Mojosari Gedung A', 2008, '24000000.00', '13.02.06.01', '13.02.06.01.01', '4D999E.1209271943325', '1.3.3.99.01', 'C', 'Terminal Mojosari Gedung A', 2008, '1.3.3.99.01', 'C', 0),
('F73536.19013014395079', 'REHAB BALIHO', 2018, '6500000.00', '13.02.13.01', '13.02.13.01.01', 'E22D35.19013009073044', '1.3.3.07.01', 'C', 'BALIHO/ SPACE IKLAN', 2011, '1.3.3.07.01', 'C', 1),
('F73536.19013014461363', 'REHAB BALIHO', 2018, '6500000.00', '13.02.13.01', '13.02.13.01.01', 'E22D35.19013008380844', '1.3.3.07.01', 'C', 'BALIHO/ SPACE IKLAN', 2014, '1.3.3.07.01', 'C', 1),
('F73536.19020411480071', 'Rehab Bangunan Gedung BAKESBANG dan LINMAS', 2012, '15000000.00', '13.02.18.01', '13.02.18.01.01', '527A02.12091914080169', '1.3.3.01.01', 'C', 'Bangunan Gedung BAKESBANG dan LINMAS', 2003, '1.3.3.01.01', 'C', 0),
('F73536.19020813584296', 'Rehab I Bangunan Gedung Kantor Permanen', 2013, '37500000.00', '13.02.23.01', '13.02.23.01.01', '0D9C4C.12091911413959', '1.3.3.01.01', 'C', 'Bangunan Gedung Kantor Permanen', 1995, '1.3.3.01.01', 'C', 1),
('F73536.19020813591036', 'Rehab II Bangunan Gedung Kantor Permanen', 2014, '39312500.00', '13.02.23.01', '13.02.23.01.01', '0D9C4C.12091911413959', '1.3.3.01.01', 'C', 'Bangunan Gedung Kantor Permanen', 1995, '1.3.3.01.01', 'C', 1),
('F73536.19021209534577', 'Rehab I Bangunan Kantor', 2016, '913471101.00', '13.02.07.01', '13.02.07.01.18', '3FC52F.12091309334525', '1.3.3.99.01', 'C', 'Bangunan Kantor', 1998, '1.3.3.99.01', 'C', 1),
('F73536.19021209551964', 'Rehab I Gedung Rawat Inap', 2014, '823666847.00', '13.02.07.01', '13.02.07.01.18', '3FC52F.12091309360772', '1.3.3.99.01', 'C', 'Gedung Rawat Inap', 1995, '1.3.3.99.01', 'C', 1),
('F73536.19021210280776', 'Rehab I Bangunan puskesmas Induk', 2017, '495167900.00', '13.02.07.01', '13.02.07.01.09', '320607.12091623222736', '1.3.3.99.01', 'C', 'Bangunan puskesmas Induk', 1990, '1.3.3.99.01', 'C', 1),
('F73536.19021213311164', 'Rrhab I Gedung Pustu Jeruk Seger', 2014, '119599196.00', '13.02.07.01', '13.02.07.01.08', 'E0E7DE.12091311112955', '1.3.3.99.01', 'C', 'Gedung Pustu Jeruk Seger', 1983, '1.3.3.99.01', 'C', 1),
('F73536.19021213363379', 'Rehab I Gedung Pustu Batan Krajan', 2016, '425240500.00', '13.02.07.01', '13.02.07.01.08', 'E0E7DE.12091311103957', '1.3.3.99.01', 'C', 'Gedung Pustu Batan Krajan', 1974, '1.3.3.99.01', 'C', 1),
('F73536.19021213373134', 'Rehab I Gedung PKM Induk', 2014, '1262366696.00', '13.02.07.01', '13.02.07.01.08', 'E0E7DE.12091311094097', '1.3.3.99.01', 'C', 'Gedung PKM Induk', 1950, '1.3.3.99.01', 'C', 1),
('F73536.19021213374925', 'Rehab II Gedung PKM Induk', 2016, '806765015.00', '13.02.07.01', '13.02.07.01.08', 'E0E7DE.12091311094097', '1.3.3.99.01', 'C', 'Gedung PKM Induk', 1950, '1.3.3.99.01', 'C', 1),
('F73536.19021213380671', 'Rehab III Gedung PKM Induk', 2017, '247857100.00', '13.02.07.01', '13.02.07.01.08', 'E0E7DE.12091311094097', '1.3.3.99.01', 'C', 'Gedung PKM Induk', 1950, '1.3.3.99.01', 'C', 1),
('F73536.1902121350067', 'Rehab I Gedung puskesmas Induk', 2016, '806955101.00', '13.02.07.01', '13.02.07.01.25', '320607.12092321043730', '1.3.3.99.01', 'C', 'Gedung puskesmas Induk', 1969, '1.3.3.99.01', 'C', 1),
('F73536.19021213520636', 'Rehab I Gedung Puskesmas Pelayanan', 2014, '975808619.00', '13.02.07.01', '13.02.07.01.25', '320607.12092321081280', '1.3.3.99.01', 'C', 'Gedung Puskesmas Pelayanan', 1969, '1.3.3.99.01', 'C', 1),
('F73536.19021214173610', 'Rehab I Pustu Randengan', 2014, '119599196.00', '13.02.07.01', '13.02.07.01.12', '3FC52F.12091621063990', '1.3.3.99.01', 'C', 'Pustu Randengan', 1985, '1.3.3.99.01', 'C', 1),
('F73536.19021214182719', 'Rehab I Pustu Sumberwuluh', 2016, '432762500.00', '13.02.07.01', '13.02.07.01.12', '3FC52F.12091621071287', '1.3.3.99.01', 'C', 'Pustu Sumberwuluh', 1981, '1.3.3.99.01', 'C', 1),
('F73536.19021214193467', 'Rehab I Puskesmas Induk', 2016, '1082737475.00', '13.02.07.01', '13.02.07.01.12', '3FC52F.12091620591938', '1.3.3.99.01', 'C', 'Puskesmas Induk', 2006, '1.3.3.99.01', 'C', 1),
('F73536.19021214372095', 'Rehab I Gedung BKIA & Perawatan', 2014, '866534583.00', '13.02.07.01', '13.02.07.01.03', '320607.12091620314017', '1.3.3.99.01', 'C', 'Gedung BKIA & Perawatan', 1986, '1.3.3.99.01', 'C', 1),
('F73536.19021214382598', 'Rehab II Gedung BKIA & Perawatan', 2016, '782023701.00', '13.02.07.01', '13.02.07.01.03', '320607.12091620314017', '1.3.3.99.01', 'C', 'Gedung BKIA & Perawatan', 1986, '1.3.3.99.01', 'C', 1),
('F73536.19021214412229', 'Rehab I Gedung Pustu Sentonorejo', 2017, '216827000.00', '13.02.07.01', '13.02.07.01.03', '320607.12091620374939', '1.3.3.99.01', 'C', 'Gedung Pustu Sentonorejo', 1986, '1.3.3.99.01', 'C', 1),
('F73536.19021215105786', 'Rehab I Pustu Mlirip', 2016, '459420000.00', '13.02.07.01', '13.02.07.01.13', 'E0E7DE.12091410122535', '1.3.3.99.01', 'C', 'Pustu Mlirip', 1974, '1.3.3.99.01', 'C', 1),
('F73536.19021215113312', 'Rehab I Pustu Canggu', 2016, '511547500.00', '13.02.07.01', '13.02.07.01.13', 'E0E7DE.12091410125954', '1.3.3.99.01', 'C', 'Pustu Canggu', 1974, '1.3.3.99.01', 'C', 1),
('F73536.19021216131289', 'Rehab II Bangunan Gedung Modopuro', 2016, '959546201.00', '13.02.07.01', '13.02.07.01.16', '3FC52F.12091404332761', '1.3.3.99.01', 'C', 'Bangunan Gedung Modopuro', 1975, '1.3.3.99.01', 'C', 1),
('F73536.19021216144515', 'Rehab I Gedung Pustu Leminggir', 2017, '218142000.00', '13.02.07.01', '13.02.07.01.16', '3FC52F.12091404394573', '1.3.3.99.01', 'C', 'Gedung Pustu Leminggir', 1990, '1.3.3.99.01', 'C', 1),
('F73536.19021216163520', 'Rehab I Bangunan Gedung Modopuro', 2014, '823666846.00', '13.02.07.01', '13.02.07.01.16', '3FC52F.12091404332761', '1.3.3.99.01', 'C', 'Bangunan Gedung Modopuro', 1975, '1.3.3.99.01', 'C', 1),
('F7E635.16100513423592', 'Bangunan Gedung kelas', 2015, '116303000.00', '13.02.08.01', '13.02.08.01.08', '645439.12091309255591', '1.3.3.01.01', 'C', 'Gedung A ( Kelas 4,5,6, Kantor )', 1963, '1.3.3.99.01', 'C', 1),
('F84036.18072015132891', 'Rehab Pagar Komplek Makam 1', 2013, '190725000.00', '13.02.17.01', '13.02.17.01.01', 'F84036.1807201459357', '1.3.3.05.01', 'C', 'Pagar, Gapura & Pos Jaga Dalam', 2003, '1.3.3.07.01', 'C', 1),
('F84036.18072015135016', 'Rehab Pagar Komplek Makam 2', 2014, '49753000.00', '13.02.17.01', '13.02.17.01.01', 'F84036.1807201459357', '1.3.3.05.01', 'C', 'Pagar, Gapura & Pos Jaga Dalam', 2003, '1.3.3.07.01', 'C', 1),
('F8DA36.19032710574252', 'JARINGAN DISTRIBUSI PLN', 2018, '34700000.00', '13.02.07.01', '13.02.07.01.05', '6F501B.12091309511240', '1.3.3.99.01', 'C', 'Gedung UGD', 1950, '1.3.3.99.01', 'C', 0),
('F8DB36.1801291137564', 'KONSTRUKSI PEMELIHARAAN DRAINASE/GORONG-GORONG KEG. PEMELIHARAAN DRAINASE BAGIAN UMUM SETDA KAB. MOJOKERTO', 2017, '188745000.00', '13.02.04.01', '13.02.04.01.10', 'F7B935.15011513553475', '1.3.4.03.99', 'D', 'REHAB KANAL BAWAH TANAH KOMPLEK SEKRETARIAT DAERAH', 0, '1.3.4.03.01', 'D', 1),
('F8DB36.18020610250658', 'REHAB GEDUNG PASAR RAYA', 2014, '198515000.00', '13.02.12.01', '13.02.12.01.01', 'F8D936.18020609454125', '1.3.3.99.01', 'C', 'PEMBANGUNAN GEDUNG PASAR RAYA', 2013, '1.3.3.99.01', 'C', 1),
('F8DB36.1802061025289', 'REHAB GEDUNG PASAR RAYA', 2015, '231470000.00', '13.02.12.01', '13.02.12.01.01', 'F8D936.18020609454125', '1.3.3.99.01', 'C', 'PEMBANGUNAN GEDUNG PASAR RAYA', 2013, '1.3.3.99.01', 'C', 1),
('F8DB36.1802061025437', 'REHAB GEDUNG PASAR RAYA', 2016, '49700000.00', '13.02.12.01', '13.02.12.01.01', 'F8D936.18020609454125', '1.3.3.99.01', 'C', 'PEMBANGUNAN GEDUNG PASAR RAYA', 2013, '1.3.3.99.01', 'C', 1),
('F8DB36.18030615305082', 'PERENCANAAN REHAB BERAT GEDUNG SDN PANGGIH (DAK 2012)', 2017, '2280000.00', '13.02.08.01', '13.02.08.01.01', '64A045.12091814552916', '1.3.3.99.01', 'C', 'Gedung A', 2003, '1.3.3.99.01', 'C', 1),
('F8DB36.19021308102055', 'Rehab I Pustu Penanggungan', 2016, '365159000.00', '13.02.07.01', '13.02.07.01.26', '6F501B.12091314054554', '1.3.3.99.01', 'C', 'Pustu Penanggungan', 1989, '1.3.3.99.01', 'C', 1),
('F8DB36.19021308110988', 'Rehab I Gedung Rawat Inap', 2016, '637276491.00', '13.02.07.01', '13.02.07.01.26', '6F501B.1209131356053', '1.3.3.99.01', 'C', 'Gedung Rawat Inap', 1973, '1.3.3.99.01', 'C', 1),
('F8DB36.19021308115591', 'Rehab I Gedung Rapat', 2016, '637276491.00', '13.02.07.01', '13.02.07.01.26', '6F501B.12091313595451', '1.3.3.99.01', 'C', 'Gedung Rapat', 1973, '1.3.3.99.01', 'C', 1),
('F8DB36.1902130812276', 'Rehab I Puskesmas Induk', 2016, '637276493.00', '13.02.07.01', '13.02.07.01.26', '6F501B.12091313575281', '1.3.3.99.01', 'C', 'Puskesmas Induk', 1973, '1.3.3.99.01', 'C', 1),
('F8DB36.19021308125028', 'Rehab II Puskesmas Induk', 2017, '807266514.00', '13.02.07.01', '13.02.07.01.26', '6F501B.12091313575281', '1.3.3.99.01', 'C', 'Puskesmas Induk', 1973, '1.3.3.99.01', 'C', 1),
('F8DB36.19021308312733', 'Rehab I Gedung Rawat Jalan', 2016, '1197914250.00', '13.02.07.01', '13.02.07.01.14', '3FC52F.12091313181687', '1.3.3.01.01', 'C', 'Gedung Rawat Jalan', 1974, '1.3.3.01.01', 'C', 1),
('F8DB36.1902130833159', 'REHAB I GEDUNG RAWAT INAP', 2017, '888166000.00', '13.02.07.01', '13.02.07.01.14', '320607.12122612340926', '1.3.3.99.01', 'C', 'GEDUNG RAWAT INAP', 2012, '1.3.3.99.01', 'C', 1),
('F8DB36.19021308335917', 'Rehab I Puskesmas Pembantu Lakardowo', 2016, '8799000.00', '13.02.07.01', '13.02.07.01.14', '3FC52F.12091313200227', '1.3.3.01.01', 'C', 'Puskesmas Pembantu Lakardowo', 1991, '1.3.3.01.01', 'C', 1),
('F8DB36.19021308341568', 'Rehab II Puskesmas Pembantu Lakardowo', 2017, '218761000.00', '13.02.07.01', '13.02.07.01.14', '3FC52F.12091313200227', '1.3.3.01.01', 'C', 'Puskesmas Pembantu Lakardowo', 1991, '1.3.3.01.01', 'C', 1),
('F8DB36.1902130855125', 'Rehab I Bangunan Gedung Rawat Jalan', 2014, '41856443.00', '13.02.07.01', '13.02.07.01.06', '6F501B.12091313200057', '1.3.3.99.01', 'C', 'Bangunan Gedung Rawat Jalan', 1981, '1.3.3.99.01', 'C', 1),
('F8DB36.19021308553739', 'Rehab II Bangunan Gedung Rawat Jalan', 2016, '927452825.00', '13.02.07.01', '13.02.07.01.06', '6F501B.12091313200057', '1.3.3.99.01', 'C', 'Bangunan Gedung Rawat Jalan', 1981, '1.3.3.99.01', 'C', 1),
('F8DB36.19021308560248', 'Rehab III Bangunan Gedung Rawat Jalan', 2017, '474225000.00', '13.02.07.01', '13.02.07.01.06', '6F501B.12091313200057', '1.3.3.99.01', 'C', 'Bangunan Gedung Rawat Jalan', 1981, '1.3.3.99.01', 'C', 1),
('F8DB36.19021308574433', 'Rehab I Bangunan Pustu Kweden Kembar', 2017, '216761000.00', '13.02.07.01', '13.02.07.01.06', '6F501B.12091313315090', '1.3.3.99.01', 'C', 'Bangunan Pustu Kweden Kembar', 1980, '1.3.3.99.01', 'C', 1),
('F8DB36.19021308595954', 'Rehab I Bangunan Pustu Lengkong', 2017, '218136000.00', '13.02.07.01', '13.02.07.01.06', '6F501B.12091313290648', '1.3.3.99.01', 'C', 'Bangunan Pustu Lengkong', 1985, '1.3.3.99.01', 'C', 1),
('F8DB36.19021310041151', 'Rehab I Bangunan Pustu Medali', 2016, '353970000.00', '13.02.07.01', '13.02.07.01.05', '6F501B.12091309581634', '1.3.3.99.01', 'C', 'Bangunan Pustu Medali', 1983, '1.3.3.99.01', 'C', 1),
('F8DB36.19021310050810', 'Rehab I Bangunan Pustu Plososari', 2016, '360189000.00', '13.02.07.01', '13.02.07.01.05', '6F501B.12091310000574', '1.3.3.99.01', 'C', 'Bangunan Pustu Plososari', 1974, '1.3.3.99.01', 'C', 1),
('F8DB36.19021310063058', 'Rehab I Bangunan Pustu Tambak Agung', 2017, '216822000.00', '13.02.07.01', '13.02.07.01.05', '6F501B.12091310024948', '1.3.3.99.01', 'C', 'Bangunan Pustu Tambak Agung', 1974, '1.3.3.99.01', 'C', 1),
('F8DB36.19021310075940', 'Rehab I Gedung UGD', 2016, '1555518475.00', '13.02.07.01', '13.02.07.01.05', '6F501B.12091309511240', '1.3.3.99.01', 'C', 'Gedung UGD', 1950, '1.3.3.99.01', 'C', 1),
('F8DB36.19021310261365', 'Rehab I Gedung UGD', 2016, '1557734475.00', '13.02.07.01', '13.02.07.01.07', '3FC52F.12091217094758', '1.3.3.99.01', 'C', 'Gedung UGD', 1985, '1.3.3.99.01', 'C', 1),
('F8DB36.19021310275944', 'Rehab I Gedung Rawat Inap & Gudang Obat', 2017, '247653600.00', '13.02.07.01', '13.02.07.01.07', '3FC52F.12091217123089', '1.3.3.99.01', 'C', 'Gedung Rawat Inap & Gudang Obat', 2006, '1.3.3.99.01', 'C', 1),
('F8DB36.19021310491541', 'REHAB I GEDUNG PUSKESMAS INDUK', 2016, '1527445825.00', '13.02.07.01', '13.02.07.01.17', '320607.12121619431766', '1.3.3.99.01', 'C', 'GEDUNG PUSKESMAS INDUK', 2008, '1.3.3.99.01', 'C', 1),
('F8DB36.19021310493250', 'REHAB iI GEDUNG PUSKESMAS INDUK', 2017, '725311000.00', '13.02.07.01', '13.02.07.01.17', '320607.12121619431766', '1.3.3.99.01', 'C', 'GEDUNG PUSKESMAS INDUK', 2008, '1.3.3.99.01', 'C', 1),
('F8DB36.19021310501653', 'REHAB I GEDUNG PROMKES', 2014, '41856443.00', '13.02.07.01', '13.02.07.01.17', '8E0BF7.12102411420735', '1.3.3.99.01', 'C', 'GEDUNG PROMKES', 1985, '1.3.3.99.01', 'C', 1),
('F8DB36.19021310504684', 'Rehab I Gedung Pustu Mojorejo', 2016, '361726000.00', '13.02.07.01', '13.02.07.01.17', '320607.12121619594430', '1.3.3.99.01', 'C', 'Gedung Pustu Mojorejo', 1980, '1.3.3.99.01', 'C', 1),
('F8DB36.19021311144538', 'Rehab I Gedung Puskesmas Induk', 2014, '231457422.00', '13.02.07.01', '13.02.07.01.04', '3FC52F.12091520322443', '1.5.5.01.01', 'C', 'Gedung Puskesmas Induk', 1989, '1.5.5.01.01', 'C', 1),
('F8DB36.19021311385270', 'Rehab I Gedung Ruang Pertemuan & Poned', 2014, '121566943.00', '13.02.07.01', '13.02.07.01.04', '3FC52F.12091520344113', '1.3.3.99.01', 'C', 'Gedung Ruang Pertemuan & Poned', 1989, '1.3.3.99.01', 'C', 1),
('F8DB36.19021311390940', 'Rehab II Gedung Ruang Pertemuan & Poned', 2016, '1000349725.00', '13.02.07.01', '13.02.07.01.04', '3FC52F.12091520344113', '1.3.3.99.01', 'C', 'Gedung Ruang Pertemuan & Poned', 1989, '1.3.3.99.01', 'C', 1),
('F8DB36.19021311392940', 'Rehab III Gedung Ruang Pertemuan & Poned', 2017, '248390600.00', '13.02.07.01', '13.02.07.01.04', '3FC52F.12091520344113', '1.3.3.99.01', 'C', 'Gedung Ruang Pertemuan & Poned', 1989, '1.3.3.99.01', 'C', 1),
('F8DB36.19021311411765', 'Rehab I Pustu Panggih', 2016, '389258600.00', '13.02.07.01', '13.02.07.01.04', '3FC52F.12091520363429', '1.3.3.99.01', 'C', 'Pustu Panggih', 1984, '1.3.3.99.01', 'C', 1),
('F8DB36.19021313123227', 'Rehab I Bangunan Puskesmas Induk', 2016, '808033301.00', '13.02.07.01', '13.02.07.01.11', '6F501B.12091313064832', '1.3.3.99.01', 'C', 'Bangunan Puskesmas Induk', 1979, '1.3.3.99.01', 'C', 1),
('F8DB36.19021313144689', 'Rehab I Bangunan Pustu Mojojajar', 2016, '684358000.00', '13.02.07.01', '13.02.07.01.11', '6F501B.12091313103756', '1.3.3.99.01', 'C', 'Bangunan Pustu Mojojajar', 1973, '1.3.3.99.01', 'C', 1),
('F8DB36.19021313154785', 'Rehab I Bangunan Rawat Inap', 2016, '1262366696.00', '13.02.07.01', '13.02.07.01.11', '6F501B.12091313120080', '1.3.3.99.01', 'C', 'Bangunan Rawat Inap', 1979, '1.3.3.99.01', 'C', 1),
('F8DB36.19021314140414', 'Rehab I Gedung Pustu Mojosulur', 2017, '218141000.00', '13.02.07.01', '13.02.07.01.15', 'E0E7DE.12091709143235', '1.3.3.99.01', 'C', 'Gedung Pustu Mojosulur', 1977, '1.3.3.99.01', 'C', 1),
('F8DB36.19021314172219', 'Rehab I Gedung Puskesmas Induk', 2017, '248890000.00', '13.02.07.01', '13.02.07.01.15', 'E0E7DE.12091709125244', '1.3.3.99.01', 'C', 'Gedung Puskesmas Induk', 2001, '1.3.3.99.01', 'C', 1),
('F8DB36.19021314184881', 'Rehab I Gedung Ruang Pertemuan & Persalinan', 2016, '1005840101.00', '13.02.07.01', '13.02.07.01.15', 'F8DB36.19021314181483', '1.3.3.99.01', 'C', 'Gedung Ruang Pertemuan & Persalinan', 2014, '1.3.3.99.01', 'C', 1),
('F8DB36.19021314465316', 'Rehab I Pustu ngingas rembyong', 2014, '135925679.00', '13.02.07.01', '13.02.07.01.02', '6F501B.12091621433942', '1.3.3.99.01', 'C', 'Pustu ngingas rembyong', 1974, '1.3.3.99.01', 'C', 1),
('F8DB36.19021314481928', 'Rehab I Gedung Loket', 2017, '690702100.00', '13.02.07.01', '13.02.07.01.02', 'F8DB36.19021314475375', '1.3.3.99.01', 'C', 'Gedung Loket', 1950, '1.3.3.99.01', 'C', 1),
('F8DB36.19021314485524', 'Rehab I Pustu Japan', 2017, '214316000.00', '13.02.07.01', '13.02.07.01.02', '6F501B.12091621450765', '1.3.3.99.01', 'C', 'Pustu Japan', 1998, '1.3.3.99.01', 'C', 1),
('F8DB36.1902131449318', 'Rehab I Pustu Modongan', 2017, '218816000.00', '13.02.07.01', '13.02.07.01.02', '6F501B.12091621421883', '1.3.3.99.01', 'C', 'Pustu Modongan', 1974, '1.3.3.99.01', 'C', 1),
('F8DB36.19021315113066', 'REHAB I GEDUNG PUSKESMAS INDUK', 2016, '913326237.50', '13.02.07.01', '13.02.07.01.24', '889C8F.12091313535733', '1.3.3.01.01', 'C', 'GEDUNG PUSKESMAS INDUK', 1955, '1.3.3.01.01', 'C', 1),
('F8DB36.19021315184012', 'REHAB I GEDUNG RAPAT', 2016, '913326237.50', '13.02.07.01', '13.02.07.01.24', 'F8DB36.19021315143318', '1.3.3.01.01', 'C', 'GEDUNG RAPAT', 1955, '1.3.3.01.01', 'C', 1),
('F8DB36.19021315205335', 'REHAB I GEDUNG PUSTU KEMIRI', 2016, '424210000.00', '13.02.07.01', '13.02.07.01.24', '889C8F.1209131358375', '1.3.3.01.01', 'C', 'GEDUNG PUSTU KEMIRI', 1974, '1.3.3.01.01', 'C', 1),
('F8DB36.19021315585172', 'REHAB I GEDUNG PUSKESMAS + RD PUSKESMAS', 2014, '866534583.00', '13.02.07.01', '13.02.07.01.27', '889C8F.12091410334332', '1.3.3.99.01', 'C', 'GEDUNG PUSKESMAS + RD PUSKESMAS', 1973, '1.3.3.99.01', 'C', 1),
('F8DB36.19021315592237', 'REHAB II GEDUNG PUSKESMAS + RD PUSKESMAS', 2016, '27908726.00', '13.02.07.01', '13.02.07.01.27', '889C8F.12091410334332', '1.3.3.99.01', 'C', 'GEDUNG PUSKESMAS + RD PUSKESMAS', 1973, '1.3.3.99.01', 'C', 1),
('F8DB36.19021316000739', 'REHAB I PUSTU JATIDUKUH', 2016, '294575000.00', '13.02.07.01', '13.02.07.01.27', '889C8F.12091410420457', '1.3.3.99.01', 'C', 'PUSTU JATIDUKUH', 1987, '1.3.3.99.01', 'C', 1),
('F8DB36.19021316022770', 'REHAB I PUSTU WONOPLOSO', 2016, '370141000.00', '13.02.07.01', '13.02.07.01.27', '889C8F.12091410403165', '1.3.3.99.01', 'C', 'PUSTU WONOPLOSO', 1975, '1.3.3.99.01', 'C', 1),
('F8DB36.19021316041565', 'REHAB I PUSTU TAWAR', 2017, '216755000.00', '13.02.07.01', '13.02.07.01.27', '889C8F.12091410394241', '1.3.3.99.01', 'C', 'PUSTU TAWAR', 1975, '1.3.3.99.01', 'C', 1),
('F8DB36.19021316345147', 'Rehab I G.PUSTU SEGUNUNG', 2014, '135925679.00', '13.02.07.01', '13.02.07.01.21', '889C8F.12091310513852', '1.3.3.01.01', 'C', 'G.PUSTU SEGUNUNG', 1976, '1.3.3.01.01', 'C', 1),
('F8DB36.1902131637190', 'Rehab I G.PUSTU KEDUNG LENGKONG', 2017, '218119000.00', '13.02.07.01', '13.02.07.01.21', '889C8F.12091310524289', '1.3.3.01.01', 'C', 'G.PUSTU KEDUNG LENGKONG', 1976, '1.3.3.01.01', 'C', 1),
('F8DB36.19021316381813', 'Rehab I G.PUSTU SUMBERSONO', 2017, '214250000.00', '13.02.07.01', '13.02.07.01.21', '889C8F.12091310501967', '1.3.3.01.01', 'C', 'G.PUSTU SUMBERSONO', 1976, '1.3.3.01.01', 'C', 1),
('F8DB36.19021316444297', 'Rehab I Gedung UGD, Perawatan', 2016, '1089709275.00', '13.02.07.01', '13.02.07.01.20', 'E0E7DE.12091613044290', '1.3.3.99.01', 'C', 'Gedung UGD, Perawatan', 1990, '1.3.3.99.01', 'C', 1),
('F8DB36.19021316452130', 'Rehab I Gedung Rawat Inap', 2017, '893848600.00', '13.02.07.01', '13.02.07.01.20', 'E0E7DE.12091613051514', '1.3.3.99.01', 'C', 'Gedung Rawat Inap', 1990, '1.3.3.99.01', 'C', 1),
('F8DB36.19021316465757', 'Rehab I Gedung Pustu Candi', 2017, '217338000.00', '13.02.07.01', '13.02.07.01.20', 'E0E7DE.12091613070244', '1.3.3.99.01', 'C', 'Gedung Pustu Candi', 2005, '1.3.3.99.01', 'C', 1),
('F8DB36.19021317100798', 'Rehab I Gedung Puskesmas Ngoro', 2014, '822065846.00', '13.02.07.01', '13.02.07.01.19', '6F501B.12091421393573', '1.3.3.99.01', 'C', 'Gedung Puskesmas Ngoro', 1974, '1.3.3.99.01', 'C', 1),
('F8DB36.19021317104096', 'Rehab II Gedung Puskesmas Ngoro', 2016, '1304281801.00', '13.02.07.01', '13.02.07.01.19', '6F501B.12091421393573', '1.3.3.99.01', 'C', 'Gedung Puskesmas Ngoro', 1974, '1.3.3.99.01', 'C', 1),
('F8DB36.19021317105974', 'Rehab III Gedung Puskesmas Ngoro', 2017, '248392800.00', '13.02.07.01', '13.02.07.01.19', '6F501B.12091421393573', '1.3.3.99.01', 'C', 'Gedung Puskesmas Ngoro', 1974, '1.3.3.99.01', 'C', 1),
('F8DB36.19021317112988', 'Rehab I Pustu Jasem', 2016, '466044500.00', '13.02.07.01', '13.02.07.01.19', '6F501B.12091421405498', '1.3.3.99.01', 'C', 'Pustu Jasem', 1989, '1.3.3.99.01', 'C', 1),
('F8DB36.19021317124842', 'Rehab I Pustu Kuto Girang', 2016, '514306500.00', '13.02.07.01', '13.02.07.01.19', '6F501B.12091421443089', '1.3.3.99.01', 'C', 'Pustu Kuto Girang', 1974, '1.3.3.99.01', 'C', 1),
('F8DB36.19021317132958', 'Rehab I Pustu Bandarasri', 2017, '218125000.00', '13.02.07.01', '13.02.07.01.19', '6F501B.12091421424011', '1.3.3.99.01', 'C', 'Pustu Bandarasri', 1984, '1.3.3.99.01', 'C', 1),
('F8DB36.19021317202810', 'Rehab I Bangunan Gedung A Puskesmas', 2014, '419396806.00', '13.02.07.01', '13.02.07.01.10', '3FC52F.1209141014599', '1.3.3.99.01', 'C', 'Bangunan Gedung A Puskesmas', 1981, '1.3.3.99.01', 'C', 1),
('F8DB36.19021317252781', 'Rehab I Bangunan Gedung B Rawat Inap', 2016, '991008825.00', '13.02.07.01', '13.02.07.01.10', '3FC52F.12091410161916', '1.3.3.99.01', 'C', 'Bangunan Gedung B Rawat Inap', 2007, '1.3.3.99.01', 'C', 1),
('F8DB36.19021317254748', 'Rehab II Bangunan Gedung B Rawat Inap', 2017, '246185100.00', '13.02.07.01', '13.02.07.01.10', '3FC52F.12091410161916', '1.3.3.99.01', 'C', 'Bangunan Gedung B Rawat Inap', 2007, '1.3.3.99.01', 'C', 1),
('F8DB36.19021317264581', 'Rehab I Bangunan Gedung D Pustu', 2016, '170702000.00', '13.02.07.01', '13.02.07.01.10', '3FC52F.12091410190833', '1.3.3.99.01', 'C', 'Bangunan Gedung D Pustu', 1974, '1.3.3.99.01', 'C', 1),
('F8DB36.1902131727267', 'Rehab I Bangunan Gedung E Pustu', 2016, '349438000.00', '13.02.07.01', '13.02.07.01.10', '3FC52F.12091410195113', '1.3.3.99.01', 'C', 'Bangunan Gedung E Pustu', 1985, '1.3.3.99.01', 'C', 1),
('F8DB36.1902131752422', 'Rehab I Gedung Puskesmas Pesanggrahan', 2014, '975808619.00', '13.02.07.01', '13.02.07.01.23', 'E6DB36.14021314284053', '1.3.3.99.01', 'C', 'BANGUNAN GEDUNG KANTOR PERMANEN', 2013, '1.3.3.01.01', 'C', 1),
('F8DB36.19021317545547', 'Rehab II Gedung Puskesmas Pesanggrahan', 2016, '27908726.00', '13.02.07.01', '13.02.07.01.23', 'E6DB36.14021314284053', '1.3.3.99.01', 'C', 'BANGUNAN GEDUNG KANTOR PERMANEN', 2013, '1.3.3.01.01', 'C', 1),
('F8DB36.19021317555959', 'Rehab I Gedung Pustu Simbaringin', 2016, '292382500.00', '13.02.07.01', '13.02.07.01.23', '6F501B.1209140046424', '1.3.3.99.01', 'C', 'Gedung Pustu Simbaringin', 1974, '1.3.3.99.01', 'C', 1),
('F8DB36.1902131859111', 'Rehab I GEDUNG A', 2014, '878308620.00', '13.02.07.01', '13.02.07.01.22', '889C8F.1209121349040', '1.3.3.01.01', 'C', 'GEDUNG RAWAT INAP', 1974, '1.3.3.01.01', 'C', 1),
('F8DB36.19021319010343', 'Rehab II GEDUNG A', 2016, '881436425.00', '13.02.07.01', '13.02.07.01.22', '889C8F.1209121349040', '1.3.3.01.01', 'C', 'GEDUNG RAWAT INAP', 1974, '1.3.3.01.01', 'C', 1),
('F8DB36.1902131901433', 'REHAB I G.PUSTU KEPUH PANDAK', 2016, '369745000.00', '13.02.07.01', '13.02.07.01.22', '889C8F.12091213550285', '1.3.3.01.01', 'C', 'G.PUSTU KEPUH PANDAK', 1984, '1.3.3.01.01', 'C', 1),
('F8DB36.19021319021781', 'REHAB I G.PUSTU WONODADI', 1975, '366157000.00', '13.02.07.01', '13.02.07.01.22', '889C8F.12091213540750', '1.3.3.01.01', 'C', 'G.PUSTU WONODADI', 1975, '1.3.3.01.01', 'C', 1),
('F8DB36.19021319334312', 'Rehab I Gedung P', 2016, '318792000.00', '13.02.07.01', '13.02.07.01.28', 'E0E7DE.12091704503746', '1.3.3.99.01', 'C', 'Gedung P', 1989, '1.3.3.99.01', 'C', 1),
('F8DB36.19033121213191', 'REHAB PAGAR', 2018, '26900000.00', '13.02.07.01', '13.02.07.01.23', 'E6DB36.14021314284053', '1.3.3.99.01', 'C', 'BANGUNAN GEDUNG KANTOR PERMANEN', 2013, '1.3.3.01.01', 'C', 1),
('F8DB36.19033121215928', 'REHAB PENGECATAN ', 2018, '25840000.00', '13.02.07.01', '13.02.07.01.23', 'E6DB36.14021314284053', '1.3.3.99.01', 'C', 'BANGUNAN GEDUNG KANTOR PERMANEN', 2013, '1.3.3.01.01', 'C', 1),
('F8DB36.19033121222990', 'KANOPI', 2018, '11950000.00', '13.02.07.01', '13.02.07.01.23', 'E6DB36.14021314284053', '1.3.3.99.01', 'C', 'BANGUNAN GEDUNG KANTOR PERMANEN', 2013, '1.3.3.01.01', 'C', 1),
('F8DB36.19041513401392', 'REHAB MUSHOLA', 2018, '59500000.00', '13.02.07.01', '13.02.07.01.01', '320607.12091406073177', '1.3.3.99.01', 'C', 'Bangunan Gedung Musholla', 1986, '1.3.3.99.01', 'C', 1),
('F8DB36.19041513525694', 'REHAB III GEDUNG BKIA & PERAWATAN', 2018, '69750000.00', '13.02.07.01', '13.02.07.01.03', '320607.12091620314017', '1.3.3.99.01', 'C', 'Gedung BKIA & Perawatan', 1986, '1.3.3.99.01', 'C', 1),
('F8DB36.19041513573425', 'REHAB IV BANGUNAN GEDUNG RAWAT JALAN', 2018, '37405500.00', '13.02.07.01', '13.02.07.01.06', '6F501B.12091313200057', '1.3.3.99.01', 'C', 'Bangunan Gedung Rawat Jalan', 1981, '1.3.3.99.01', 'C', 1),
('F8DB36.19041514014247', 'REHAB IV GEDUNG PKM INDUK', 2018, '129400000.00', '13.02.07.01', '13.02.07.01.08', 'E0E7DE.12091311094097', '1.3.3.99.01', 'C', 'Gedung PKM Induk', 1950, '1.3.3.99.01', 'C', 1),
('F8DB36.19041514065610', 'REHAB II BANGUNAN GEDUNG A PUSKESMAS', 2018, '47550000.00', '13.02.07.01', '13.02.07.01.10', '3FC52F.1209141014599', '1.3.3.99.01', 'C', 'Bangunan Gedung A Puskesmas', 1981, '1.3.3.99.01', 'C', 1),
('F8DB36.1904151412278', 'REHAB I GEDUNG IMUNISASI', 2018, '75200000.00', '13.02.07.01', '13.02.07.01.12', 'F73536.19021214200586', '1.3.3.99.01', 'C', 'GEDUNG IMUNISASI', 2017, '1.3.3.99.01', 'C', 1),
('F8DB36.19041514155012', 'REHAB I  GEDUNG RAWAT JALAN', 2018, '80875000.00', '13.02.07.01', '13.02.07.01.14', '3FC52F.12091313181687', '1.3.3.01.01', 'C', 'Gedung Rawat Jalan', 1974, '1.3.3.01.01', 'C', 1),
('F8DB36.1904151422445', 'REHAB II GEDUNG PUSKESMAS INDUK', 2018, '199000000.00', '13.02.07.01', '13.02.07.01.15', 'E0E7DE.12091709125244', '1.3.3.99.01', 'C', 'Gedung Puskesmas Induk', 2001, '1.3.3.99.01', 'C', 1),
('F8DB36.19041514275060', 'REHAB III BANGUNAN GEDUNG MODOPURO', 2018, '78389000.00', '13.02.07.01', '13.02.07.01.16', '3FC52F.12091404332761', '1.3.3.99.01', 'C', 'Bangunan Gedung Modopuro', 1975, '1.3.3.99.01', 'C', 1),
('F8DB36.19041514302112', 'REHAB III GEDUNG PUSKESMAS INDUK', 2018, '99957000.00', '13.02.07.01', '13.02.07.01.17', '320607.12121619431766', '1.3.3.99.01', 'C', 'GEDUNG PUSKESMAS INDUK', 2008, '1.3.3.99.01', 'C', 1),
('F8DB36.1904151434210', 'REHAB II BANGUNAN KANTOR', 2018, '40000000.00', '13.02.07.01', '13.02.07.01.18', '3FC52F.12091309334525', '1.3.3.99.01', 'C', 'Bangunan Kantor', 1998, '1.3.3.99.01', 'C', 1),
('F8DB36.19041514372942', 'REHAB IV GEDUNG PUSKESMAS NGORO', 2018, '130220000.00', '13.02.07.01', '13.02.07.01.19', '6F501B.12091421393573', '1.3.3.99.01', 'C', 'Gedung Puskesmas Ngoro', 1974, '1.3.3.99.01', 'C', 1),
('F8DB36.19041514412035', 'REHAB II GEDUNG PUSKESMAS INDUK', 2018, '27642406.00', '13.02.07.01', '13.02.07.01.24', '889C8F.12091313535733', '1.3.3.01.01', 'C', 'GEDUNG PUSKESMAS INDUK', 1955, '1.3.3.01.01', 'C', 1),
('F8DB36.19102410083186', 'REHAB BALIHO (DS. CANGGU)', 2018, '5850000.00', '13.02.13.01', '13.02.13.01.01', 'E6DB36.14012423085375', '1.3.3.07.01', 'C', 'BALIHO/ SPACE IKLAN', 2013, '1.3.3.07.01', 'C', 1),
('F9E946.16091909035644', 'Bangunan Gedung Kantor Permanen', 2015, '180285000.00', '13.02.08.01', '13.02.08.01.02', '72CBE1.12091113555663', '1.3.3.01.01', 'C', 'Bangunan Gedung A', 2003, '1.3.3.99.01', 'C', 1),
('FA0D45.19012912193897', 'GAZEBO COBAN CANGGU (REHAB)', 2018, '15685801.56', '13.02.17.01', '13.02.17.01.01', 'DF3237.18020212423010', '1.3.3.99.01', 'C', 'GAZEBO 1 (COBAN CANGGU)', 2017, '1.3.3.99.01', 'C', 1),
('FA1146.16100408272649', 'Bangunan Gedung Pendidikan Permanen', 2015, '185299000.00', '13.02.08.01', '13.02.08.01.07', 'C66548.12091211020094', '1.3.3.99.01', 'C', 'GEDUNG C', 2003, '1.3.3.01.01', 'C', 1),
('FA1146.16100410101179', 'Bangunan Gedung Pendidikan Permanen', 2015, '144598500.00', '13.02.08.01', '13.02.08.01.07', 'F01F26.12091210444388', '1.3.3.99.01', 'C', 'Gedung B', 1984, '1.3.3.99.01', 'C', 1),
('FEDA45.16091511474282', 'Kanopi Musholla Gedung N', 2015, '19439000.00', '13.02.08.01', '13.02.08.01.41', '2D02B1.12091809085997', '1.3.3.01.01', 'C', 'Gedung N', 1997, '1.3.3.01.01', 'C', 1),
('FEDA45.17010308205364', 'Rehab dan RKB Gedung M', 2016, '197493000.00', '13.02.08.01', '13.02.08.01.41', '2D02B1.12091710494572', '1.3.3.04.01', 'C', 'Gedung M', 1997, '1.3.3.01.01', 'C', 1),
('FEDA45.17010308232711', 'Rehab Gedung B', 2016, '50000000.00', '13.02.08.01', '13.02.08.01.41', '2D02B1.12091710420467', '1.3.3.04.01', 'C', 'Gedung B', 1997, '1.3.3.01.01', 'C', 1),
('FF0B45.14092320153611', 'Tambah Daya 10.600 VA', 2013, '4812600.00', '13.02.08.01', '13.02.08.01.46', '8E643C.12091719112771', '1.3.3.01.01', 'D', 'Gedung J', 2003, '1.3.3.99.01', 'C', 1),
('FF1D46.15012820390748', 'REHABILITASI TINGKAT BERAT SDN TERUSAN 2 (DAK 2012)', 2014, '234479000.00', '13.02.08.01', '13.02.08.01.06', 'E980CE.12100510184559', '1.3.3.99.01', 'C', 'Bangunan Gedung Sekolah', 1969, '1.3.3.99.01', 'C', 1),
('FF1D46.15012820484665', 'REHABILITASI TINGKAT BERAT SDN WOTANMAS JEDONG (DAK 2012)', 2014, '233637680.00', '13.02.08.01', '13.02.08.01.12', '8E0BF7.1209251238216', '1.3.3.99.01', 'C', 'Gedung A', 1978, '1.3.3.99.01', 'C', 1),
('FF1D46.15012821001115', 'REHABILITASI TINGKAT BERAT SDN WRINGINRREJO 1 (DAK 2012)', 2014, '115263177.00', '13.02.08.01', '13.02.08.01.02', '5F5D46.12091714410318', '1.3.3.99.01', 'C', 'Bangunan Gedung A', 1961, '1.3.3.99.01', 'C', 1),
('FF1D46.15012900461078', 'REHABILITASI TINGKAT BERAT SDN GADING(DAK 2013)', 2014, '220355730.00', '13.02.08.01', '13.02.08.01.16', '16E9F0.1209141509526', '1.3.3.99.01', 'C', 'Bangunan Gedung A', 1977, '1.3.3.99.01', 'C', 1),
('FF1D46.15012904553490', 'REHABILITASI TINGKAT BERAT SDN KEBONDALEM', 2014, '288572760.00', '13.02.08.01', '13.02.08.01.10', '07B217.12091115031821', '1.3.3.99.01', 'C', 'GEDUNG B', 2003, '1.3.3.99.01', 'C', 1),
('FF1D46.15012905033324', 'REHABILITASI TINGKAT SEDANG SDN KEDUNGUDI', 2014, '142388736.00', '13.02.08.01', '13.02.08.01.17', '0AAA4A.12091209501218', '1.3.3.99.01', 'C', 'Bangunan Gedung B', 1983, '1.3.3.99.01', 'C', 1),
('FF1D46.15012905112369', 'REHABILITASI TINGKAT SEDANG SDN LOLAWANG', 2014, '173872800.00', '13.02.08.01', '13.02.08.01.12', '84B551.12102216013073', '1.3.3.99.01', 'C', 'Gedung E', 2006, '1.3.3.99.01', 'C', 1),
('FF1D46.15012906160781', 'REHABILITASI TINGKAT SEDANG SDN PAKIS 2', 2014, '78313805.00', '13.02.08.01', '13.02.08.01.03', '64A045.1209241905505', '1.3.3.99.01', 'C', 'Gedung A', 2003, '1.3.3.99.01', 'C', 1),
('FF1D46.15012913533545', 'REHABILITASI TINGKAT SEDANG SDN SELOTAPAK', 2014, '110423250.00', '13.02.08.01', '13.02.08.01.17', '0AAA4A.12090813201754', '1.3.3.99.01', 'C', 'Bangunan Gedung Pendidikan Permanen B', 2008, '1.3.3.99.01', 'C', 1),
('FF1D46.15012914192359', 'REHABILITASI TINGKAT BERAT SDN WATESNEGORO 3', 2014, '176677200.00', '13.02.08.01', '13.02.08.01.12', '2F8AE6.12091215094615', '1.3.3.99.01', 'C', 'Ruang Kelas IV (Gedung C)', 2011, '1.3.3.99.01', 'C', 1),
('FF1D46.15013004574022', 'REHABILITASI TINGKAT BERAT SDN BALONGSARI', 2014, '143959200.00', '13.02.08.01', '13.02.08.01.06', '05376F.12091210060181', '1.3.3.99.01', 'C', 'Bangunan Gedung B', 1967, '1.3.3.99.01', 'C', 1),
('FF1D46.1501300503372', 'REHABILITASI TINGKAT BERAT SDN BEJIJONG 2', 2014, '144812205.00', '13.02.08.01', '13.02.08.01.03', '64A045.12091113585642', '1.3.3.99.01', '0', 'Gedung A', 1983, '1.3.3.99.01', 'C', 1),
('FF1D46.15013005410192', 'REHABILITASI TINGKAT BERAT SDN DINOYO 2', 2014, '151647930.00', '13.02.08.01', '13.02.08.01.16', '16E9F0.1209161032283', '1.3.3.99.01', 'C', 'Bangunan Gedung A', 1974, '1.3.3.99.01', 'C', 1),
('FF1D46.15013005463521', 'REHABILITASI TINGKAT BERAT SDN DUYUNG', 2014, '54093760.00', '13.02.08.01', '13.02.08.01.17', 'D7BF15.12091109405159', '1.3.3.99.01', 'C', 'GEDUNG C', 1987, '1.3.3.99.01', 'C', 1),
('FF1D46.1501300558149', 'REHABILITASI TINGKAT BERAT SDN GUNUNGSARI', 2014, '127600200.00', '13.02.08.01', '13.02.08.01.09', 'B61693.12100807122287', '1.3.3.99.01', 'C', 'Gedung D', 2003, '1.3.3.99.01', 'C', 1),
('FF1D46.15013006073261', 'REHABILITASI TINGKAT BERAT SDN JAPAN', 2014, '118607424.00', '13.02.08.01', '13.02.08.01.02', '5F5D46.12091711124780', '1.3.3.99.01', 'C', 'Bangunan Gedung C', 1995, '1.3.3.99.01', 'C', 1),
('FF1D46.15013006125229', 'REHABILITASI TINGKAT BERAT SDN JATIDUKUH', 2014, '194438400.00', '13.02.08.01', '13.02.08.01.15', '8E0BF7.12090709541683', '1.3.3.99.01', 'C', 'Gedung C', 2000, '1.3.3.99.01', 'C', 1),
('FF1D46.15013006185724', 'REHABILITASI TINGKAT BERAT SDN JATIPASAR', 2014, '169427826.00', '13.02.08.01', '13.02.08.01.03', '64A045.12092010472542', '1.3.3.99.01', 'C', 'Gedung B', 2003, '1.3.3.99.01', 'C', 1),
('FF1D46.15013006250767', 'REHABILITASI TINGKAT BERAT SDN JETIS 2', 2014, '157046400.00', '13.02.08.01', '13.02.08.01.08', 'E83602.12090710252225', '1.3.3.99.01', 'C', 'Gedung A ( kelas, UKS )', 1976, '1.3.3.99.01', 'C', 1),
('FF1D46.15013006301637', 'REHABILITASI TINGKAT BERAT SDN KALIKATIR', 2014, '159656245.00', '13.02.08.01', '13.02.08.01.15', '8E0BF7.12091011211935', '1.3.3.99.01', 'C', 'gedung C', 1974, '1.3.3.99.01', 'C', 1),
('FF1D46.15013006353865', 'REHABILITASI TINGKAT BERAT SDN KARANGASEM', 2014, '187146960.00', '13.02.08.01', '13.02.08.01.13', '1FB1D9.12091711154632', '1.3.3.99.01', 'C', 'Gedung D', 2010, '1.3.3.99.01', 'C', 1),
('FF1D46.15013006422250', 'REHABILITASI TINGKAT BERAT SDN KEDUNGGEDE 1', 2014, '64610260.00', '13.02.08.01', '13.02.08.01.14', '1FB1D9.12091816411966', '1.3.3.99.01', 'C', 'Gedung D', 1998, '1.3.3.99.01', 'C', 1),
('FF1D46.15013006480717', 'REHABILITASI TINGKAT BERAT SDN KEDUNGGEDE 2', 2014, '191400300.00', '13.02.08.01', '13.02.08.01.14', 'EB82E3.12092010072867', '1.3.3.99.01', 'C', 'Gedung A', 2009, '1.3.3.99.01', 'C', 1),
('FF1D46.15013006531886', 'REHABILITASI TINGKAT BERAT SDN KEDUNGUNENG', 2014, '237314560.00', '13.02.08.01', '13.02.08.01.05', '337AE3.12091613332390', '1.3.3.99.01', 'C', 'Bangunan Gedung B', 1996, '1.3.3.99.01', 'C', 1),
('FF1D46.15013006594173', 'REHABILITASI TINGKAT BERAT SDN KEJAGAN', 2014, '101971100.00', '13.02.08.01', '13.02.08.01.03', '64A045.1209131448318', '1.3.3.99.01', 'C', 'Gedung F', 2008, '1.3.3.99.01', 'C', 1),
('FF1D46.1501300721023', 'REHABILITASI TINGKAT BERAT SDN KERTOSARI', 2014, '172701963.00', '13.02.08.01', '13.02.08.01.13', '4C6C0E.12110313282423', '1.3.3.99.01', 'C', 'Bangunan Gedung D', 2003, '1.3.3.99.01', 'C', 1),
('FF1D46.15013007370228', 'REHABILITASI TINGKAT BERAT SDN KUNJOROWESI 1', 2014, '153120240.00', '13.02.08.01', '13.02.08.01.12', '2F8AE6.12092411570762', '1.3.3.99.01', 'C', 'Gedung B (Kelas IV, V & VI)', 2005, '1.3.3.99.01', 'C', 1),
('FF1D46.15013007445442', 'REHABILITASI TINGKAT BERAT SDN MODOPURO 1', 2014, '227343360.00', '13.02.08.01', '13.02.08.01.10', '1B8F21.12091808504239', '1.3.3.99.01', 'C', 'GEDUNG B', 2003, '1.3.3.99.01', 'C', 1),
('FF1D46.15013007525457', 'REHABILITASI TINGKAT BERAT SDN MOJOKARANG', 2014, '53221280.00', '13.02.08.01', '13.02.08.01.14', 'CC330B.12092811434247', '1.3.3.99.01', 'C', 'Gedung C', 1980, '1.3.3.99.01', 'C', 1),
('FF1D46.15013008062844', 'REHABILITASI TINGKAT BERAT SDN NOGOSARI', 2014, '193559688.00', '13.02.08.01', '13.02.08.01.18', '0AAA4A.12091314495937', '1.3.3.99.01', 'C', 'Gedung A', 2009, '1.3.3.99.01', 'C', 1),
('FF1D46.15013008133053', 'REHABILITASI TINGKAT BERAT SDN PACING', 2014, '116803260.00', '13.02.08.01', '13.02.08.01.05', '337AE3.12091514285520', '1.3.3.99.01', 'C', 'Bangunan Gedung D', 1980, '1.3.3.99.01', 'C', 1),
('FF1D46.15013008211983', 'REHABILITASI TINGKAT BERAT SDN PANDAN', 2014, '220846500.00', '13.02.08.01', '13.02.08.01.18', 'EB82E3.12091112302575', '1.3.3.99.01', 'C', 'Bangunan Gedung B', 1954, '1.3.3.99.01', 'C', 1),
('FF1D46.15013008271246', 'REHABILITASI TINGKAT BERAT SDN PENANGGUNGAN', 2014, '106006320.00', '13.02.08.01', '13.02.08.01.17', '0AAA4A.12090615221576', '1.3.3.99.01', 'C', 'Bangunan Gedung Pendidikan Permanen A', 2003, '1.3.3.99.01', 'C', 1),
('FF1D46.15013008330455', 'REHABILITASI TINGKAT BERAT SDN PENOMPO 1', 2014, '272650000.00', '13.02.08.01', '13.02.08.01.08', '645439.12091215244852', '1.3.3.99.01', 'C', 'Gedung G', 1981, '1.3.3.99.01', 'C', 1),
('FF1D46.15013008384017', 'REHABILITASI TINGKAT BERAT SDN PUCUK 2', 2014, '138397140.00', '13.02.08.01', '13.02.08.01.09', 'F01F26.12092111252883', '1.3.3.99.01', 'C', 'Gedung A', 1982, '1.3.3.99.01', 'C', 1),
('FF1D46.1501300858206', 'REHABILITASI TINGKAT BERAT SDN PUNGGING 1', 2014, '281211210.00', '13.02.08.01', '13.02.08.01.11', 'E80398.1209251144148', '1.3.3.99.01', 'C', 'Bangunan Gedung  A', 1925, '1.3.3.99.01', 'C', 1),
('FF1D46.15013009041716', 'REHABILITASI TINGKAT BERAT SDN SAMPANGAGUNG 1', 2014, '63800100.00', '13.02.08.01', '13.02.08.01.13', '527A02.12091712210994', '1.3.3.99.01', 'C', 'Gedung B', 1968, '1.3.3.01.01', 'C', 1),
('FF1D46.1501300915029', 'REHABILITASI TINGKAT BERAT SDN SEDATI 1', 2014, '191828750.00', '13.02.08.01', '13.02.08.01.12', '8E0BF7.12110612041444', '1.3.3.99.01', 'C', 'GEDUNG A', 2003, '1.3.3.99.01', 'C', 1),
('FF1D46.15013009222147', 'REHABILITASI TINGKAT BERAT SDN SEKARGADUNG', 2014, '145758690.00', '13.02.08.01', '13.02.08.01.11', '527A02.12091813491679', '1.3.3.99.01', 'C', 'Gedung D', 2009, '1.3.3.99.01', 'C', 1),
('FF1D46.15013009281168', 'REHABILITASI TINGKAT BERAT SDN SIDOMULYO', 2014, '99587360.00', '13.02.08.01', '13.02.08.01.05', '337AE3.1209161055381', '1.3.3.99.01', 'C', 'Bangunan Gedung D', 2007, '1.3.3.99.01', 'C', 1),
('FF1D46.15013009513693', 'REHABILITASI TINGKAT BERAT SDN SIDOREJO 2', 2014, '188128500.00', '13.02.08.01', '13.02.08.01.08', '8E0BF7.12100712423260', '1.3.3.99.01', 'C', 'gedung a', 2003, '1.3.3.99.01', 'C', 1),
('FF1D46.15013009582969', 'REHABILITASI TINGKAT BERAT SDN SUMBERTANGGUL 2', 2014, '136106880.00', '13.02.08.01', '13.02.08.01.10', '07B217.12091011020763', '1.3.3.99.01', 'C', 'GEDUNG D', 2003, '1.3.3.99.01', 'C', 1),
('FF1D46.15013010054153', 'REHABILITASI TINGKAT BERAT SDN TANGUNAN', 2014, '87248000.00', '13.02.08.01', '13.02.08.01.04', 'E980CE.12091710034366', '1.3.3.99.01', 'C', 'Bangunan Gedung B', 2003, '1.3.3.99.01', 'C', 1);
INSERT INTO `penambahan_nilai` (`pnid`, `namapn`, `tahunpn`, `nilaipn`, `lokasipn`, `subunitpn`, `asetindukid`, `kodepn`, `bidangpn`, `namainduk`, `tahuninduk`, `kodeinduk`, `bidanginduk`, `tambah_masa_manfaat`) VALUES
('FF1D46.15013010540359', 'RAHABILITASI BERAT SMPN 1 JATIREJO', 2014, '151437602.00', '13.02.08.01', '13.02.08.01.32', 'D041BD.12091817542226', '1.3.3.99.01', 'C', 'Gedung L', 2003, '1.3.3.99.01', 'C', 1),
('FF1D46.15013015150652', 'RAHABILITASI BERAT SMPN 1 KUTOREJO', 2014, '151437602.00', '13.02.08.01', '13.02.08.01.40', 'B17050.12091808213074', '1.3.3.99.01', 'C', 'Bangunan Gedung L', 2003, '1.3.3.99.01', 'C', 1),
('FF1D46.15013015495768', 'RAHABILITASI BERAT SMPN 2 DLANGGU', 2014, '100958400.00', '13.02.08.01', '13.02.08.01.39', '207703.12091709364080', '1.3.3.99.01', 'C', 'Bangunan Gedung G', 2006, '1.3.3.01.01', 'C', 1),
('FF1D46.15013016512225', 'RAHABILITASI BERAT SMPN 2 JATIREJO', 2014, '151437602.00', '13.02.08.01', '13.02.08.01.33', 'D226D2.12111121254359', '1.3.3.99.01', 'C', 'Bangunan Gedung Q', 2007, '1.3.3.01.01', 'C', 1),
('FF1D46.15013115231974', 'RAHABILITASI SMPN 3 PACET (BP)', 2014, '63679000.00', '13.02.08.01', '13.02.08.01.55', '1FB1D9.12090714260487', '1.3.3.99.01', 'C', 'GEDUNG B', 2007, '1.3.3.01.01', 'C', 1),
('FF1D46.15020112405684', 'TAMBAH DAYA', 2014, '17100000.00', '13.02.08.01', '13.02.08.01.01', '4C6C0E.12092710000456', '1.3.3.01.01', 'D', 'GEDUNG B', 2003, '1.3.3.01.01', 'C', 1),
('FF1D46.1502011256039', 'REHAB RUANG AULA KANTOR DIKNAS KAB. MOJOKERTO', 2014, '181391000.00', '13.02.08.01', '13.02.08.01.01', '4C6C0E.12092710000456', '1.3.3.01.01', '0', 'GEDUNG B', 2003, '1.3.3.01.01', 'C', 1),
('FF1D46.1601252129580', 'REHABILITASI BERAT GEDUNG SDN MLIRIP 2 (DAK 2011)', 2015, '79456000.00', '13.02.08.01', '13.02.08.01.08', '645439.12091119072283', '1.3.3.99.01', 'C', 'Gedung A ', 1990, '1.3.3.99.01', 'C', 1),
('FF1D46.16012521580924', 'REHABILITASI SEDANG GEDUNG SDN MOJOLEBAK (DAK 2011)', 2015, '159341000.00', '13.02.08.01', '13.02.08.01.08', '645439.12091813492511', '1.3.3.99.01', 'C', 'Gedung C', 1984, '1.3.3.99.01', 'C', 1),
('FF1D46.16012522054286', 'REHABILITASI BERAT GEDUNG SDN MOJOROTO (DAK 2011)', 2015, '81537000.00', '13.02.08.01', '13.02.08.01.08', 'B1A086.12092013172821', '1.3.3.99.01', 'C', 'Gedung C', 1981, '1.3.3.99.01', 'C', 1),
('FF1D46.16012522193810', 'REHABILITASI BERAT GEDUNG SDN PERNING (DAK 2011)', 2015, '123356000.00', '13.02.08.01', '13.02.08.01.08', 'C66548.12091413444437', '1.3.3.99.01', 'C', 'Gedung D', 2008, '1.3.3.01.01', 'C', 1),
('FF1D46.16012522254431', 'REHABILITASI BERAT GEDUNG SDN BERATKULON (DAK 2011)', 2015, '177188000.00', '13.02.08.01', '13.02.08.01.07', '8E0BF7.12100913574973', '1.3.3.99.01', 'C', 'Gedung D', 1980, '1.3.3.99.01', 'C', 1),
('FF1D46.16012522305994', 'REHABILITASI BERAT GEDUNG SDN BETRO (DAK 2011)', 2015, '118776000.00', '13.02.08.01', '13.02.08.01.07', 'C66548.12091110272654', '1.3.3.99.01', 'C', 'GEDUNG E', 1989, '1.3.3.01.01', 'C', 1),
('FF1D46.16012522371538', 'REHABILITASI BERAT GEDUNG SDN KEDUNGSARI 1 (DAK 2015)', 2015, '67421200.00', '13.02.08.01', '13.02.08.01.07', 'F01F26.12091109363135', '1.3.3.99.01', 'C', 'GEDUNG B', 1985, '1.3.3.99.01', 'C', 1),
('FF1D46.16012522415326', 'REHABILITASI SEDANG GEDUNG SDN MOJODADI (DAK 2011)', 2015, '165005000.00', '13.02.08.01', '13.02.08.01.07', 'B61693.12100806405825', '1.3.3.99.01', 'C', 'Gedung B', 2003, '1.3.3.99.01', 'C', 1),
('FF1D46.1601252246567', 'REHABILITASI SEDANG GEDUNG SDN MOJOGEBANG (DAK 2011)', 2015, '157332000.00', '13.02.08.01', '13.02.08.01.07', 'B3F239.12091814592733', '1.3.3.99.01', 'C', 'Gedung B', 2011, '1.3.3.01.01', 'C', 1),
('FF1D46.1601262122531', 'REHABILITASI BERAT GEDUNG SDN WRINGINREJO 1 (DAK 2011)', 2015, '147115000.00', '13.02.08.01', '13.02.08.01.02', '5F5D46.12091714410318', '1.3.3.99.01', 'C', 'Bangunan Gedung A', 1961, '1.3.3.99.01', 'C', 1),
('FF1D46.16012621283954', 'REHABILITASI SEDANG GEDUNG SDN WRINGINREJO 2 (DAK 2015)', 2015, '179896200.00', '13.02.08.01', '13.02.08.01.02', 'E980CE.12091310170423', '1.3.3.99.01', 'C', 'Bangunan Gedung C', 2007, '1.3.3.01.01', 'C', 1),
('FF1D46.16012621340811', 'REHABILITASI SEDANG GEDUNG SDN DUYUNG (DAK 2015)', 2015, '260207200.00', '13.02.08.01', '13.02.08.01.17', 'D7BF15.12091109391447', '1.3.3.99.01', 'C', 'GEDUNG A', 2009, '1.3.3.99.01', 'C', 1),
('FF1D46.16012621393728', 'REHABILITASI SEDANG GEDUNG SDN SELOLIMAN (DAK 2015)', 2015, '113543100.00', '13.02.08.01', '13.02.08.01.17', 'D7BF15.12091111290281', '1.3.3.99.01', 'C', 'Gedung A', 2009, '1.3.3.99.01', 'C', 1),
('FF1D46.16012621521833', 'REHABILITASI BERAT GEDUNG SDN BALONGWONO (DAK 2011)', 2015, '136166000.00', '13.02.08.01', '13.02.08.01.04', 'E980CE.12091321475948', '1.3.3.99.01', 'C', 'Bangunan Gedung B', 1979, '1.3.3.99.01', 'C', 1),
('FF1D46.16012621575888', 'REHABILITASI SEDANG GEDUNG SDN BEJIJONG 1 (DAK 2015)', 2015, '185290600.00', '13.02.08.01', '13.02.08.01.03', '64A045.12091110520243', '1.3.3.99.01', 'C', 'Gedung I', 2009, '1.3.3.99.01', 'C', 1),
('FF1D46.16012622033974', 'REHABILITASI BERAT GEDUNG SDN BEJIJONG 2 (DAK 2011)', 2015, '79910000.00', '13.02.08.01', '13.02.08.01.03', '64A045.12091114110933', '1.3.3.99.01', 'C', 'Gedung C', 1983, '1.3.3.99.01', 'C', 1),
('FF1D46.16012622161636', 'REHABILITASI SEDANG GEDUNG SDN JAMBUWOK (DAK 2015)', 2015, '111974500.00', '13.02.08.01', '13.02.08.01.03', '64A045.12091609153812', '1.3.3.99.01', 'C', 'Gedung A', 2003, '1.3.3.99.01', 'C', 1),
('FF1D46.1601270453404', 'REHABILITASI BERAT GEDUNG SDN PAKIS 1 (DAK 2011)', 2015, '224795000.00', '13.02.08.01', '13.02.08.01.03', '64A045.12092409592770', '1.3.3.99.01', 'C', 'Gedung B', 2003, '1.3.3.99.01', 'C', 1),
('FF1D46.16020105203235', 'REHABILITASI SEDANG GEDUNG SMPN 2 KUTOREJO (DAK 2014)', 2015, '180138000.00', '13.02.08.01', '13.02.08.01.41', '2D02B1.12091809010637', '1.3.3.99.01', 'C', 'Gedung H', 1997, '1.3.3.01.01', 'C', 1),
('FF1D46.16020105330892', 'REHABILITASI BERAT GEDUNG SMP NEGERI 2 NGORO (DAK 2014)', 2015, '224352000.00', '13.02.08.01', '13.02.08.01.52', 'D045FE.12091315535172', '1.3.3.99.01', 'C', 'Gedung M', 1998, '1.3.3.99.01', 'C', 1),
('FF1D46.16020106524777', 'REHABILITASI SEDANG GEDUNG SMP NEGERI 3 PACET (DAK 2014)', 2015, '179648159.00', '13.02.08.01', '13.02.08.01.55', '1FB1D9.12090610571915', '1.3.3.99.01', 'C', 'GEDUNG E', 2010, '1.3.3.01.01', 'C', 1),
('FF1D46.16020303205023', 'REVITALISASI GEDUNG KANTOR', 2015, '27974150.00', '13.02.08.01', '13.02.08.01.01', '4C6C0E.12092709593346', '1.3.3.01.01', '0', 'GEDUNG A', 2003, '1.3.3.01.01', 'C', 1),
('FF1D46.16020303305697', 'REHABILITASI KAMAR MANDI', 2015, '148625600.00', '13.02.08.01', '13.02.08.01.01', '4C6C0E.12092709593346', '1.3.3.01.01', '0', 'GEDUNG A', 2003, '1.3.3.01.01', 'C', 1),
('FF1D46.1602030336504', 'REVITALISASI GEDUNG KANTOR ', 2015, '114694000.00', '13.02.08.01', '13.02.08.01.01', '4C6C0E.12092710000456', '1.3.3.01.01', '0', 'GEDUNG B', 2003, '1.3.3.01.01', 'C', 1),
('FF1D46.16110905011451', 'REHABILITASI SEDANG GEDUNG SMP 1 TROWULAN (DAK 2013)', 2016, '106865000.00', '13.02.08.01', '13.02.08.01.30', '4C6C0E.12091209545668', '1.3.3.99.01', '0', 'GEDUNG J', 2010, '1.3.3.99.01', 'C', 1),
('FF1D46.16110905092661', 'REHABILITASI SEDANG GEDUNG SMP 1 JETIS (DAK 2013)', 2016, '219560000.00', '13.02.08.01', '13.02.08.01.24', 'B1A086.12092110542838', '1.3.3.99.01', '0', 'Gedung K', 2009, '1.3.3.99.01', 'C', 1),
('FF1D46.16110905152993', 'REHABILITASI SEDANG GEDUNG SDN PENOMPO 2 (DAK)', 2016, '127973000.00', '13.02.08.01', '13.02.08.01.08', '3A9307.12091114355217', '1.3.3.99.01', '0', 'Gedung C ( kelas 4,5,6, kantor, perpus )', 2003, '1.3.3.99.01', 'C', 1),
('FF1D46.16121215212967', 'REHABILITASI SEDANG GEDUNG SDN WATESUMPAK 1 (SILPA DAK 2015)', 2016, '113273000.00', '13.02.08.01', '13.02.08.01.03', '64A045.12091615214365', '1.3.3.99.01', '0', 'Gedung A', 2003, '1.3.3.99.01', 'C', 1),
('FF1D46.16121215252848', 'REHABILITASI SEDANG GEDUNG SDN WATESUMPAK 2 (SILPA DAK 2015)', 2016, '150537000.00', '13.02.08.01', '13.02.08.01.03', '64A045.1209161933180', '1.3.3.99.01', '0', 'Gedung A', 2003, '1.3.3.99.01', 'C', 1),
('FF1D46.16121215332487', 'REHABILITASI BERAT GEDUNG SDN NGORO 3 (DAK 2011)', 2016, '72930000.00', '13.02.08.01', '13.02.08.01.12', '3DA8B5.12091109442653', '1.3.3.99.01', '0', 'Gedung B', 1973, '1.3.3.99.01', 'C', 1),
('FF1D46.1612121540316', 'REHABILITASI BERAT GEDUNG SDN WARUGUNUNG (DAK 2011)', 2016, '129807000.00', '13.02.08.01', '13.02.08.01.18', 'EB82E3.12091109594174', '1.3.3.99.01', '0', 'Bangunan Gedung C', 2008, '1.3.3.01.01', 'C', 1),
('FF1D46.16122621250210', 'REHABILITASI SEDANG RUANG SEKRETARIAT DINAS PENDIDIKAN', 2016, '73195000.00', '13.02.08.01', '13.02.08.01.01', '4C6C0E.12092709593346', '1.3.3.01.01', '0', 'GEDUNG A', 2003, '1.3.3.01.01', 'C', 1),
('FF1D46.17121104372260', 'REHABILITASI BERAT GEDUNG SDN JAMBUWOK SILPA DAK (2016)', 2017, '89641000.00', '13.02.08.01', '13.02.08.01.01', 'E5D135.15020416394368', '1.3.3.99.01', '0', 'PEMBANGUNAN RUANG KELAS BARU SDN JAMBUWOK', 2014, '1.3.3.99.01', 'C', 1),
('FF1D46.17121104434273', 'REHABILITASI SEDANG GEDUNG SDN JETIS 2 SILPA DAK (2016)', 2017, '118602000.00', '13.02.08.01', '13.02.08.01.01', 'E83602.1209071037296', '1.3.3.99.01', '0', 'Gedung C', 2010, '1.3.3.99.01', 'C', 1),
('FF1D46.17121720583197', 'REHABILITASI BERAT GEDUNG SDN SRIGADING SILPA DAK (2016)', 2017, '89641000.00', '13.02.08.01', '13.02.08.01.01', 'E80398.1209221101422', '1.3.3.99.01', '0', 'Bangunan Gedung  B', 2008, '1.3.3.99.01', 'C', 1),
('FF1D46.18011200404110', 'REHAB SEDANG SDN JAPAN (2)', 2012, '44580125.00', '13.02.08.01', '13.02.08.01.02', '5F5D46.12091711114343', '1.3.3.99.01', 'C', 'Bangunan Gedung A', 1938, '1.3.3.99.01', 'C', 1),
('FF1D46.18011200540549', 'REHAB BERAT GEDUNG SDN NGINGASREMBYONG I (DAK 2011) (2)', 2012, '78993500.00', '13.02.08.01', '13.02.08.01.02', '72CBE1.12091209193861', '1.3.3.99.01', 'C', 'Bangunan Gedung D', 2009, '1.3.3.99.01', 'C', 1),
('FF1D46.18011201101894', 'REHAB SEDANG SDN PEKUWON 1 ( DAK 2011 ) (2)', 2012, '46312500.00', '13.02.08.01', '13.02.08.01.05', '337AE3.12091315302233', '1.3.3.99.01', 'C', 'Bangunan Gedung C', 2003, '1.3.3.99.01', 'C', 1),
('FF1D46.18011201144186', 'PERENCANAAN REHAB BERAT GEDUNG SDN TERUSAN 1 (DAK 2012)(2)', 2014, '2689000.00', '13.02.08.01', '13.02.08.01.06', 'F01F26.12091713092918', '1.3.3.99.01', 'C', ' Gedung D', 2008, '1.3.3.99.01', 'C', 1),
('FF1D46.18011201234473', 'Bangunan Gedung Pendidikan Permanen (2)', 2015, '144598500.00', '13.02.08.01', '13.02.08.01.07', 'F01F26.12091210474646', '1.3.3.99.01', 'C', 'Gedung C', 1986, '1.3.3.99.01', 'C', 1),
('FF1D46.18011201265686', 'PERENCANAAN REHAB BERAT GEDUNG SDN JATIROWO 1 (DAK 2012)(2)', 2014, '2267000.00', '13.02.08.01', '13.02.08.01.09', '5773B0.12091011004293', '1.3.3.99.01', 'C', 'Gedung A', 1999, '1.3.3.01.01', 'C', 1),
('FF1D46.1801120131336', 'REHAB SEDANG SDN BANYULEGI(2)', 2012, '29360333.00', '13.02.08.01', '13.02.08.01.09', 'F01F26.12092414074179', '1.3.3.99.01', 'C', 'Gedung F', 1975, '1.3.3.99.01', 'C', 1),
('FF1D46.18011201314483', 'REHAB SEDANG SDN BANYULEGI(3)', 2012, '29360334.00', '13.02.08.01', '13.02.08.01.09', 'F01F26.12092414093514', '1.3.3.99.01', 'C', 'Gedung I', 1975, '1.3.3.99.01', 'C', 1),
('FF1D46.18011201553527', 'RAHAB SEDANG GEDUNG SDN GUNUNGAN I DAWAR (2)', 2012, '29392333.00', '13.02.08.01', '13.02.08.01.09', '5773B0.12090811232534', '1.3.3.99.01', 'C', 'Gedung D', 1987, '1.3.3.01.01', 'C', 1),
('FF1D46.18011201555212', 'RAHAB SEDANG GEDUNG SDN GUNUNGAN I DAWAR (3)', 2012, '29392334.00', '13.02.08.01', '13.02.08.01.09', '5773B0.12090811241495', '1.3.3.99.01', 'C', 'Gedung E', 1987, '1.3.3.01.01', 'C', 1),
('FF1D46.18011201585848', 'Renovasi Gedung A + B (2)', 2008, '29500000.00', '13.02.08.01', '13.02.08.01.11', '84B551.12100906310989', '1.3.3.99.01', 'C', 'Gedung  B', 1985, '1.3.3.99.01', 'C', 1),
('FF1D46.1801120203003', 'PERENCANAAN REHAB BERAT GEDUNG SDN PURWOREJO (DAK 2012) (2)', 2014, '2600500.00', '13.02.08.01', '13.02.08.01.11', '337AE3.12092610344724', '1.3.3.99.01', 'C', 'Bangunan Gedung D', 2003, '1.3.3.99.01', 'C', 1),
('FF1D46.18011202082026', 'REHAB SEDANG GEDUNG SDN BANDARASRI I (DAK 2011) (2)', 2012, '43245450.00', '13.02.08.01', '13.02.08.01.12', '2F8AE6.12091314060722', '1.3.3.99.01', 'C', 'Gedung C (Kelas 1, Kelas 3,Kelas  4,Kelas  5 & Kelas 6 )', 2003, '1.3.3.99.01', 'C', 1),
('FF1D46.18011202220236', 'REHAB SEDANG GEDUNG SDN SAMBILAWANG I (2)', 2012, '43752742.50', '13.02.08.01', '13.02.08.01.14', '1B8F21.12092208413716', '1.3.3.99.01', 'C', 'GEDUNG F', 2012, '1.3.3.99.01', 'C', 1),
('FF1D46.18011202273834', 'REHAB SEDANG GEDUNG SDN KETAPANRAME II TRAWAS (2)', 2012, '43947500.00', '13.02.08.01', '13.02.08.01.17', '0AAA4A.12090713352751', '1.3.3.99.01', 'C', 'GEDUNG D', 1980, '1.3.3.99.01', 'C', 1),
('FF1D46.18011202321249', 'Rehap Gedung 5 lokal (2)', 2012, '144882500.00', '13.02.08.01', '13.02.08.01.18', 'EB82E3.12091708440170', '1.3.3.99.01', 'C', 'Bangunan Gedung A', 2008, '1.3.3.99.01', 'C', 1),
('FF1D46.18011202403077', 'REHAB SEDANG GEDUNG SMPN 2 SOOKO (2)', 2012, '37725500.00', '13.02.08.01', '13.02.08.01.22', '4C6C0E.12091410580382', '1.3.3.99.01', 'C', 'Gedung L', 2001, '1.3.3.99.01', 'C', 1),
('FF1D46.18011202430220', 'REHAB SEDANG GEDUNG SMPN 1 KEMLAGI KEC. KEMLAGI (2)', 2012, '45341500.00', '13.02.08.01', '13.02.08.01.23', '3AE8F8.06011406044557', '1.3.3.99.01', 'C', 'GEDUNG G', 1984, '1.3.3.99.01', 'C', 1),
('FF1D46.18011202483188', 'REHAB SEDANG GEDUNG SMPN 1 TROWULAN (2)', 2012, '45392500.00', '13.02.08.01', '13.02.08.01.30', '4C6C0E.12091209470333', '1.3.3.99.01', 'C', 'Gedung E', 1990, '1.3.3.99.01', 'C', 1),
('FF1D46.18011202522529', 'REHAB BERAT GEDUNG SMPN 1 JATIREJO DAK 2011) (2)', 2012, '80290000.00', '13.02.08.01', '13.02.08.01.32', 'D041BD.12091818300254', '1.3.3.99.01', 'C', 'Gedung Q', 2003, '1.3.3.99.01', 'C', 1),
('FF1D46.18011203181724', 'REHAB SEDANG GEDUNG SMPN 1 KUTOREJO KEC. KUTOREJO (2)', 2012, '37675000.00', '13.02.08.01', '13.02.08.01.40', 'B17050.12091807595530', '1.3.3.99.01', 'C', 'Bangunan Gedung C', 2003, '1.3.3.99.01', 'C', 1),
('FF1D46.18011203232852', 'REHAB SEDANG GEDUNG SMPN 2 MOJOSARI (2)', 2012, '37725500.00', '13.02.08.01', '13.02.08.01.48', '424ED3.12091711565356', '1.3.3.99.01', 'C', 'Bangunan Gedung D', 1990, '1.3.3.99.01', 'C', 1),
('FF1D46.18011203263151', 'REHAB SEDANG GEDUNG SMPN 1 PACET (2)', 2012, '11343500.00', '13.02.08.01', '13.02.08.01.53', '8E0BF7.1209171049413', '1.3.3.99.01', 'C', 'GEDUNG B', 1984, '1.3.3.99.01', 'C', 1),
('FF1D46.18011203270087', 'REHAB SEDANG GEDUNG SMPN 1 PACET (3)', 2012, '11343500.00', '13.02.08.01', '13.02.08.01.53', '8E0BF7.12091710500389', '1.3.3.99.01', 'C', 'GEDUNG C', 1984, '1.3.3.99.01', 'C', 1),
('FF1D46.18011203270767', 'REHAB SEDANG GEDUNG SMPN 1 PACET (4)', 2012, '11343500.00', '13.02.08.01', '13.02.08.01.53', '8E0BF7.12091710503231', '1.3.3.99.01', 'C', 'GEDUNG D', 1984, '1.3.3.99.01', 'C', 1),
('FF1D46.1801120327146', 'REHAB SEDANG GEDUNG SMPN 1 PACET (5)', 2012, '11343500.00', '13.02.08.01', '13.02.08.01.53', '8E0BF7.12091710510514', '1.3.3.99.01', 'C', 'GEDUNG E', 1984, '1.3.3.99.01', 'C', 1),
('FF1D46.1801120327211', 'REHAB SEDANG GEDUNG SMPN 1 PACET (6)', 2012, '11343500.00', '13.02.08.01', '13.02.08.01.53', '8E0BF7.12091710513558', '1.3.3.99.01', 'C', 'GEDUNG F', 1984, '1.3.3.99.01', 'C', 1),
('FF1D46.18011203272882', 'REHAB SEDANG GEDUNG SMPN 1 PACET (7)', 2012, '11343500.00', '13.02.08.01', '13.02.08.01.53', '8E0BF7.12091710552615', '1.3.3.99.01', 'C', 'GEDUNG H', 1984, '1.3.3.99.01', 'C', 1),
('FF1D46.18011203273584', 'REHAB SEDANG GEDUNG SMPN 1 PACET (8)', 2012, '11343500.00', '13.02.08.01', '13.02.08.01.53', '8E0BF7.12091710592672', '1.3.3.99.01', 'C', 'GEDUNG I', 1993, '1.3.3.99.01', 'C', 1),
('FF1D46.1801120407438', 'REHAB GEDUNG B ', 2015, '161170400.00', '13.02.08.01', '13.02.08.01.03', '64A045.1209120916466', '1.3.3.99.01', 'C', 'Gedung B', 2003, '1.3.3.99.01', 'C', 1),
('FF1D46.18011204091418', 'REHAB GEDUNG D', 2015, '241755600.00', '13.02.08.01', '13.02.08.01.03', '64A045.12091209190913', '1.3.3.99.01', 'C', 'Gedung D', 2003, '1.3.3.99.01', 'C', 1),
('FF1D46.18011204160080', 'REHAB GEDUNG E', 2015, '70328500.00', '13.02.08.01', '13.02.08.01.03', '8E0BF7.12100914235869', '1.3.3.99.01', 'C', 'GEDUNG A', 2003, '1.3.3.99.01', 'C', 1),
('FF1D46.18011204170830', 'REHAB GEDUNG E (2)', 2015, '70328500.00', '13.02.08.01', '13.02.08.01.03', '8E0BF7.12100914241285', '1.3.3.99.01', 'C', 'GEDUNG B', 2003, '1.3.3.99.01', 'C', 1),
('FF1D46.18011204233769', 'Rehab Gedung', 2015, '116477000.00', '13.02.08.01', '13.02.08.01.06', '9B1406.12101111513515', '1.3.3.99.01', 'C', 'Gedung C (Kls IV-V)', 1983, '1.3.3.99.01', 'C', 1),
('FF1D46.18011204280166', 'Bangunan Gedung Pendidikan Permanen', 2012, '450000.00', '13.02.08.01', '13.02.08.01.08', '3A9307.12091015041879', '1.3.3.99.01', 'C', 'Gedung A ( kelas 1,2,3,4 )', 2009, '1.3.3.99.01', 'C', 1),
('FF1D46.1801120451019', 'Rehab ruang kelas SDN Balongmasin 2', 2015, '176357000.00', '13.02.08.01', '13.02.08.01.11', '527A02.12091423030850', '1.3.3.99.01', 'C', 'Gedung B', 2011, '1.3.3.99.01', 'C', 1),
('FF1D46.18011205383272', 'REHAB RUANG KELAS SDN NGORO 2', 2015, '114924000.00', '13.02.08.01', '13.02.08.01.12', '3DA8B5.12091015051642', '1.3.3.99.01', 'C', 'Gedung A', 1973, '1.3.3.99.01', 'C', 1),
('FF1D46.18011205384413', 'REHAB RUANG KELAS SDN NGORO 2 (2)', 2015, '114924000.00', '13.02.08.01', '13.02.08.01.12', '3DA8B5.12091015082459', '1.3.3.99.01', 'C', 'Bangunan Gedung Pendidikan Permanen', 1987, '1.3.3.99.01', 'C', 1),
('FF1D46.18011205430835', 'Rehab Ruang Kelas SDN MANDURO 2', 2015, '175916000.00', '13.02.08.01', '13.02.08.01.12', '2F8AE6.1209201140300', '1.3.3.99.01', 'C', 'Gedung A (Kelas I, II dan III)', 1982, '1.3.3.99.01', 'C', 1),
('FF1D46.18011205455430', 'Rehab ruang kelas SDN Belik, Trawas', 2015, '205573000.00', '13.02.08.01', '13.02.08.01.17', '0AAA4A.12090906022991', '1.3.3.99.01', 'C', 'Bangunan Gedung Pendidikan Permanen F', 1975, '1.3.3.99.01', 'C', 1),
('FF1D46.18011205493857', 'Rehab ruang kelas SDN Bendunganjati, Pacet', 2015, '131331666.00', '13.02.08.01', '13.02.08.01.18', '8E0BF7.12091409151256', '1.3.3.99.01', 'C', 'Gedung B', 1968, '1.3.3.99.01', 'C', 1),
('FF1D46.18011205494739', 'Rehab ruang kelas SDN Bendunganjati, Pacet (2)', 2015, '131331667.00', '13.02.08.01', '13.02.08.01.18', '8E0BF7.12091409152860', '1.3.3.99.01', 'C', 'Gedung c', 1968, '1.3.3.99.01', 'C', 1),
('FF1D46.18011205500919', 'Rehab ruang kelas SDN Bendunganjati, Pacet (3)', 2015, '131331667.00', '13.02.08.01', '13.02.08.01.18', '8E0BF7.12091409144817', '1.3.3.99.01', 'C', 'Gedung a', 2008, '1.3.3.99.01', 'C', 1),
('FF1D46.18011205545921', 'REHAB RUANG KELAS SDN NOGOSARI', 2015, '114908000.00', '13.02.08.01', '13.02.08.01.18', '0AAA4A.12091314504014', '1.3.3.99.01', 'C', 'Gedung B', 1983, '1.3.3.99.01', 'C', 1),
('FF1D46.18011205575341', 'Rehab Gedung C dan L', 2016, '75000000.00', '13.02.08.01', '13.02.08.01.25', '5773B0.12092411350012', '1.3.3.99.01', 'C', 'Gedung C', 2007, '1.3.3.99.01', 'C', 1),
('FF1D46.18011205580565', 'Rehab Gedung C dan L (2)', 2016, '75000000.00', '13.02.08.01', '13.02.08.01.25', '5773B0.12092411543179', '1.3.3.99.01', 'C', 'Gedung L', 1994, '1.3.3.99.01', 'C', 1),
('FF1D46.18011206011318', 'rahab gedung E', 2016, '100000000.00', '13.02.08.01', '13.02.08.01.26', '2F8AE6.12091819284956', '1.3.3.99.01', 'C', 'Gedung E (Kelas IX-G dan Kelas IX-H)', 2003, '1.3.3.99.01', 'C', 1),
('FF1D46.18011206031417', 'Rehab Ruang Kelas SMPN  1 GEDEG', 2015, '150000000.00', '13.02.08.01', '13.02.08.01.26', '2F8AE6.1209181928167', '1.3.3.99.01', 'C', 'Gedung D (Kelas IX-D,Kelas IX-E dan Kelas IX-F)', 2003, '1.3.3.99.01', 'C', 1),
('FF1D46.18011206032487', 'Rehab Ruang Kelas SMPN  1 GEDEG (2)', 2015, '150000000.00', '13.02.08.01', '13.02.08.01.26', '2F8AE6.12091819413383', '1.3.3.99.01', 'C', 'Gedung U (Tempat Sepeda Guru)', 2003, '1.3.3.99.01', 'C', 1),
('FF1D46.18011502190825', 'PERENCANAAN REHAB BERAT GEDUNG SDN JASEM (DAK 2012) (2)', 2014, '3277500.00', '13.02.08.01', '13.02.08.01.12', '2F8AE6.12091811293814', '1.3.3.99.01', 'C', 'Gedung B', 2003, '1.3.3.99.01', 'C', 1),
('FF1D46.18011502242810', 'REHAB BERAT SDN JASEM', 2014, '125006500.00', '13.02.08.01', '13.02.08.01.12', '2F8AE6.12091811293814', '1.3.3.99.01', 'C', 'Gedung B', 2003, '1.3.3.99.01', 'C', 1),
('FF1D46.18011502244384', 'REHAB BERAT SDN JASEM (2)', 2014, '125006500.00', '13.02.08.01', '13.02.08.01.12', '2F8AE6.12091811295995', '1.3.3.99.01', 'C', 'Gedung C', 2003, '1.3.3.99.01', 'C', 1);

-- --------------------------------------------------------

--
-- Struktur dari tabel `registry`
--

CREATE TABLE `registry` (
  `ssname` varchar(10) NOT NULL COMMENT 'Nama subsistem',
  `rgkey` varchar(50) NOT NULL COMMENT 'Key registri',
  `created` datetime DEFAULT NULL,
  `createdby` varchar(50) DEFAULT NULL,
  `modified` datetime DEFAULT NULL,
  `modifiedby` varchar(50) DEFAULT NULL,
  `rgvalue` varchar(100) NOT NULL COMMENT 'Value registri',
  `rgdesc` text COMMENT 'Deskripsi registri',
  `rgenable` decimal(1,0) DEFAULT '1' COMMENT 'Apakah aktif?'
) ENGINE=InnoDB DEFAULT CHARSET=utf8;

-- --------------------------------------------------------

--
-- Struktur dari tabel `rule_susut`
--

CREATE TABLE `rule_susut` (
  `id` int(11) NOT NULL,
  `rule` varchar(30) NOT NULL,
  `tipe` varchar(5) NOT NULL,
  `wkt_susut` decimal(12,2) NOT NULL DEFAULT '0.00',
  `prosen_susut` decimal(6,3) NOT NULL DEFAULT '0.000',
  `berlaku` int(4) NOT NULL,
  `berakhir` int(4) NOT NULL,
  `aktif` int(1) NOT NULL DEFAULT '1'
) ENGINE=InnoDB DEFAULT CHARSET=latin1;

--
-- Dumping data untuk tabel `rule_susut`
--

INSERT INTO `rule_susut` (`id`, `rule`, `tipe`, `wkt_susut`, `prosen_susut`, `berlaku`, `berakhir`, `aktif`) VALUES
(1, '1.3.4', '0', '15.00', '6.667', 0, 2014, 1),
(2, '0202', '17', '10.00', '10.000', 2015, 9999, 1),
(3, '020301', '17', '10.00', '10.000', 2015, 9999, 1),
(4, '020302', '17', '5.00', '20.000', 2015, 9999, 1),
(5, '020401', '17', '10.00', '10.000', 2015, 9999, 1),
(6, '020402', '17', '5.00', '20.000', 2015, 9999, 1),
(7, '020403', '17', '5.00', '20.000', 2015, 9999, 1),
(8, '0205', '17', '5.00', '20.000', 2015, 9999, 1),
(9, '0206', '17', '5.00', '20.000', 2015, 9999, 1),
(10, '020701', '17', '5.00', '20.000', 2015, 9999, 1),
(11, '020702', '17', '5.00', '20.000', 2015, 9999, 1),
(12, '020703', '17', '10.00', '10.000', 2015, 9999, 1),
(13, '020801', '17', '5.00', '20.000', 2015, 9999, 1),
(14, '020802', '17', '5.00', '20.000', 2015, 9999, 1),
(15, '020901', '17', '5.00', '20.000', 2015, 9999, 1),
(16, '020902', '17', '10.00', '10.000', 2015, 9999, 1),
(17, '021001', '17', '10.00', '10.000', 2015, 9999, 1),
(18, '031101', '17', '50.00', '2.000', 2015, 9999, 1),
(19, '031102', '17', '50.00', '2.000', 2015, 9999, 1),
(20, '031201', '17', '50.00', '2.000', 2015, 9999, 1),
(21, '031203', '17', '50.00', '2.000', 2015, 9999, 1),
(22, '031103', '17', '40.00', '2.500', 2015, 9999, 1),
(23, '031205', '17', '40.00', '2.500', 2015, 9999, 1),
(24, '031204', '17', '40.00', '2.500', 2015, 9999, 1),
(25, '031202', '17', '50.00', '2.000', 2015, 9999, 1),
(26, '031206', '17', '40.00', '2.500', 2015, 9999, 1),
(27, '031202', '17', '5.00', '20.000', 2015, 9999, 1),
(28, '041301', '17', '10.00', '10.000', 2015, 9999, 1),
(29, '041302', '17', '20.00', '5.000', 2015, 9999, 1),
(30, '0414', '17', '25.00', '4.000', 2015, 9999, 1),
(31, '0415', '17', '25.00', '4.000', 2015, 9999, 1),
(32, '0416', '17', '20.00', '5.000', 2015, 9999, 1);

-- --------------------------------------------------------

--
-- Struktur dari tabel `rule_tambah_nilai`
--

CREATE TABLE `rule_tambah_nilai` (
  `id_rule` int(11) NOT NULL,
  `persentase` varchar(50) DEFAULT NULL,
  `penambahan_masa_manfaat` int(11) DEFAULT NULL
) ENGINE=InnoDB DEFAULT CHARSET=utf8;

--
-- Dumping data untuk tabel `rule_tambah_nilai`
--

INSERT INTO `rule_tambah_nilai` (`id_rule`, `persentase`, `penambahan_masa_manfaat`) VALUES
(1, '> 0% s.d. 25%', 0),
(2, '> 25% s.d. 50%', 2),
(3, '> 50% s.d. 75%', 4),
(4, '> 75% s.d. 100%', 5),
(5, '> 100%', 5),
(6, '> 0% s.d. 30%', 5),
(7, '> 30% s.d. 45%', 10),
(8, '> 45% s.d. 65%', 15),
(9, '> 65%', 20);

-- --------------------------------------------------------

--
-- Struktur dari tabel `secact`
--

CREATE TABLE `secact` (
  `actid` int(11) NOT NULL COMMENT 'ID aktivitas',
  `uid` varchar(50) NOT NULL COMMENT 'User ID pengguna',
  `actdt` datetime NOT NULL COMMENT 'Waktu aktivitas',
  `acttype` decimal(2,0) DEFAULT NULL COMMENT 'Tipe aktivitas',
  `actmessage` text
) ENGINE=InnoDB DEFAULT CHARSET=utf8;

--
-- Dumping data untuk tabel `secact`
--

INSERT INTO `secact` (`actid`, `uid`, `actdt`, `acttype`, `actmessage`) VALUES
(1, 'admin', '2012-09-11 15:09:03', '1', 'admin is logged'),
(2, 'admin', '2012-09-12 00:09:53', '1', 'admin is logged'),
(3, 'admin', '2012-10-17 00:10:56', '1', 'admin is logged'),
(4, 'admin', '2012-10-17 01:10:16', '1', 'admin is logged'),
(5, 'admin', '2013-02-07 08:02:12', '1', 'admin is logged'),
(6, 'admin', '2013-09-12 15:09:20', '1', 'admin is logged'),
(7, 'admin', '2013-09-12 15:09:51', '1', 'admin is logged'),
(8, 'admin', '2013-09-12 16:09:15', '1', 'admin is logged'),
(9, 'admin', '2013-09-12 17:09:29', '1', 'admin is logged'),
(10, 'admin', '2013-09-12 17:09:07', '1', 'admin is logged'),
(11, 'admin', '2013-09-12 18:09:50', '1', 'admin is logged'),
(12, 'admin', '2013-09-12 21:09:39', '1', 'admin is logged'),
(13, 'admin', '2014-08-29 06:08:12', '1', 'admin is logged'),
(14, 'admin', '2014-08-29 07:08:34', '1', 'admin is logged'),
(15, 'admin', '2014-08-29 07:08:49', '1', 'admin is logged'),
(16, 'admin', '2014-08-29 07:08:54', '1', 'admin is logged'),
(17, 'admin', '2014-08-29 07:08:01', '1', 'admin is logged'),
(18, 'admin', '2014-08-29 07:08:25', '1', 'admin is logged'),
(19, 'admin', '2014-08-29 07:08:09', '1', 'admin is logged'),
(20, 'admin', '2014-08-31 18:08:26', '1', 'admin is logged'),
(21, 'admin', '2014-08-31 18:08:39', '1', 'admin is logged'),
(22, 'admin', '2014-09-01 05:09:03', '1', 'admin is logged'),
(23, 'admin', '2014-09-01 08:09:33', '1', 'admin is logged'),
(24, 'admin', '2014-09-01 09:09:19', '1', 'admin is logged'),
(25, 'admin', '2014-09-01 09:09:27', '1', 'admin is logged'),
(26, 'admin', '2014-09-03 18:09:29', '1', 'admin is logged'),
(27, 'admin', '2014-09-04 07:09:28', '1', 'admin is logged'),
(28, 'admin', '2014-09-04 08:09:04', '1', 'admin is logged'),
(29, 'admin', '2014-09-04 10:09:16', '1', 'admin is logged'),
(30, 'admin', '2014-09-04 18:09:39', '1', 'admin is logged'),
(31, 'admin', '2014-09-05 05:09:42', '1', 'admin is logged'),
(32, 'admin', '2014-09-05 06:09:15', '1', 'admin is logged'),
(33, 'admin', '2014-09-05 06:09:13', '1', 'admin is logged'),
(34, 'admin', '2014-09-05 06:09:09', '1', 'admin is logged'),
(35, 'admin', '2014-09-05 08:09:47', '1', 'admin is logged'),
(36, 'admin', '2014-09-05 08:09:56', '1', 'admin is logged'),
(37, 'admin', '2014-09-05 10:09:22', '1', 'admin is logged'),
(38, 'admin', '2014-09-05 10:09:11', '1', 'admin is logged'),
(39, 'admin', '2014-09-05 11:09:57', '1', 'admin is logged'),
(40, 'admin', '2014-09-05 12:09:47', '1', 'admin is logged'),
(41, 'admin', '2014-09-05 12:09:57', '1', 'admin is logged'),
(42, 'admin', '2014-09-05 16:09:42', '1', 'admin is logged'),
(43, 'admin', '2014-09-06 07:09:31', '1', 'admin is logged'),
(44, 'admin', '2014-09-06 09:09:48', '1', 'admin is logged'),
(45, 'admin', '2014-09-07 02:09:05', '1', 'admin is logged'),
(46, 'admin', '2014-09-07 13:09:52', '1', 'admin is logged'),
(47, 'admin', '2014-09-07 18:09:00', '1', 'admin is logged'),
(48, 'admin', '2014-09-07 21:09:58', '1', 'admin is logged'),
(49, 'admin', '2014-09-07 23:09:34', '1', 'admin is logged'),
(50, 'admin', '2014-09-08 09:09:16', '1', 'admin is logged'),
(51, 'admin', '2014-09-08 11:09:10', '1', 'admin is logged'),
(52, 'admin', '2014-09-09 01:09:38', '1', 'admin is logged'),
(53, 'admin', '2014-09-09 03:09:52', '1', 'admin is logged'),
(54, 'admin', '2014-09-09 10:09:02', '1', 'admin is logged'),
(55, 'admin', '2014-09-09 11:09:12', '1', 'admin is logged'),
(56, 'admin', '2014-09-09 11:09:46', '1', 'admin is logged'),
(57, 'admin', '2014-09-09 12:09:09', '1', 'admin is logged'),
(58, 'admin', '2014-09-09 14:09:35', '1', 'admin is logged'),
(59, 'admin', '2014-09-09 14:09:21', '1', 'admin is logged'),
(60, 'admin', '2014-09-10 11:09:55', '1', 'admin is logged'),
(61, 'admin', '2014-09-10 13:09:57', '1', 'admin is logged'),
(62, 'admin', '2014-09-11 01:09:32', '1', 'admin is logged'),
(63, 'admin', '2014-09-11 10:09:47', '1', 'admin is logged'),
(64, 'admin', '2014-09-11 11:09:40', '1', 'admin is logged'),
(65, 'admin', '2014-09-11 11:09:28', '1', 'admin is logged'),
(66, 'admin', '2014-09-11 12:09:57', '1', 'admin is logged'),
(67, 'admin', '2014-09-11 13:09:17', '1', 'admin is logged'),
(68, 'admin', '2014-09-11 15:09:48', '1', 'admin is logged'),
(69, 'admin', '2014-09-11 15:09:42', '1', 'admin is logged'),
(70, 'admin', '2014-09-11 16:09:21', '1', 'admin is logged'),
(71, 'admin', '2014-09-11 20:09:53', '1', 'admin is logged'),
(72, 'admin', '2014-09-12 10:09:06', '1', 'admin is logged'),
(73, 'admin', '2014-09-12 10:09:57', '1', 'admin is logged'),
(74, 'admin', '2014-09-12 11:09:24', '1', 'admin is logged'),
(75, 'admin', '2014-09-12 12:09:54', '1', 'admin is logged'),
(76, 'admin', '2014-09-12 13:09:29', '1', 'admin is logged'),
(77, 'admin', '2014-09-12 14:09:57', '1', 'admin is logged'),
(78, 'admin', '2014-09-14 03:09:52', '1', 'admin is logged'),
(79, 'admin', '2014-09-15 09:09:21', '1', 'admin is logged'),
(80, 'admin', '2014-09-15 18:09:39', '1', 'admin is logged'),
(81, 'admin', '2014-09-17 10:09:32', '1', 'admin is logged'),
(82, 'admin', '2014-09-17 14:09:13', '1', 'admin is logged'),
(83, 'admin', '2014-09-17 14:09:44', '1', 'admin is logged'),
(84, 'admin', '2014-09-17 15:09:02', '1', 'admin is logged'),
(85, 'admin', '2014-09-17 15:09:16', '1', 'admin is logged'),
(86, 'admin', '2014-09-17 16:09:04', '1', 'admin is logged'),
(87, 'admin', '2014-09-20 12:09:07', '1', 'admin is logged'),
(88, 'admin', '2014-09-20 22:09:12', '1', 'admin is logged'),
(89, 'admin', '2014-09-21 14:09:08', '1', 'admin is logged'),
(90, 'admin', '2014-09-21 20:09:00', '1', 'admin is logged'),
(91, 'admin', '2014-10-09 08:10:13', '1', 'admin is logged'),
(92, 'admin', '2014-10-21 06:10:45', '1', 'admin is logged'),
(93, 'admin', '2014-10-21 07:10:43', '1', 'admin is logged'),
(94, 'admin', '2014-10-21 10:10:46', '1', 'admin is logged'),
(95, 'admin', '2014-10-22 09:10:16', '1', 'admin is logged'),
(96, 'admin', '2014-10-23 04:10:00', '1', 'admin is logged'),
(97, 'admin', '2014-10-24 05:10:02', '1', 'admin is logged'),
(98, 'admin', '2014-10-24 09:10:39', '1', 'admin is logged'),
(99, 'admin', '2014-11-03 04:11:40', '1', 'admin is logged'),
(100, 'admin', '2014-11-18 06:11:06', '1', 'admin is logged'),
(101, 'admin', '2014-12-15 08:12:35', '1', 'admin is logged'),
(102, 'admin', '2014-12-17 10:12:06', '1', 'admin is logged'),
(103, 'admin', '2014-12-26 16:12:31', '1', 'admin is logged'),
(104, 'admin', '2014-12-26 19:12:10', '1', 'admin is logged'),
(105, 'admin', '2014-12-28 16:12:59', '1', 'admin is logged'),
(106, 'admin', '2014-12-28 16:12:59', '1', 'admin is logged'),
(107, 'admin', '2014-12-28 19:12:09', '1', 'admin is logged'),
(108, 'admin', '2014-12-29 12:12:18', '1', 'admin is logged'),
(109, 'admin', '2014-12-29 23:12:46', '1', 'admin is logged'),
(110, 'admin', '2014-12-30 00:12:20', '1', 'admin is logged'),
(111, 'admin', '2014-12-30 03:12:57', '1', 'admin is logged'),
(112, 'admin', '2014-12-30 04:12:40', '1', 'admin is logged'),
(113, 'admin', '2015-01-14 11:01:42', '1', 'admin is logged'),
(114, 'admin', '2015-01-20 04:01:40', '1', 'admin is logged'),
(115, 'admin', '2015-01-21 10:01:39', '1', 'admin is logged'),
(116, 'admin', '2015-01-26 05:01:09', '1', 'admin is logged'),
(117, 'admin', '2015-01-26 08:01:48', '1', 'admin is logged'),
(118, 'admin', '2015-01-29 09:01:02', '1', 'admin is logged'),
(119, 'admin', '2015-02-02 10:02:16', '1', 'admin is logged'),
(120, 'admin', '2015-02-06 08:02:30', '1', 'admin is logged'),
(121, 'admin', '2015-02-09 07:02:16', '1', 'admin is logged'),
(122, 'admin', '2015-02-18 06:02:02', '1', 'admin is logged'),
(123, 'admin', '2015-03-09 07:03:26', '1', 'admin is logged'),
(124, 'admin', '2015-03-09 09:03:06', '1', 'admin is logged'),
(125, 'admin', '2015-03-10 09:03:07', '1', 'admin is logged'),
(126, 'admin', '2015-03-13 08:03:33', '1', 'admin is logged'),
(127, 'admin', '2015-03-25 05:03:08', '1', 'admin is logged'),
(128, 'admin', '2015-03-26 10:03:20', '1', 'admin is logged'),
(129, 'admin', '2015-04-01 12:04:59', '1', 'admin is logged'),
(130, 'admin', '2015-04-10 08:04:51', '1', 'admin is logged'),
(131, 'admin', '2015-04-20 05:04:00', '1', 'admin is logged'),
(132, 'admin', '2015-04-20 07:04:02', '1', 'admin is logged'),
(133, 'admin', '2015-05-04 07:05:36', '1', 'admin is logged'),
(134, 'admin', '2015-05-04 07:05:37', '1', 'admin is logged'),
(135, 'admin', '2015-05-04 07:05:46', '1', 'admin is logged'),
(136, 'admin', '2015-05-05 10:05:33', '1', 'admin is logged'),
(137, 'admin', '2015-05-06 06:05:57', '1', 'admin is logged'),
(138, 'admin', '2015-05-06 06:05:03', '1', 'admin is logged'),
(139, 'admin', '2015-05-06 09:05:19', '1', 'admin is logged'),
(140, 'admin', '2015-05-06 09:05:39', '1', 'admin is logged'),
(141, 'admin', '2015-05-06 09:05:41', '1', 'admin is logged'),
(142, 'admin', '2015-05-06 10:05:51', '1', 'admin is logged'),
(143, 'admin', '2015-05-06 12:05:14', '1', 'admin is logged'),
(144, 'admin', '2015-05-07 05:05:58', '1', 'admin is logged'),
(145, 'admin', '2015-05-07 05:05:40', '1', 'admin is logged'),
(146, 'admin', '2015-05-08 09:05:27', '1', 'admin is logged'),
(147, 'admin', '2015-05-18 07:05:03', '1', 'admin is logged'),
(148, 'admin', '2015-05-21 05:05:56', '1', 'admin is logged'),
(149, 'admin', '2015-05-22 06:05:33', '1', 'admin is logged'),
(150, 'admin', '2015-05-25 05:05:50', '1', 'admin is logged'),
(151, 'admin', '2015-05-25 05:05:32', '1', 'admin is logged'),
(152, 'admin', '2015-05-25 10:05:39', '1', 'admin is logged'),
(153, 'admin', '2015-05-25 18:05:53', '1', 'admin is logged'),
(154, 'admin', '2015-05-26 02:05:56', '1', 'admin is logged'),
(155, 'admin', '2015-05-26 02:05:21', '1', 'admin is logged'),
(156, 'admin', '2015-05-26 03:05:28', '1', 'admin is logged'),
(157, 'admin', '2015-05-26 04:05:26', '1', 'admin is logged'),
(158, 'admin', '2015-05-26 04:05:01', '1', 'admin is logged'),
(159, 'admin', '2015-05-26 04:05:49', '1', 'admin is logged'),
(160, 'admin', '2015-05-26 04:05:17', '1', 'admin is logged'),
(161, 'admin', '2015-05-26 04:05:41', '1', 'admin is logged'),
(162, 'admin', '2015-05-26 04:05:13', '1', 'admin is logged'),
(163, 'admin', '2015-05-26 04:05:38', '1', 'admin is logged'),
(164, 'admin', '2015-05-26 04:05:39', '1', 'admin is logged'),
(165, 'admin', '2015-05-26 04:05:10', '1', 'admin is logged'),
(166, 'admin', '2015-05-26 05:05:46', '1', 'admin is logged'),
(167, 'admin', '2015-05-26 06:05:55', '1', 'admin is logged'),
(168, 'admin', '2015-05-26 07:05:23', '1', 'admin is logged'),
(169, 'admin', '2015-05-26 08:05:19', '1', 'admin is logged'),
(170, 'admin', '2015-05-27 10:05:57', '1', 'admin is logged'),
(171, 'admin', '2015-05-28 07:05:02', '1', 'admin is logged'),
(172, 'admin', '2015-05-29 11:05:33', '1', 'admin is logged'),
(173, 'admin', '2015-06-01 06:06:38', '1', 'admin is logged'),
(174, 'admin', '2015-06-03 06:06:49', '1', 'admin is logged'),
(175, 'admin', '2015-06-15 11:06:40', '1', 'admin is logged'),
(176, 'admin', '2015-06-16 11:06:53', '1', 'admin is logged'),
(177, 'admin', '2015-06-18 07:06:47', '1', 'admin is logged'),
(178, 'admin', '2015-06-19 07:06:30', '1', 'admin is logged'),
(179, 'admin', '2015-06-22 05:06:08', '1', 'admin is logged'),
(180, 'admin', '2015-06-25 06:06:40', '1', 'admin is logged'),
(181, 'admin', '2015-06-25 07:06:19', '1', 'admin is logged'),
(182, 'admin', '2015-07-14 03:07:48', '1', 'admin is logged'),
(183, 'admin', '2015-07-14 05:07:25', '1', 'admin is logged'),
(184, 'admin', '2015-07-31 10:07:53', '1', 'admin is logged'),
(185, 'admin', '2015-08-19 08:08:05', '1', 'admin is logged'),
(186, 'admin', '2015-08-19 09:08:14', '1', 'admin is logged'),
(187, 'admin', '2015-08-20 07:08:58', '1', 'admin is logged'),
(188, 'admin', '2015-08-20 08:08:05', '1', 'admin is logged'),
(189, 'admin', '2015-08-21 10:08:21', '1', 'admin is logged'),
(190, 'AGUNGPAMBUDI', '2015-08-21 10:08:00', '1', 'AGUNGPAMBUDI is logged'),
(191, 'ERIGSUJENDRO', '2015-08-21 10:08:40', '1', 'ERIGSUJENDRO is logged'),
(192, 'admin', '2015-08-24 04:08:11', '1', 'admin is logged'),
(193, 'admin', '2015-08-25 05:08:02', '1', 'admin is logged'),
(194, 'admin', '2015-09-02 06:09:10', '1', 'admin is logged'),
(195, 'admin', '2015-09-03 07:09:52', '1', 'admin is logged'),
(196, 'admin', '2015-09-04 11:09:20', '1', 'admin is logged'),
(197, 'admin', '2015-09-07 06:09:15', '1', 'admin is logged'),
(198, 'admin', '2015-09-11 05:09:16', '1', 'admin is logged'),
(199, 'admin', '2015-09-14 12:09:18', '1', 'admin is logged'),
(200, 'AGUNGPAMBUDI', '2015-09-15 11:09:17', '1', 'AGUNGPAMBUDI is logged'),
(201, 'admin', '2015-09-15 11:09:47', '1', 'admin is logged'),
(202, 'AGUNGPAMBUDI', '2015-09-15 11:09:12', '1', 'AGUNGPAMBUDI is logged'),
(203, 'admin', '2015-09-15 11:09:26', '1', 'admin is logged'),
(204, 'AGUNGPAMBUDI', '2015-09-15 11:09:30', '1', 'AGUNGPAMBUDI is logged'),
(205, 'admin', '2015-09-15 12:09:21', '1', 'admin is logged'),
(206, 'AGUNGPAMBUDI', '2015-09-15 12:09:55', '1', 'AGUNGPAMBUDI is logged'),
(207, 'admin', '2015-09-15 12:09:33', '1', 'admin is logged'),
(208, 'admin', '2015-09-16 08:09:51', '1', 'admin is logged'),
(209, 'AGUNGPAMBUDI', '2015-09-16 09:09:34', '1', 'AGUNGPAMBUDI is logged'),
(210, 'admin', '2015-09-17 07:09:58', '1', 'admin is logged'),
(211, 'admin', '2015-09-22 09:09:53', '1', 'admin is logged'),
(212, 'admin', '2015-09-29 06:09:48', '1', 'admin is logged'),
(213, 'admin', '2015-10-01 09:10:03', '1', 'admin is logged'),
(214, 'admin', '2015-10-02 11:10:37', '1', 'admin is logged'),
(215, 'admin', '2015-10-06 07:10:51', '1', 'admin is logged'),
(216, 'admin', '2015-10-15 09:10:12', '1', 'admin is logged'),
(217, 'admin', '2015-10-16 09:10:00', '1', 'admin is logged'),
(218, 'admin', '2015-10-17 14:10:16', '1', 'admin is logged'),
(219, 'admin', '2015-10-17 17:10:05', '1', 'admin is logged'),
(220, 'admin', '2015-10-26 04:10:48', '1', 'admin is logged'),
(221, 'admin', '2015-11-09 05:11:15', '1', 'admin is logged'),
(222, 'admin', '2015-11-09 08:11:32', '1', 'admin is logged'),
(223, 'admin', '2015-11-09 10:11:55', '1', 'admin is logged'),
(224, 'admin', '2015-11-10 04:11:41', '1', 'admin is logged'),
(225, 'admin', '2015-11-10 06:11:14', '1', 'admin is logged'),
(226, 'admin', '2015-12-17 08:12:30', '1', 'admin is logged'),
(227, 'admin', '2015-12-17 08:12:27', '1', 'admin is logged'),
(228, 'admin', '2015-12-18 05:12:26', '1', 'admin is logged'),
(229, 'admin', '2015-12-21 05:12:55', '1', 'admin is logged'),
(230, 'admin', '2015-12-21 08:12:36', '1', 'admin is logged'),
(231, 'admin', '2015-12-28 05:12:44', '1', 'admin is logged'),
(232, 'admin', '2015-12-28 10:12:22', '1', 'admin is logged'),
(233, 'admin', '2016-01-04 05:01:10', '1', 'admin is logged'),
(234, 'admin', '2016-02-03 05:02:16', '1', 'admin is logged'),
(235, 'admin', '2016-02-03 12:02:53', '1', 'admin is logged'),
(236, 'admin', '2016-02-03 12:02:51', '1', 'admin is logged'),
(237, 'admin', '2016-02-04 09:02:18', '1', 'admin is logged'),
(238, 'admin', '2016-02-09 04:02:51', '1', 'admin is logged'),
(239, 'admin', '2016-02-18 09:02:56', '1', 'admin is logged'),
(240, 'admin', '2016-02-18 12:02:21', '1', 'admin is logged'),
(241, 'admin', '2016-02-19 03:02:05', '1', 'admin is logged'),
(242, 'admin', '2016-02-19 07:02:23', '1', 'admin is logged'),
(243, 'admin', '2016-02-19 07:02:29', '1', 'admin is logged'),
(244, 'admin', '2016-02-22 07:02:52', '1', 'admin is logged'),
(245, 'admin', '2016-02-26 04:02:37', '1', 'admin is logged'),
(246, 'admin', '2016-02-26 05:02:30', '1', 'admin is logged'),
(247, 'admin', '2016-02-26 05:02:48', '1', 'admin is logged'),
(248, 'admin', '2016-02-26 08:02:35', '1', 'admin is logged'),
(249, 'andi', '2016-02-26 09:02:21', '1', 'andi is logged'),
(250, 'admin', '2016-02-26 09:02:28', '1', 'admin is logged'),
(251, 'maxieagusta', '2016-03-03 08:03:32', '1', 'maxieagusta is logged'),
(252, 'admin', '2016-03-03 09:03:51', '1', 'admin is logged'),
(253, 'maxieagusta', '2016-03-03 09:03:08', '1', 'maxieagusta is logged'),
(254, 'andi', '2016-03-03 11:03:21', '1', 'andi is logged'),
(255, 'maxieagusta', '2016-03-03 11:03:51', '1', 'maxieagusta is logged'),
(256, 'admin', '2016-03-04 02:03:43', '1', 'admin is logged'),
(257, 'admin', '2016-03-16 14:03:48', '1', 'admin is logged'),
(258, 'admin', '2016-03-24 05:03:49', '1', 'admin is logged'),
(259, 'admin', '2016-04-27 15:04:34', '1', 'admin is logged'),
(260, 'admin', '2016-04-28 12:04:37', '1', 'admin is logged'),
(261, 'admin', '2016-05-16 04:05:42', '1', 'admin is logged'),
(262, 'admin', '2016-05-20 06:05:20', '1', 'admin is logged'),
(263, 'persediaan0503', '2016-05-20 06:05:17', '1', 'persediaan0503 is logged'),
(264, 'persediaan1001', '2016-05-20 06:05:59', '1', 'persediaan1001 is logged'),
(265, 'persediaan0501', '2016-05-20 06:05:16', '1', 'persediaan0501 is logged'),
(266, 'persediaan0502', '2016-05-20 06:05:47', '1', 'persediaan0502 is logged'),
(267, 'admin', '2016-06-06 07:06:58', '1', 'admin is logged'),
(268, 'admin', '2016-06-08 11:06:17', '1', 'admin is logged'),
(269, 'admin', '2016-07-12 07:07:46', '1', 'admin is logged'),
(270, 'admin', '2016-07-12 07:07:30', '1', 'admin is logged'),
(271, 'admin', '2016-07-13 10:07:31', '1', 'admin is logged'),
(272, 'admin', '2016-07-13 10:07:40', '1', 'admin is logged'),
(273, 'admin', '2016-07-18 09:07:29', '1', 'admin is logged'),
(274, 'admin', '2016-09-07 08:09:07', '1', 'admin is logged'),
(275, 'admin', '2016-09-27 11:09:19', '1', 'admin is logged'),
(276, 'admin', '2016-10-05 06:10:46', '1', 'admin is logged'),
(277, 'admin', '2016-10-24 06:10:32', '1', 'admin is logged'),
(278, 'admin', '2016-10-26 06:10:52', '1', 'admin is logged'),
(279, 'admin', '2016-10-26 11:10:16', '1', 'admin is logged'),
(280, 'admin', '2016-11-17 04:11:50', '1', 'admin is logged'),
(281, 'persediaan0501', '2016-11-17 04:11:07', '1', 'persediaan0501 is logged'),
(282, 'admin', '2016-11-17 04:11:58', '1', 'admin is logged'),
(283, 'persediaan0501', '2016-11-17 04:11:04', '1', 'persediaan0501 is logged'),
(284, 'admin', '2016-11-17 04:11:44', '1', 'admin is logged'),
(285, 'admin', '2016-11-22 08:11:54', '1', 'admin is logged'),
(286, 'admin', '2017-01-03 10:01:29', '1', 'admin is logged'),
(287, 'admin', '2017-01-04 04:01:28', '1', 'admin is logged'),
(288, 'admin', '2017-01-09 06:01:13', '1', 'admin is logged'),
(289, 'admin', '2017-01-19 04:01:38', '1', 'admin is logged'),
(290, 'admin', '2017-07-05 08:07:46', '1', 'admin is logged'),
(291, 'admin', '2017-07-05 08:07:34', '1', 'admin is logged'),
(292, 'admin', '2017-07-05 08:07:45', '1', 'admin is logged'),
(293, 'admin', '2017-07-11 06:07:01', '1', 'admin is logged'),
(294, 'admin', '2017-08-29 09:08:39', '1', 'admin is logged'),
(295, 'admin', '2017-09-06 10:09:17', '1', 'admin is logged'),
(296, 'admin', '2017-09-06 11:09:40', '1', 'admin is logged'),
(297, 'admin', '2017-09-11 09:09:33', '1', 'admin is logged'),
(298, 'admin', '2017-09-22 06:09:34', '1', 'admin is logged'),
(299, 'admin', '2017-09-22 06:09:14', '1', 'admin is logged'),
(300, 'admin', '2017-09-22 06:09:22', '1', 'admin is logged'),
(301, 'admin', '2017-09-22 06:09:07', '1', 'admin is logged'),
(302, 'admin', '2017-09-25 04:09:42', '1', 'admin is logged'),
(303, 'admin', '2017-09-27 03:09:06', '1', 'admin is logged'),
(304, 'admin', '2017-09-28 10:09:05', '1', 'admin is logged'),
(305, 'admin', '2017-09-28 10:09:26', '1', 'admin is logged'),
(306, 'admin', '2017-10-09 09:10:51', '1', 'admin is logged'),
(307, 'admin', '2017-10-11 04:10:57', '1', 'admin is logged'),
(308, 'admin', '2017-10-11 05:10:19', '1', 'admin is logged'),
(309, 'admin', '2017-10-23 09:10:14', '1', 'admin is logged'),
(310, 'admin', '2017-10-23 09:10:14', '1', 'admin is logged'),
(311, 'admin', '2017-10-30 04:10:02', '1', 'admin is logged'),
(312, 'admin', '2017-10-31 04:10:57', '1', 'admin is logged'),
(313, 'admin', '2017-11-01 04:11:49', '1', 'admin is logged'),
(314, 'admin', '2017-11-01 10:11:47', '1', 'admin is logged'),
(315, 'admin', '2017-11-01 10:11:33', '1', 'admin is logged'),
(316, 'admin', '2017-11-01 10:11:59', '1', 'admin is logged'),
(317, 'admin', '2017-11-03 03:11:25', '1', 'admin is logged'),
(318, 'admin', '2017-11-03 04:11:05', '1', 'admin is logged'),
(319, 'admin', '2017-11-14 07:11:01', '1', 'admin is logged'),
(320, 'admin', '2017-11-16 09:11:46', '1', 'admin is logged'),
(321, 'admin', '2018-01-11 03:01:59', '1', 'admin is logged'),
(322, 'admin', '2018-01-11 03:01:18', '1', 'admin is logged'),
(323, 'admin', '2018-01-30 06:01:12', '1', 'admin is logged'),
(324, 'admin', '2018-02-01 09:02:05', '1', 'admin is logged'),
(325, 'admiN', '2018-02-02 06:02:02', '1', 'admiN is logged'),
(326, 'admin', '2018-02-06 05:02:28', '1', 'admin is logged'),
(327, 'admin', '2018-02-12 06:02:54', '1', 'admin is logged'),
(328, 'admin', '2018-02-12 07:02:32', '1', 'admin is logged'),
(329, 'admin', '2018-02-13 01:02:21', '1', 'admin is logged'),
(330, 'admin', '2018-02-14 07:02:17', '1', 'admin is logged'),
(331, 'admin', '2018-02-15 01:02:33', '1', 'admin is logged'),
(332, 'admin', '2018-02-15 05:02:39', '1', 'admin is logged'),
(333, 'admin', '2018-02-15 06:02:37', '1', 'admin is logged'),
(334, 'sisfo', '2018-02-20 05:02:47', '1', 'sisfo is logged'),
(335, 'admin', '2018-02-21 02:02:39', '1', 'admin is logged'),
(336, 'sisfo', '2018-02-22 02:02:08', '1', 'sisfo is logged'),
(337, 'admin', '2018-02-26 01:02:10', '1', 'admin is logged'),
(338, 'admin', '2018-02-26 04:02:50', '1', 'admin is logged'),
(339, 'admin', '2018-02-27 04:02:36', '1', 'admin is logged'),
(340, 'admin', '2018-02-27 13:02:03', '1', 'admin is logged'),
(341, 'admin', '2018-02-28 05:02:21', '1', 'admin is logged'),
(342, 'admin', '2018-03-06 04:03:24', '1', 'admin is logged'),
(343, 'admin', '2018-03-06 05:03:11', '1', 'admin is logged'),
(344, 'admin', '2018-04-03 05:04:09', '1', 'admin is logged'),
(345, 'admin', '2018-04-04 07:04:01', '1', 'admin is logged'),
(346, 'admin', '2018-04-12 05:04:28', '1', 'admin is logged'),
(347, 'admin', '2018-04-26 08:04:23', '1', 'admin is logged'),
(348, 'admin', '2018-04-27 09:04:13', '1', 'admin is logged'),
(349, 'admin', '2018-05-02 07:05:41', '1', 'admin is logged'),
(350, 'admin', '2018-05-08 03:05:37', '1', 'admin is logged'),
(351, 'admin', '2018-05-11 06:05:08', '1', 'admin is logged'),
(352, 'admin', '2018-05-11 06:05:22', '1', 'admin is logged'),
(353, 'admin', '2018-05-11 06:05:25', '1', 'admin is logged'),
(354, 'admin', '2018-05-11 08:05:58', '1', 'admin is logged'),
(355, 'admin', '2018-05-14 03:05:13', '1', 'admin is logged'),
(356, 'admin', '2018-05-14 03:05:52', '1', 'admin is logged'),
(357, 'admin', '2018-05-14 08:05:33', '1', 'admin is logged'),
(358, 'admin', '2018-05-14 12:05:10', '1', 'admin is logged'),
(359, 'admin', '2018-05-14 15:05:29', '1', 'admin is logged'),
(360, 'admin', '2018-05-15 06:05:26', '1', 'admin is logged'),
(361, 'admin', '2018-05-16 05:05:28', '1', 'admin is logged'),
(362, 'admin', '2018-05-16 08:05:37', '1', 'admin is logged'),
(363, 'admin', '2018-05-17 04:05:28', '1', 'admin is logged'),
(364, 'admin', '2018-05-17 06:05:22', '1', 'admin is logged'),
(365, 'admin', '2018-05-17 06:05:00', '1', 'admin is logged'),
(366, 'admin', '2018-05-17 07:05:33', '1', 'admin is logged'),
(367, 'admin', '2018-05-24 04:05:58', '1', 'admin is logged'),
(368, 'admin', '2018-07-12 04:07:11', '1', 'admin is logged'),
(369, 'admin', '2018-07-12 05:07:17', '1', 'admin is logged'),
(370, 'admin', '2018-07-16 06:07:17', '1', 'admin is logged'),
(371, 'admin', '2018-07-18 12:07:21', '1', 'admin is logged'),
(372, 'admin', '2018-07-24 09:07:21', '1', 'admin is logged'),
(373, 'admin', '2018-07-25 08:07:09', '1', 'admin is logged'),
(374, 'admin', '2018-07-26 03:07:36', '1', 'admin is logged'),
(375, 'admin', '2018-07-31 07:07:57', '1', 'admin is logged'),
(376, 'admin', '2018-08-01 04:08:41', '1', 'admin is logged'),
(377, 'admin', '2018-08-02 04:08:59', '1', 'admin is logged'),
(378, 'admin', '2018-09-03 05:09:12', '1', 'admin is logged'),
(379, 'sisfo', '2018-09-27 07:09:08', '1', 'sisfo is logged'),
(380, 'sisfo', '2018-09-27 07:09:03', '1', 'sisfo is logged'),
(381, 'sisfo', '2018-09-27 08:09:32', '1', 'sisfo is logged'),
(382, 'sisfo', '2018-09-27 08:09:38', '1', 'sisfo is logged'),
(383, 'admin', '2018-10-03 04:10:40', '1', 'admin is logged'),
(384, 'admin', '2018-10-31 08:10:03', '1', 'admin is logged'),
(385, 'admin', '2018-10-31 08:10:16', '1', 'admin is logged'),
(386, 'admin', '2018-11-14 04:11:33', '1', 'admin is logged'),
(387, 'admin', '2018-12-03 12:12:46', '1', 'admin is logged'),
(388, 'admin', '2018-12-03 12:12:49', '1', 'admin is logged'),
(389, 'admin', '2018-12-03 12:12:49', '1', 'admin is logged'),
(390, 'admin', '2018-12-05 09:12:40', '1', 'admin is logged'),
(391, 'admin', '2018-12-05 09:12:41', '1', 'admin is logged'),
(392, 'admin', '2018-12-05 11:12:10', '1', 'admin is logged'),
(393, 'admin', '2018-12-07 09:12:48', '1', 'admin is logged'),
(394, 'sisfo', '2018-12-10 05:12:50', '1', 'sisfo is logged'),
(395, 'admin', '2018-12-10 07:12:11', '1', 'admin is logged'),
(396, 'sisfo', '2018-12-12 06:12:36', '1', 'sisfo is logged'),
(397, 'admin', '2018-12-17 03:12:13', '1', 'admin is logged'),
(398, 'admin', '2018-12-21 04:12:52', '1', 'admin is logged'),
(399, 'admin', '2019-01-02 03:01:00', '1', 'admin is logged'),
(400, 'admin', '2019-01-15 03:01:47', '1', 'admin is logged'),
(401, 'admin', '2019-01-15 06:01:19', '1', 'admin is logged'),
(402, 'admin', '2019-01-15 07:01:23', '1', 'admin is logged'),
(403, 'admin', '2019-01-15 07:01:38', '1', 'admin is logged'),
(404, 'admin', '2019-01-16 02:01:44', '1', 'admin is logged'),
(405, 'admin', '2019-01-16 04:01:17', '1', 'admin is logged'),
(406, 'admin', '2019-01-17 07:01:16', '1', 'admin is logged'),
(407, 'admin', '2019-01-21 05:01:30', '1', 'admin is logged'),
(408, 'admin', '2019-02-06 05:02:16', '1', 'admin is logged'),
(409, 'admin', '2019-02-12 09:02:39', '1', 'admin is logged'),
(410, 'admin', '2019-02-13 05:02:53', '1', 'admin is logged'),
(411, 'admin', '2019-02-13 08:02:04', '1', 'admin is logged'),
(412, 'admin', '2019-02-13 08:02:07', '1', 'admin is logged'),
(413, 'admin', '2019-02-14 09:02:02', '1', 'admin is logged'),
(414, 'admin', '2019-02-15 04:02:06', '1', 'admin is logged'),
(415, 'admin', '2019-02-15 09:02:21', '1', 'admin is logged'),
(416, 'admin', '2019-02-15 10:02:38', '1', 'admin is logged'),
(417, 'admin', '2019-02-18 04:02:08', '1', 'admin is logged'),
(418, 'admin', '2019-02-18 10:02:05', '1', 'admin is logged'),
(419, 'admin', '2019-02-20 08:02:44', '1', 'admin is logged'),
(420, 'admin', '2019-02-25 10:02:50', '1', 'admin is logged'),
(421, 'admin', '2019-02-27 05:02:46', '1', 'admin is logged'),
(422, 'admin', '2019-02-27 05:02:48', '1', 'admin is logged'),
(423, 'admin', '2019-03-15 09:03:22', '1', 'admin is logged'),
(424, 'admin', '2019-04-08 03:04:16', '1', 'admin is logged'),
(425, 'admin', '2019-04-09 04:04:24', '1', 'admin is logged'),
(426, 'admin', '2019-04-15 08:04:33', '1', 'admin is logged'),
(427, 'admin', '2019-04-15 09:04:30', '1', 'admin is logged'),
(428, 'admin', '2019-04-29 04:04:54', '1', 'admin is logged'),
(429, 'admin', '2019-05-02 02:05:25', '1', 'admin is logged'),
(430, 'admin', '2019-05-06 04:05:15', '1', 'admin is logged'),
(431, 'admin', '2019-07-08 04:07:53', '1', 'admin is logged'),
(432, 'admin', '2019-07-12 05:07:40', '1', 'admin is logged'),
(433, 'admin', '2019-07-23 03:07:43', '1', 'admin is logged'),
(434, 'admin', '2019-08-12 05:08:49', '1', 'admin is logged'),
(435, 'admin', '2019-08-13 07:08:28', '1', 'admin is logged'),
(436, 'admin', '2019-08-28 09:08:41', '1', 'admin is logged'),
(437, 'admin', '2019-08-29 04:08:00', '1', 'admin is logged'),
(438, 'admin', '2019-08-29 04:08:02', '1', 'admin is logged'),
(439, 'admin', '2019-09-11 08:09:14', '1', 'admin is logged'),
(440, 'admin', '2019-09-24 10:09:01', '1', 'admin is logged'),
(441, 'admin', '2019-10-02 06:10:53', '1', 'admin is logged'),
(442, 'admin', '2019-10-23 03:10:14', '1', 'admin is logged'),
(443, 'admin', '2019-10-25 06:10:41', '1', 'admin is logged'),
(444, 'admin', '2019-10-31 08:10:03', '1', 'admin is logged'),
(445, 'admin', '2019-11-07 04:11:24', '1', 'admin is logged'),
(446, 'admin', '2019-11-15 01:11:07', '1', 'admin is logged'),
(447, 'admin', '2019-11-15 01:11:08', '1', 'admin is logged'),
(448, 'admin', '2019-11-15 01:11:26', '1', 'admin is logged'),
(449, 'admin', '2019-12-10 04:12:02', '1', 'admin is logged'),
(450, 'admin', '2020-01-06 06:01:36', '1', 'admin is logged'),
(451, 'admin', '2020-01-15 03:01:46', '1', 'admin is logged');

-- --------------------------------------------------------

--
-- Struktur dari tabel `secgroup`
--

CREATE TABLE `secgroup` (
  `gid` int(11) NOT NULL COMMENT 'ID group',
  `oid` int(11) NOT NULL COMMENT 'ID organisasi',
  `created` datetime DEFAULT NULL,
  `createdby` varchar(50) DEFAULT NULL,
  `modified` datetime DEFAULT NULL,
  `modifiedby` varchar(50) DEFAULT NULL,
  `gname` varchar(50) NOT NULL COMMENT 'Nama grup',
  `genable` decimal(1,0) DEFAULT '1' COMMENT 'Apakah aktif?'
) ENGINE=InnoDB DEFAULT CHARSET=utf8;

--
-- Dumping data untuk tabel `secgroup`
--

INSERT INTO `secgroup` (`gid`, `oid`, `created`, `createdby`, `modified`, `modifiedby`, `gname`, `genable`) VALUES
(3, 1, '2012-08-20 01:49:08', '0', '2014-10-21 11:53:19', 'admin', 'System Administrator', '1'),
(7, 1, '2012-08-29 04:32:22', 'admin', NULL, NULL, 'Pengguna', '1'),
(8, 1, '2014-10-21 11:53:33', 'admin', '2014-10-21 11:53:33', 'admin', 'Operator', '1'),
(9, 1, '2016-11-17 10:50:15', 'admin', '2016-11-17 10:50:15', 'admin', 'Operator Persediaan', '1');

-- --------------------------------------------------------

--
-- Struktur dari tabel `secmenu`
--

CREATE TABLE `secmenu` (
  `mid` int(11) NOT NULL COMMENT 'ID menu',
  `mparentid` int(11) DEFAULT NULL COMMENT 'ID menu',
  `created` datetime DEFAULT NULL,
  `createdby` varchar(50) DEFAULT NULL,
  `modified` datetime DEFAULT NULL,
  `modifiedby` varchar(50) DEFAULT NULL,
  `mdesc` text COMMENT 'Deskripsi servis',
  `menable` decimal(1,0) DEFAULT '1' COMMENT 'Apakah aktif?',
  `mname` varchar(50) DEFAULT NULL COMMENT 'Nama menu',
  `mseq` decimal(3,0) DEFAULT '0' COMMENT 'Urutan menu',
  `muri` varchar(200) DEFAULT NULL COMMENT 'URL menu',
  `mshow` decimal(1,0) DEFAULT '0' COMMENT 'Apakah menu ditampilkan?',
  `mpass` decimal(1,0) DEFAULT '0' COMMENT 'Apakah menu dapat di bypass?',
  `mtype` decimal(1,0) DEFAULT '0' COMMENT 'Tipe:\n            - Page\n            - Service'
) ENGINE=InnoDB DEFAULT CHARSET=utf8;

--
-- Dumping data untuk tabel `secmenu`
--

INSERT INTO `secmenu` (`mid`, `mparentid`, `created`, `createdby`, `modified`, `modifiedby`, `mdesc`, `menable`, `mname`, `mseq`, `muri`, `mshow`, `mpass`, `mtype`) VALUES
(1, NULL, '2012-04-26 10:15:09', 'system', '2012-09-07 11:19:28', 'admin', NULL, '1', 'Pengaturan Keamanan', '1', NULL, '1', '0', '0'),
(49, NULL, '2012-05-20 10:43:25', NULL, '2012-05-20 10:43:25', '0', NULL, '1', NULL, '0', 'secman/menu/get_services', '0', '0', '1'),
(56, NULL, '2012-05-21 02:05:58', NULL, '2012-08-23 09:44:41', '0', NULL, '1', NULL, '0', 'secman/menu/get_data', '0', '0', '1'),
(57, NULL, '2012-05-21 03:04:22', NULL, '2012-05-21 05:20:00', NULL, NULL, '1', NULL, '0', 'secman/menu/post', '0', '0', '1'),
(60, NULL, '2012-05-21 05:21:38', NULL, '2012-06-09 09:09:37', NULL, NULL, '1', NULL, '0', 'secman/menu/get_subdata', '0', '0', '1'),
(61, 1, '2012-05-21 05:26:06', NULL, '2012-08-30 22:56:55', 'admin', NULL, '1', 'Pengaturan Menu', '1', 'secman/menu/index', '1', '0', '0'),
(62, 1, '2012-05-21 05:26:54', NULL, '2012-08-30 22:56:30', 'admin', NULL, '1', 'Pengaturan Pengguna', '3', 'secman/user/index', '1', '0', '0'),
(63, 1, '2012-05-21 05:27:17', NULL, '2012-08-29 04:37:59', 'admin', NULL, '1', 'Pengaturan Grup', '0', 'secman/group/index', '1', '0', '0'),
(64, NULL, '2012-05-21 05:37:50', NULL, '2012-05-27 05:44:24', NULL, NULL, '1', NULL, '0', 'secman/menu/select', '0', '0', '1'),
(66, NULL, '2012-05-21 05:40:42', NULL, '2012-09-06 05:56:55', 'admin', NULL, '1', NULL, '0', 'secman/menu/moveto', '0', '0', '1'),
(67, NULL, '2012-05-22 18:25:51', NULL, '2012-05-23 17:16:21', NULL, NULL, '1', NULL, '0', 'secman/group/get_data', '0', '0', '1'),
(68, NULL, '2012-05-22 19:15:13', NULL, '2012-06-09 09:04:31', NULL, NULL, '1', NULL, '0', 'secman/group/get_subdata', '0', '0', '1'),
(69, NULL, '2012-05-22 19:18:57', NULL, NULL, NULL, NULL, '1', NULL, '0', 'secman/group/post', '0', '0', '1'),
(71, NULL, '2012-05-22 21:05:38', NULL, '2012-05-27 05:35:09', NULL, NULL, '1', NULL, '0', 'secman/organization/select', '0', '0', '1'),
(73, NULL, '2012-05-23 10:11:40', NULL, NULL, NULL, NULL, '1', NULL, '0', 'secman/group/subpost', '0', '0', '1'),
(75, NULL, '2012-05-24 06:10:54', NULL, '2012-08-24 08:45:33', '0', NULL, '1', NULL, '0', 'secman/organization/get_data', '0', '0', '1'),
(76, 1, '2012-05-24 06:11:51', NULL, '2012-09-07 11:18:55', 'admin', NULL, '1', 'Pengaturan Organisasi', '2', 'secman/organization/index', '1', '0', '0'),
(77, NULL, '2012-05-26 16:47:30', NULL, NULL, NULL, NULL, '1', NULL, '0', 'secman/organization/post', '0', '0', '1'),
(78, NULL, '2012-05-27 05:19:02', NULL, NULL, NULL, NULL, '1', NULL, '0', 'secman/user/get_data', '0', '0', '1'),
(79, NULL, '2012-05-27 05:19:11', NULL, NULL, NULL, NULL, '1', NULL, '0', 'secman/user/post', '0', '0', '1'),
(80, NULL, '2012-05-27 05:45:38', NULL, '2012-05-27 07:36:59', NULL, NULL, '1', NULL, '0', 'secman/menu/select_available', '0', '0', '1'),
(81, NULL, '2012-05-27 06:28:20', NULL, NULL, NULL, NULL, '1', NULL, '0', 'secman/user/get_subdata', '0', '0', '1'),
(82, NULL, '2012-05-27 06:38:15', NULL, '2012-05-27 07:30:32', NULL, NULL, '1', NULL, '0', 'secman/group/select', '0', '0', '1'),
(83, NULL, '2012-05-27 07:29:05', NULL, NULL, NULL, NULL, '1', NULL, '0', 'secman/group/select_available', '0', '0', '1'),
(84, NULL, '2012-05-27 08:04:25', NULL, NULL, NULL, NULL, '1', NULL, '0', 'secman/user/subpost', '0', '0', '1'),
(85, NULL, '2012-08-29 04:30:42', 'admin', '2012-09-07 11:19:22', 'admin', NULL, '1', 'Home', '0', NULL, '1', '0', '0'),
(86, 85, '2012-08-29 04:31:04', 'admin', '2012-08-30 23:44:10', 'admin', NULL, '1', 'Meja Kerja', '0', 'welcome/dashboard', '1', '0', '0'),
(87, 85, '2012-08-29 04:34:46', 'admin', '2013-09-12 20:36:13', 'admin', NULL, '1', 'Logout', '99', 'secman/authentication/logout', '1', '0', '0'),
(88, 85, '2013-09-12 20:34:33', 'admin', '2013-09-12 21:04:32', 'admin', NULL, '1', 'Ubah Password', '1', 'secman/user/change_password', '1', '0', '0'),
(99, NULL, '2013-09-12 22:30:24', 'admin', NULL, NULL, NULL, '1', NULL, '0', 'secman/user/change_password_action', '0', '0', '1'),
(100, 85, '2013-09-12 23:06:38', 'admin', '2013-09-12 23:07:43', 'admin', NULL, '1', 'Profil', '2', 'secman/user/profile', '0', '0', '0'),
(101, NULL, '2014-10-21 11:52:22', 'admin', '2014-10-21 11:52:22', 'admin', NULL, '0', 'Aplikasi', '0', NULL, '1', '0', '0'),
(102, 101, '2014-10-21 11:52:54', 'admin', '2017-09-11 14:59:32', 'admin', NULL, '1', 'Peta Aset', '1', 'aset/index', '0', '0', '0'),
(103, NULL, '2014-10-21 11:54:20', 'admin', '2014-10-21 11:54:20', 'admin', NULL, '1', NULL, '0', 'aset/simpan', '0', '0', '1'),
(104, NULL, '2014-10-21 11:54:25', 'admin', '2014-10-21 11:54:25', 'admin', NULL, '1', NULL, '0', 'aset/tampilkan', '0', '0', '1'),
(105, NULL, '2014-10-21 11:54:32', 'admin', '2014-10-21 11:54:32', 'admin', NULL, '1', NULL, '0', 'aset/cari', '0', '0', '1'),
(106, NULL, '2014-10-21 11:54:37', 'admin', '2014-10-21 11:54:37', 'admin', NULL, '1', NULL, '0', 'aset/hapus', '0', '0', '1'),
(107, NULL, '2014-10-21 11:54:43', 'admin', '2014-10-21 11:54:43', 'admin', NULL, '1', NULL, '0', 'aset/ubah', '0', '0', '1'),
(108, NULL, '2014-10-21 11:54:49', 'admin', '2014-10-21 11:54:49', 'admin', NULL, '1', NULL, '0', 'aset/get', '0', '0', '1'),
(109, NULL, '2014-10-23 10:08:53', 'admin', '2014-10-23 10:08:53', 'admin', NULL, '1', NULL, '0', 'aset/temukan', '0', '0', '1'),
(110, 101, '2014-10-29 11:49:58', 'admin', '2017-09-11 14:59:01', 'admin', NULL, '1', 'Daftar Kantor', '0', 'aset/kantor', '0', '0', '0'),
(111, NULL, '2014-11-04 13:27:24', 'admin', '2014-11-04 13:27:24', 'admin', NULL, '1', NULL, '0', 'aset/tampilkan_kantor', '0', '0', '1'),
(112, NULL, '2014-11-04 13:29:05', 'admin', '2014-11-04 13:29:05', 'admin', NULL, '1', NULL, '0', 'aset/tampilkan_skpd', '0', '0', '1'),
(113, NULL, '2014-11-10 17:10:06', 'admin', '2014-11-10 17:10:06', 'admin', NULL, '1', NULL, '0', 'aset/list_skpd', '0', '0', '1'),
(114, NULL, '2014-11-27 11:57:49', 'admin', '2014-11-27 11:57:49', 'admin', NULL, '1', NULL, '0', 'aset/upload_foto', '0', '0', '1'),
(115, NULL, '2014-12-18 16:00:54', 'admin', '2014-12-18 16:00:54', 'admin', NULL, '1', NULL, '0', 'aset/penerimaan', '0', '0', '1'),
(116, 101, '2014-12-26 17:21:35', 'admin', '2017-09-11 14:57:43', 'admin', NULL, '1', 'Daftar Pengadaan', '10', 'pengadaan/index', '0', '0', '0'),
(117, 101, '2014-12-28 20:39:51', 'admin', '2017-09-11 14:58:42', 'admin', NULL, '1', 'Daftar SPK', '11', 'spk/index', '0', '0', '0'),
(118, NULL, '2014-12-28 20:42:26', 'admin', '2014-12-28 20:42:26', 'admin', NULL, '1', NULL, '0', 'aset/list_sub_skpd', '0', '0', '1'),
(119, 101, '2014-12-29 01:56:36', 'admin', '2017-09-11 14:59:16', 'admin', NULL, '1', 'Hitung Susut', '2', 'aset/hitung_susut', '1', '0', '0'),
(120, NULL, '2014-12-29 01:57:42', 'admin', '2014-12-29 01:57:42', 'admin', NULL, '1', NULL, '0', 'aset/susutkan', '0', '0', '1'),
(121, 101, '2014-12-29 19:37:31', 'admin', '2017-09-11 14:58:49', 'admin', NULL, '1', 'Form SPK', '12', 'spk/form', '0', '0', '0'),
(122, NULL, '2014-12-29 20:25:08', 'admin', '2014-12-29 20:25:08', 'admin', NULL, '1', NULL, '0', 'spk/pencarian', '0', '0', '1'),
(123, NULL, '2014-12-29 20:57:34', 'admin', '2014-12-29 20:57:34', 'admin', NULL, '1', NULL, '0', 'spk/delete', '0', '0', '1'),
(124, 101, '2014-12-30 06:21:29', 'admin', '2017-09-11 14:57:53', 'admin', NULL, '1', 'Form Pengadaan', '11', 'pengadaan/form', '0', '0', '0'),
(125, NULL, '2015-01-13 10:57:09', 'admin', '2015-01-13 10:57:09', 'admin', NULL, '1', NULL, '0', 'pengadaan/auto_skpd', '0', '0', '1'),
(126, NULL, '2015-01-15 11:38:29', 'admin', '2015-01-15 11:38:29', 'admin', NULL, '1', NULL, '0', 'pengadaan/auto_kegiatan', '0', '0', '1'),
(127, NULL, '2015-01-22 14:39:37', 'admin', '2015-01-22 14:39:37', 'admin', NULL, '1', NULL, '0', 'pengadaan/auto_spk', '0', '0', '1'),
(128, NULL, '2015-01-26 14:25:26', 'admin', '2015-01-26 14:25:26', 'admin', NULL, '1', NULL, '0', 'pengadaan/simpan', '0', '0', '1'),
(129, NULL, '2015-02-02 16:13:59', 'admin', '2015-02-02 16:13:59', 'admin', NULL, '1', NULL, '0', 'spk/get_list_kegiatan', '0', '0', '1'),
(130, NULL, '2015-02-02 16:35:19', 'admin', '2015-02-02 16:35:19', 'admin', NULL, '1', NULL, '0', 'spk/find_range_by_term', '0', '0', '1'),
(131, NULL, '2015-02-09 17:22:02', 'admin', '2015-02-09 17:22:02', 'admin', NULL, '1', NULL, '0', 'pengadaan/submit', '0', '0', '1'),
(132, NULL, '2015-03-12 16:28:15', 'admin', '2015-03-12 16:28:15', 'admin', NULL, '1', NULL, '0', 'pengadaan/submit_rincian_1b', '0', '0', '1'),
(133, NULL, '2015-03-13 14:53:07', 'admin', '2015-03-13 14:53:07', 'admin', NULL, '1', NULL, '0', 'pengadaan/submit_rincian_1c', '0', '0', '1'),
(134, NULL, '2015-03-18 15:03:11', 'admin', '2015-03-18 15:03:11', 'admin', NULL, '1', NULL, '0', 'pengadaan/submit_rincian_1d', '0', '0', '1'),
(135, NULL, '2015-03-18 15:03:27', 'admin', '2015-03-18 15:05:04', 'admin', NULL, '1', NULL, '0', 'pengadaan/submit_rincian_1e', '0', '0', '1'),
(136, NULL, '2015-03-18 16:44:55', 'admin', '2015-03-18 16:44:55', 'admin', NULL, '1', NULL, '0', 'pengadaan/submit_rincian_1f', '0', '0', '1'),
(137, NULL, '2015-03-19 15:24:00', 'admin', '2015-03-19 15:24:00', 'admin', NULL, '1', NULL, '0', 'pengadaan/submit_rincian_1g', '0', '0', '1'),
(138, NULL, '2015-03-19 15:24:17', 'admin', '2015-03-19 15:24:17', 'admin', NULL, '1', NULL, '0', 'pengadaan/submit_rincian_1h', '0', '0', '1'),
(140, NULL, '2015-03-19 15:24:46', 'admin', '2015-03-19 15:24:46', 'admin', NULL, '1', NULL, '0', 'pengadaan/submit_rincian_1i', '0', '0', '1'),
(141, NULL, '2015-03-19 15:24:58', 'admin', '2015-03-19 15:24:58', 'admin', NULL, '1', NULL, '0', 'pengadaan/submit_rincian_1j', '0', '0', '1'),
(142, NULL, '2015-03-25 11:42:45', 'admin', '2015-03-25 11:42:45', 'admin', NULL, '1', NULL, '0', 'pengadaan/submit_rincian_3a', '0', '0', '1'),
(143, NULL, '2015-03-25 11:43:14', 'admin', '2015-03-25 11:43:14', 'admin', NULL, '1', NULL, '0', 'pengadaan/submit_rincian_3b', '0', '0', '1'),
(144, NULL, '2015-03-25 11:43:26', 'admin', '2015-03-25 11:43:26', 'admin', NULL, '1', NULL, '0', 'pengadaan/submit_rincian_3c', '0', '0', '1'),
(145, NULL, '2015-03-25 16:24:12', 'admin', '2015-03-25 16:24:12', 'admin', NULL, '1', NULL, '0', 'pengadaan/submit_rincian_2a', '0', '0', '1'),
(146, NULL, '2015-03-25 16:24:24', 'admin', '2015-03-25 16:24:24', 'admin', NULL, '1', NULL, '0', 'pengadaan/submit_rincian_2b', '0', '0', '1'),
(147, NULL, '2015-03-25 16:24:35', 'admin', '2015-03-25 16:24:35', 'admin', NULL, '1', NULL, '0', 'pengadaan/submit_rincian_2c', '0', '0', '1'),
(148, NULL, '2015-04-02 14:57:04', 'admin', '2015-04-21 17:25:16', 'admin', NULL, '1', NULL, '0', 'pengadaan/pembayaran_spp', '0', '0', '1'),
(149, NULL, '2015-04-20 13:15:28', 'admin', '2015-04-20 13:15:28', 'admin', NULL, '1', NULL, '0', 'spk/submit', '0', '0', '1'),
(150, NULL, '2015-04-21 17:46:03', 'admin', '2015-04-21 17:46:03', 'admin', NULL, '1', NULL, '0', 'pengadaan/pembayaran_spm', '0', '0', '1'),
(151, NULL, '2015-04-21 17:46:15', 'admin', '2015-04-21 17:46:15', 'admin', NULL, '1', NULL, '0', 'pengadaan/pembayaran_sp2d', '0', '0', '1'),
(152, NULL, '2015-04-22 09:34:31', 'admin', '2015-04-22 09:34:31', 'admin', NULL, '1', NULL, '0', 'pengadaan/hapus', '0', '0', '1'),
(153, NULL, '2015-05-05 15:11:28', 'admin', '2015-05-05 15:11:28', 'admin', NULL, '1', NULL, '0', 'pengadaan/submit_pembayaran', '0', '0', '1'),
(154, NULL, '2015-05-05 15:11:43', 'admin', '2015-05-05 15:11:43', 'admin', NULL, '1', NULL, '0', 'pengadaan/pembayaran_spp_uraian', '0', '0', '1'),
(155, NULL, '2015-05-06 17:10:25', 'admin', '2015-05-06 17:15:09', 'admin', NULL, '1', NULL, '0', 'pengadaan/pembayaran_spm_rinc', '0', '0', '1'),
(156, NULL, '2015-05-07 16:58:11', 'admin', '2015-05-07 16:58:11', 'admin', NULL, '1', NULL, '0', 'pengadaan/pembayaran_spm_input', '0', '0', '1'),
(157, NULL, '2015-05-25 13:07:22', 'admin', '2015-05-25 13:07:22', 'admin', NULL, '1', NULL, '0', 'pengadaan/get_pembayaran', '0', '0', '1'),
(158, NULL, '2015-05-25 15:07:40', 'admin', '2015-05-25 15:07:40', 'admin', NULL, '1', NULL, '0', 'pengadaan/post', '0', '0', '1'),
(159, NULL, '2015-05-26 12:01:24', 'admin', '2015-05-26 12:01:24', 'admin', NULL, '1', NULL, '0', 'spk/hapus', '0', '0', '1'),
(160, NULL, '2015-06-16 16:17:21', 'admin', '2015-06-16 16:17:21', 'admin', NULL, '1', NULL, '0', 'pengadaan/get_uraian_belanja', '0', '0', '1'),
(161, NULL, '2015-08-07 15:00:53', 'admin', '2015-08-07 15:00:53', 'admin', NULL, '1', NULL, '0', 'aset/penyusutan', '0', '0', '1'),
(162, NULL, '2015-08-10 14:59:53', 'admin', '2015-08-10 14:59:53', 'admin', 'mencari aset untuk penyusutan', '1', NULL, '0', 'aset/get_aset', '0', '0', '1'),
(163, NULL, '2015-08-12 16:03:38', 'admin', '2015-08-12 16:03:38', 'admin', NULL, '1', NULL, '0', 'aset/get_susut_kibcd', '0', '0', '1'),
(164, NULL, '2015-08-12 16:04:05', 'admin', '2015-08-12 16:04:05', 'admin', NULL, '1', NULL, '0', 'aset/get_susut_kibb', '0', '0', '1'),
(165, NULL, '2015-08-21 15:27:50', 'admin', '2015-08-21 15:27:50', 'admin', NULL, '1', NULL, '0', 'spk/get_list_kegiatan_simda', '0', '0', '1'),
(166, NULL, '2015-09-04 16:17:51', 'admin', '2015-09-04 16:17:51', 'admin', NULL, '1', NULL, '0', 'aset/get_skpd_user', '0', '0', '1'),
(167, NULL, '2015-09-11 14:56:00', 'admin', '2015-09-11 14:56:00', 'admin', 'mencari kegiatan di simda untuk ditampilkan kembali ke dalam sistem simbada go (untuk kasus spk yang sudah disimpan di simbada).', '1', NULL, '0', 'spk/get_kegiatan_simda', '0', '0', '1'),
(168, NULL, '2015-10-02 16:43:42', 'admin', '2015-10-02 16:43:42', 'admin', NULL, '1', NULL, '0', 'pengadaan/submit_penambahan_nilai', '0', '0', '1'),
(169, NULL, '2015-10-17 22:41:50', 'admin', '2015-10-17 22:41:50', 'admin', NULL, '1', NULL, '0', 'aset/print_susut', '0', '0', '1'),
(170, NULL, '2015-11-26 17:33:42', 'admin', '2015-12-11 10:32:00', 'admin', NULL, '1', NULL, '0', 'aset/get_lra', '0', '0', '1'),
(171, NULL, '2015-12-02 12:21:30', 'admin', '2015-12-02 12:21:30', 'admin', NULL, '1', NULL, '0', 'dashboard/lra', '0', '0', '1'),
(172, NULL, '2015-12-02 12:23:58', 'admin', '2015-12-02 12:23:58', 'admin', NULL, '1', NULL, '0', 'aset/show_lra', '0', '0', '1'),
(173, NULL, '2015-12-11 13:05:01', 'admin', '2015-12-11 13:05:01', 'admin', NULL, '1', NULL, '0', 'aset/get_all_lra', '0', '0', '1'),
(174, NULL, '2015-12-18 14:53:57', 'admin', '2015-12-18 14:53:57', 'admin', NULL, '1', NULL, '0', 'aset/get_realisasi_tanah', '0', '0', '1'),
(175, NULL, '2015-12-18 19:48:21', 'admin', '2015-12-18 19:48:21', 'admin', NULL, '1', NULL, '0', 'aset/get_realisasi_barang', '0', '0', '1'),
(176, NULL, '2015-12-19 12:43:03', 'admin', '2015-12-19 12:43:03', 'admin', NULL, '1', NULL, '0', 'aset/get_realisasi_gedung', '0', '0', '1'),
(177, NULL, '2015-12-19 12:43:14', 'admin', '2015-12-19 12:43:14', 'admin', NULL, '1', NULL, '0', 'aset/get_realisasi_jalan', '0', '0', '1'),
(181, 101, '2015-12-21 12:13:28', 'admin', '2017-09-11 14:58:34', 'admin', NULL, '1', 'Dasbor', '15', 'aset/realisasi', '1', '0', '0'),
(182, NULL, '2015-12-21 13:12:25', 'admin', '2015-12-21 13:12:25', 'admin', NULL, '1', NULL, '0', 'aset/get_realisasi_lain', '0', '0', '1'),
(183, NULL, '2015-12-21 13:36:49', 'admin', '2015-12-21 13:36:49', 'admin', NULL, '1', NULL, '0', 'aset/get_realisasi_pegawai', '0', '0', '1'),
(184, NULL, '2015-12-21 13:36:58', 'admin', '2015-12-21 13:36:58', 'admin', NULL, '1', NULL, '0', 'aset/get_realisasi_modal', '0', '0', '1'),
(185, NULL, '2015-12-21 13:37:06', 'admin', '2015-12-21 13:37:06', 'admin', NULL, '1', NULL, '0', 'aset/get_realisasi_mesin', '0', '0', '1'),
(186, NULL, '2015-12-21 14:29:15', 'admin', '2015-12-21 14:29:15', 'admin', NULL, '1', NULL, '0', 'aset/get_realisasi_semua', '0', '0', '1'),
(187, NULL, '2015-12-28 17:16:31', 'admin', '2015-12-28 17:16:31', 'admin', NULL, '1', NULL, '0', 'aset/get_saldo_current', '0', '0', '1'),
(188, NULL, '2016-02-18 16:05:14', 'admin', '2016-02-25 10:03:38', 'admin', NULL, '1', NULL, '0', 'media/list_spk', '0', '0', '1'),
(189, NULL, '2016-02-18 16:05:30', 'admin', '2016-02-18 16:05:30', 'admin', NULL, '1', NULL, '0', 'media/view_spk', '0', '0', '1'),
(190, NULL, '2016-02-18 16:05:50', 'admin', '2016-02-18 16:05:50', 'admin', NULL, '1', NULL, '0', 'media/upload_spk', '0', '0', '1'),
(191, NULL, '2016-02-18 16:05:59', 'admin', '2016-02-18 16:05:59', 'admin', NULL, '1', NULL, '0', 'media/do_upload', '0', '0', '1'),
(192, 101, '2016-02-18 16:08:57', 'admin', '2017-09-11 14:58:20', 'admin', NULL, '0', 'Upload Media', '13', 'media/list_kegiatan', '0', '0', '0'),
(193, NULL, '2016-02-19 13:51:56', 'admin', '2016-02-19 13:51:56', 'admin', NULL, '1', NULL, '0', 'media/send_comment', '0', '0', '1'),
(194, NULL, '2016-02-22 14:23:38', 'admin', '2016-02-22 14:23:38', 'admin', NULL, '1', NULL, '0', 'media/add_spk', '0', '0', '1'),
(195, NULL, '2016-02-23 13:30:39', 'admin', '2016-02-23 13:30:39', 'admin', NULL, '1', NULL, '0', 'media/view_kegiatan', '0', '0', '1'),
(196, NULL, '2016-02-24 10:37:12', 'admin', '2016-02-24 10:37:12', 'admin', NULL, '1', NULL, '0', 'media/do_download', '0', '0', '1'),
(197, 101, '2016-02-24 12:59:17', 'admin', '2017-09-11 14:58:27', 'admin', NULL, '1', 'Upload Media Admin', '14', 'media/index', '1', '0', '0'),
(198, NULL, '2016-02-24 12:59:54', 'admin', '2016-02-24 12:59:54', 'admin', NULL, '1', NULL, '0', 'media/pencarian', '0', '0', '1'),
(199, NULL, '2016-02-25 13:55:17', 'admin', '2016-02-25 13:55:17', 'admin', NULL, '1', NULL, '0', 'media/list_mediapool', '0', '0', '1'),
(200, NULL, '2016-02-26 16:36:27', 'admin', '2016-02-26 16:36:27', 'admin', NULL, '1', NULL, '0', 'media/edit_mediapool', '0', '0', '1'),
(201, NULL, '2016-03-03 17:52:46', 'admin', '2016-03-03 17:52:46', 'admin', NULL, '1', NULL, '0', 'media/list_skpd', '0', '0', '1'),
(202, 1, '2016-03-04 11:06:04', 'admin', '2016-03-04 11:12:08', 'admin', NULL, '1', 'Pengaturan Pengguna Upload Media', '4', 'media/manage_user', '1', '0', '0'),
(203, NULL, '2016-03-04 11:06:19', 'admin', '2016-03-04 11:06:19', 'admin', NULL, '1', NULL, '0', 'media/list_user', '0', '0', '1'),
(204, NULL, '2016-03-04 11:06:33', 'admin', '2016-03-04 11:06:33', 'admin', NULL, '1', NULL, '0', 'media/list_skpd_by_uid', '0', '0', '1'),
(205, NULL, '2016-03-04 16:12:44', 'admin', '2016-03-04 16:12:44', 'admin', NULL, '1', NULL, '0', 'media/update_user_skpd', '0', '0', '1'),
(206, 101, '2016-03-14 15:24:15', 'admin', '2017-09-11 14:58:01', 'admin', NULL, '1', 'Persediaan', '9', 'persediaan/index', '1', '0', '0'),
(207, NULL, '2016-03-14 16:55:06', 'admin', '2016-03-14 16:55:06', 'admin', NULL, '1', NULL, '0', 'persediaan/pengadaan', '0', '0', '1'),
(208, NULL, '2016-03-14 16:55:17', 'admin', '2016-03-14 16:55:17', 'admin', NULL, '1', NULL, '0', 'persediaan/barang_masuk', '0', '0', '1'),
(209, NULL, '2016-03-14 16:55:25', 'admin', '2016-03-14 16:55:25', 'admin', NULL, '1', NULL, '0', 'persediaan/barang_keluar', '0', '0', '1'),
(210, NULL, '2016-03-16 14:33:13', 'admin', '2016-03-31 11:17:24', 'admin', NULL, '1', NULL, '0', 'persediaan/get_daftar_bidang', '0', '0', '1'),
(211, NULL, '2016-03-16 17:16:22', 'admin', '2016-03-31 11:17:16', 'admin', NULL, '1', NULL, '0', 'persediaan/get_daftar_barang', '0', '0', '1'),
(212, NULL, '2016-03-16 17:16:30', 'admin', '2016-03-31 11:17:33', 'admin', NULL, '1', NULL, '0', 'persediaan/get_daftar_gudang', '0', '0', '1'),
(213, NULL, '2016-03-17 17:17:55', 'admin', '2016-03-17 17:17:55', 'admin', NULL, '1', NULL, '0', 'persediaan/get_vendor', '0', '0', '1'),
(214, NULL, '2016-03-17 17:18:09', 'admin', '2016-03-17 17:18:09', 'admin', NULL, '1', NULL, '0', 'persediaan/get_list_barang_pakai_habis', '0', '0', '1'),
(215, NULL, '2016-03-17 17:18:20', 'admin', '2016-03-17 17:18:20', 'admin', NULL, '1', NULL, '0', 'persediaan/get_list_pakai_habis', '0', '0', '1'),
(216, NULL, '2016-03-17 17:40:10', 'admin', '2016-03-18 11:02:24', 'admin', NULL, '1', NULL, '0', 'persediaan/simpan_barang_keluar', '0', '0', '1'),
(217, NULL, '2016-03-21 11:04:42', 'admin', '2016-03-21 11:04:42', 'admin', 'Cek apakah juno sudah terpakai.', '1', NULL, '0', 'persediaan/juno_check', '0', '0', '1'),
(218, NULL, '2016-03-21 17:24:00', 'admin', '2016-03-31 11:19:18', 'admin', NULL, '1', NULL, '0', 'persediaan/get_populasi_kartu_barang', '0', '0', '1'),
(219, NULL, '2016-03-22 10:39:24', 'admin', '2016-03-22 11:00:31', 'admin', NULL, '1', NULL, '0', 'persediaan/buku_penerimaan', '0', '0', '1'),
(220, NULL, '2016-03-22 10:39:34', 'admin', '2016-04-26 14:59:22', 'admin', NULL, '1', NULL, '0', 'persediaan/bukti_pengambilan', '0', '0', '1'),
(221, NULL, '2016-03-22 11:15:49', 'admin', '2016-03-22 11:15:49', 'admin', NULL, '1', NULL, '0', 'persediaan/buku_barang_pakai_habis', '0', '0', '1'),
(222, NULL, '2016-03-22 11:15:59', 'admin', '2016-03-22 11:15:59', 'admin', NULL, '1', NULL, '0', 'persediaan/buku_pengeluaran', '0', '0', '1'),
(223, NULL, '2016-03-22 11:16:11', 'admin', '2016-03-22 11:16:11', 'admin', NULL, '1', NULL, '0', 'persediaan/laporan_semester', '0', '0', '1'),
(224, NULL, '2016-03-28 17:31:56', 'admin', '2016-03-28 17:33:13', 'admin', NULL, '1', NULL, '0', 'persediaan/simpan_barang_masuk', '0', '0', '1'),
(225, NULL, '2016-03-31 11:19:58', 'admin', '2016-03-31 11:19:58', 'admin', NULL, '1', NULL, '0', 'persediaan/get_daftar_barang_ada_stok', '0', '0', '1'),
(226, NULL, '2016-03-31 11:20:31', 'admin', '2016-04-26 15:01:34', 'admin', NULL, '1', NULL, '0', 'persediaan/get_populasi_bukti_pengambilan_barang', '0', '0', '1'),
(227, NULL, '2016-03-31 11:21:03', 'admin', '2016-03-31 11:21:03', 'admin', NULL, '1', NULL, '0', 'persediaan/get_populasi_buku_penerimaan_barang', '0', '0', '1'),
(228, NULL, '2016-04-01 14:49:19', 'admin', '2016-04-01 14:49:19', 'admin', NULL, '1', NULL, '0', 'persediaan/get_populasi_buku_pakai_habis', '0', '0', '1'),
(229, NULL, '2016-04-01 17:07:21', 'admin', '2016-04-01 17:07:21', 'admin', NULL, '1', NULL, '0', 'persediaan/print_buku_persediaan_barang', '0', '0', '1'),
(230, NULL, '2016-04-01 17:09:32', 'admin', '2016-04-01 17:09:32', 'admin', NULL, '1', NULL, '0', 'persediaan/print_buku_pengambilan_barang', '0', '0', '1'),
(231, NULL, '2016-04-07 16:04:18', 'admin', '2016-04-07 16:04:18', 'admin', NULL, '1', NULL, '0', 'persediaan/kartu_barang', '0', '0', '1'),
(232, NULL, '2016-04-07 16:05:00', 'admin', '2016-04-07 16:05:00', 'admin', NULL, '1', NULL, '0', 'persediaan/get_populasi_detail_kartu_barang', '0', '0', '1'),
(233, NULL, '2016-04-07 16:08:31', 'admin', '2016-04-07 16:08:31', 'admin', NULL, '1', NULL, '0', 'persediaan/get_populasi_laporan_semester', '0', '0', '1'),
(234, NULL, '2016-04-18 13:39:40', 'admin', '2016-04-18 13:39:40', 'admin', NULL, '1', NULL, '0', 'persediaan/print_buku_penerimaan_barang', '0', '0', '1'),
(235, NULL, '2016-04-19 16:20:15', 'admin', '2016-04-19 16:20:15', 'admin', NULL, '1', NULL, '0', 'persediaan/print_kartu_barang', '0', '0', '1'),
(236, NULL, '2016-04-19 16:20:29', 'admin', '2016-04-19 16:20:29', 'admin', NULL, '1', NULL, '0', 'persediaan/print_kartu_persediaan', '0', '0', '1'),
(237, NULL, '2016-04-20 14:31:14', 'admin', '2016-04-20 14:31:14', 'admin', NULL, '1', NULL, '0', 'persediaan/print_buku_pakai_habis', '0', '0', '1'),
(238, NULL, '2016-04-20 17:11:40', 'admin', '2016-04-20 17:11:40', 'admin', NULL, '1', NULL, '0', 'persediaan/print_laporan_semester', '0', '0', '1'),
(239, NULL, '2016-04-26 14:59:34', 'admin', '2016-04-26 14:59:34', 'admin', NULL, '1', NULL, '0', 'persediaan/katalog_bukti_pengambilan', '0', '0', '1'),
(240, NULL, '2016-04-26 15:03:48', 'admin', '2016-04-26 15:03:48', 'admin', NULL, '1', NULL, '0', 'persediaan/get_populasi_buku_pengeluaran_barang', '0', '0', '1'),
(241, NULL, '2016-04-26 15:05:33', 'admin', '2016-04-26 15:05:33', 'admin', NULL, '1', NULL, '0', 'persediaan/print_buku_pengeluaran_barang', '0', '0', '1'),
(242, NULL, '2016-04-27 17:46:48', 'admin', '2016-04-27 17:46:48', 'admin', NULL, '1', NULL, '0', 'persediaan/katalog_stok_opname', '0', '0', '1'),
(243, NULL, '2016-04-27 17:47:45', 'admin', '2016-04-27 17:47:45', 'admin', NULL, '1', NULL, '0', 'persediaan/get_populasi_stok_opname', '0', '0', '1'),
(244, NULL, '2016-04-27 17:50:20', 'admin', '2016-04-27 17:50:20', 'admin', NULL, '1', NULL, '0', 'persediaan/stok_opname', '0', '0', '1'),
(245, NULL, '2016-04-27 17:51:48', 'admin', '2016-04-27 17:51:48', 'admin', NULL, '1', NULL, '0', 'persediaan/simpan_stok_opname', '0', '0', '1'),
(246, NULL, '2016-04-27 20:05:41', 'admin', '2016-04-27 20:05:41', 'admin', NULL, '1', NULL, '0', 'persediaan/print_stok_opname', '0', '0', '1'),
(247, NULL, '2016-04-28 11:33:35', 'admin', '2016-04-28 11:36:13', 'admin', NULL, '1', NULL, '0', 'persediaan/print_sppb', '0', '0', '1'),
(248, NULL, '2016-04-28 13:20:52', 'admin', '2016-04-28 13:20:52', 'admin', NULL, '1', NULL, '0', 'persediaan/update_juno', '0', '0', '1'),
(249, NULL, '2016-04-28 13:21:04', 'admin', '2016-04-28 13:21:04', 'admin', NULL, '1', NULL, '0', 'persediaan/delete_jurnal', '0', '0', '1'),
(250, NULL, '2016-04-28 13:58:41', 'admin', '2016-04-28 13:58:41', 'admin', NULL, '1', NULL, '0', 'persediaan/print_bukti_pengambilan_barang', '0', '0', '1'),
(251, NULL, '2016-04-28 18:57:18', 'admin', '2016-04-28 18:57:18', 'admin', NULL, '1', NULL, '0', 'persediaan/pengaturan_kamus_barang', '0', '0', '1'),
(252, NULL, '2016-04-28 18:58:19', 'admin', '2016-04-28 18:58:19', 'admin', NULL, '1', NULL, '0', 'persediaan/populasi_kamus_barang', '0', '0', '1'),
(254, 101, '2016-05-11 15:21:37', 'admin', '2017-09-11 14:59:26', 'admin', NULL, '1', 'Penambahan Nilai', '4', 'aset/tambah_nilai', '1', '0', '0'),
(255, NULL, '2016-05-11 15:23:33', 'admin', '2016-05-11 15:23:33', 'admin', NULL, '1', NULL, '0', 'aset/list_aset_induk', '0', '0', '1'),
(256, NULL, '2016-05-16 15:53:43', 'admin', '2016-05-17 14:47:35', 'admin', NULL, '1', NULL, '0', 'media/list_rk', '0', '0', '1'),
(257, 101, '2016-05-17 15:38:00', 'admin', '2017-09-11 14:58:13', 'admin', NULL, '1', 'Kebutuhan', '12', 'media/list_kebutuhan', '1', '0', '0'),
(258, NULL, '2016-05-20 11:21:31', 'admin', '2016-05-20 11:21:31', 'admin', NULL, '1', NULL, '0', 'persediaan/simpan_kamus_barang', '0', '0', '1'),
(259, NULL, '2016-06-09 15:21:33', 'admin', '2016-06-09 15:21:33', 'admin', NULL, '1', NULL, '0', 'aset/get_susut_kib', '0', '0', '1'),
(260, NULL, '2016-06-23 15:58:44', 'admin', '2016-06-23 15:58:44', 'admin', NULL, '1', NULL, '0', 'aset/print_penyusutan', '0', '0', '1'),
(261, NULL, '2016-06-29 12:20:53', 'admin', '2016-06-29 12:20:53', 'admin', NULL, '1', NULL, '0', 'aset/print_penyusutan_per_item', '0', '0', '1'),
(262, NULL, '2017-07-11 11:34:52', 'admin', '2017-07-11 11:34:52', 'admin', NULL, '1', NULL, '0', 'aset/list_aset_tambah', '0', '0', '1'),
(263, NULL, '2017-07-11 11:35:19', 'admin', '2017-07-11 11:35:19', 'admin', NULL, '1', NULL, '0', 'aset/get_aset_by_no_register', '0', '0', '1'),
(264, NULL, '2017-07-11 11:35:39', 'admin', '2017-07-11 11:35:39', 'admin', NULL, '1', NULL, '0', 'aset/tambah_aset_renov', '0', '0', '1'),
(265, NULL, '2017-07-11 11:36:02', 'admin', '2017-07-11 11:36:02', 'admin', NULL, '1', NULL, '0', 'aset/hapus_aset_renov', '0', '0', '1'),
(266, NULL, '2017-07-11 11:36:14', 'admin', '2017-07-11 11:36:14', 'admin', NULL, '1', NULL, '0', 'aset/print_penambahan_nilai', '0', '0', '1'),
(267, NULL, '2017-09-11 14:56:28', 'admin', '2017-09-11 14:56:28', 'admin', NULL, '1', NULL, '0', 'aset/get_susut_mutasi', '0', '0', '1'),
(268, 101, '2017-09-11 14:57:08', 'admin', '2017-09-11 14:59:08', 'admin', NULL, '1', 'Mutasi Penyusutan', '3', 'aset/penyusutan_mutasi', '1', '0', '0'),
(269, 101, '2017-11-16 15:16:20', 'admin', '2017-11-16 15:16:20', 'admin', NULL, '1', 'Penyusutan Ekstra', '3', 'aset/penyusutan_ekstra', '1', '0', '0'),
(270, NULL, '2017-11-16 15:16:34', 'admin', '2017-11-16 15:16:34', 'admin', NULL, '1', NULL, '0', 'aset/get_susut_ekstra', '0', '0', '1'),
(271, NULL, '2018-03-01 17:11:44', 'admin', '2018-03-01 17:11:44', 'admin', NULL, '1', NULL, '0', 'aset/sinkronisasi_aset_renov', '0', '0', '1'),
(272, NULL, '2018-07-27 11:21:16', 'admin', '2018-07-27 11:21:16', 'admin', NULL, '1', NULL, '0', 'aset/get_list_lokasi', '0', '0', '1'),
(273, NULL, '2018-12-21 15:02:22', 'admin', '2018-12-21 15:02:22', 'admin', NULL, '1', NULL, '0', 'aset/set_tahun_penyusutan', '0', '0', '1'),
(274, 101, '2018-12-21 15:02:47', 'admin', '2018-12-21 15:02:47', 'admin', NULL, '1', 'Setting Tahun', '10', 'aset/setting_tahun', '1', '0', '0'),
(275, NULL, '2018-12-21 15:04:40', 'admin', '2018-12-21 15:04:40', 'admin', NULL, '1', NULL, '0', 'aset/get_tahun_penyusutan', '0', '0', '1');

-- --------------------------------------------------------

--
-- Struktur dari tabel `secmenugroup`
--

CREATE TABLE `secmenugroup` (
  `gid` int(11) NOT NULL COMMENT 'ID group',
  `mid` int(11) NOT NULL COMMENT 'ID menu',
  `mgcreate` decimal(1,0) DEFAULT NULL,
  `mgread` decimal(1,0) DEFAULT NULL,
  `mgupdate` decimal(1,0) DEFAULT NULL,
  `mgdelete` decimal(1,0) DEFAULT NULL
) ENGINE=InnoDB DEFAULT CHARSET=utf8;

--
-- Dumping data untuk tabel `secmenugroup`
--

INSERT INTO `secmenugroup` (`gid`, `mid`, `mgcreate`, `mgread`, `mgupdate`, `mgdelete`) VALUES
(3, 49, NULL, NULL, NULL, NULL),
(3, 56, NULL, NULL, NULL, NULL),
(3, 57, NULL, NULL, NULL, NULL),
(3, 60, NULL, NULL, NULL, NULL),
(3, 61, NULL, NULL, NULL, NULL),
(3, 62, NULL, NULL, NULL, NULL),
(3, 63, NULL, NULL, NULL, NULL),
(3, 64, NULL, NULL, NULL, NULL),
(3, 66, NULL, NULL, NULL, NULL),
(3, 67, NULL, NULL, NULL, NULL),
(3, 68, NULL, NULL, NULL, NULL),
(3, 69, NULL, NULL, NULL, NULL),
(3, 71, NULL, NULL, NULL, NULL),
(3, 73, NULL, NULL, NULL, NULL),
(3, 75, NULL, NULL, NULL, NULL),
(3, 76, NULL, NULL, NULL, NULL),
(3, 77, NULL, NULL, NULL, NULL),
(3, 78, NULL, NULL, NULL, NULL),
(3, 79, NULL, NULL, NULL, NULL),
(3, 80, NULL, NULL, NULL, NULL),
(3, 81, NULL, NULL, NULL, NULL),
(3, 82, NULL, NULL, NULL, NULL),
(3, 83, NULL, NULL, NULL, NULL),
(3, 84, NULL, NULL, NULL, NULL),
(3, 202, NULL, NULL, NULL, NULL),
(3, 203, NULL, NULL, NULL, NULL),
(3, 204, NULL, NULL, NULL, NULL),
(3, 205, NULL, NULL, NULL, NULL),
(7, 86, NULL, NULL, NULL, NULL),
(7, 87, NULL, NULL, NULL, NULL),
(7, 88, NULL, NULL, NULL, NULL),
(7, 99, NULL, NULL, NULL, NULL),
(7, 100, NULL, NULL, NULL, NULL),
(8, 102, NULL, NULL, NULL, NULL),
(8, 103, NULL, NULL, NULL, NULL),
(8, 104, NULL, NULL, NULL, NULL),
(8, 105, NULL, NULL, NULL, NULL),
(8, 106, NULL, NULL, NULL, NULL),
(8, 107, NULL, NULL, NULL, NULL),
(8, 108, NULL, NULL, NULL, NULL),
(8, 109, NULL, NULL, NULL, NULL),
(8, 110, NULL, NULL, NULL, NULL),
(8, 112, NULL, NULL, NULL, NULL),
(8, 113, NULL, NULL, NULL, NULL),
(8, 114, NULL, NULL, NULL, NULL),
(8, 115, NULL, NULL, NULL, NULL),
(8, 116, NULL, NULL, NULL, NULL),
(8, 117, NULL, NULL, NULL, NULL),
(8, 118, NULL, NULL, NULL, NULL),
(8, 119, NULL, NULL, NULL, NULL),
(8, 120, NULL, NULL, NULL, NULL),
(8, 121, NULL, NULL, NULL, NULL),
(8, 122, NULL, NULL, NULL, NULL),
(8, 123, NULL, NULL, NULL, NULL),
(8, 124, NULL, NULL, NULL, NULL),
(8, 125, NULL, NULL, NULL, NULL),
(8, 126, NULL, NULL, NULL, NULL),
(8, 127, NULL, NULL, NULL, NULL),
(8, 128, NULL, NULL, NULL, NULL),
(8, 129, NULL, NULL, NULL, NULL),
(8, 130, NULL, NULL, NULL, NULL),
(8, 131, NULL, NULL, NULL, NULL),
(8, 132, NULL, NULL, NULL, NULL),
(8, 133, NULL, NULL, NULL, NULL),
(8, 134, NULL, NULL, NULL, NULL),
(8, 135, NULL, NULL, NULL, NULL),
(8, 136, NULL, NULL, NULL, NULL),
(8, 137, NULL, NULL, NULL, NULL),
(8, 138, NULL, NULL, NULL, NULL),
(8, 140, NULL, NULL, NULL, NULL),
(8, 141, NULL, NULL, NULL, NULL),
(8, 142, NULL, NULL, NULL, NULL),
(8, 143, NULL, NULL, NULL, NULL),
(8, 144, NULL, NULL, NULL, NULL),
(8, 145, NULL, NULL, NULL, NULL),
(8, 146, NULL, NULL, NULL, NULL),
(8, 147, NULL, NULL, NULL, NULL),
(8, 148, NULL, NULL, NULL, NULL),
(8, 149, NULL, NULL, NULL, NULL),
(8, 150, NULL, NULL, NULL, NULL),
(8, 151, NULL, NULL, NULL, NULL),
(8, 152, NULL, NULL, NULL, NULL),
(8, 153, NULL, NULL, NULL, NULL),
(8, 154, NULL, NULL, NULL, NULL),
(8, 155, NULL, NULL, NULL, NULL),
(8, 156, NULL, NULL, NULL, NULL),
(8, 157, NULL, NULL, NULL, NULL),
(8, 158, NULL, NULL, NULL, NULL),
(8, 159, NULL, NULL, NULL, NULL),
(8, 160, NULL, NULL, NULL, NULL),
(8, 167, NULL, NULL, NULL, NULL),
(8, 169, NULL, NULL, NULL, NULL),
(8, 170, NULL, NULL, NULL, NULL),
(8, 172, NULL, NULL, NULL, NULL),
(8, 173, NULL, NULL, NULL, NULL),
(8, 174, NULL, NULL, NULL, NULL),
(8, 175, NULL, NULL, NULL, NULL),
(8, 176, NULL, NULL, NULL, NULL),
(8, 177, NULL, NULL, NULL, NULL),
(8, 181, NULL, NULL, NULL, NULL),
(8, 182, NULL, NULL, NULL, NULL),
(8, 183, NULL, NULL, NULL, NULL),
(8, 184, NULL, NULL, NULL, NULL),
(8, 185, NULL, NULL, NULL, NULL),
(8, 186, NULL, NULL, NULL, NULL),
(8, 187, NULL, NULL, NULL, NULL),
(8, 188, NULL, NULL, NULL, NULL),
(8, 189, NULL, NULL, NULL, NULL),
(8, 190, NULL, NULL, NULL, NULL),
(8, 191, NULL, NULL, NULL, NULL),
(8, 192, NULL, NULL, NULL, NULL),
(8, 193, NULL, NULL, NULL, NULL),
(8, 194, NULL, NULL, NULL, NULL),
(8, 195, NULL, NULL, NULL, NULL),
(8, 196, NULL, NULL, NULL, NULL),
(8, 198, NULL, NULL, NULL, NULL),
(8, 199, NULL, NULL, NULL, NULL),
(8, 200, NULL, NULL, NULL, NULL),
(8, 201, NULL, NULL, NULL, NULL),
(8, 206, NULL, NULL, NULL, NULL),
(8, 207, NULL, NULL, NULL, NULL),
(8, 208, NULL, NULL, NULL, NULL),
(8, 209, NULL, NULL, NULL, NULL),
(8, 210, NULL, NULL, NULL, NULL),
(8, 211, NULL, NULL, NULL, NULL),
(8, 212, NULL, NULL, NULL, NULL),
(8, 213, NULL, NULL, NULL, NULL),
(8, 214, NULL, NULL, NULL, NULL),
(8, 215, NULL, NULL, NULL, NULL),
(8, 216, NULL, NULL, NULL, NULL),
(8, 217, NULL, NULL, NULL, NULL),
(8, 218, NULL, NULL, NULL, NULL),
(8, 219, NULL, NULL, NULL, NULL),
(8, 220, NULL, NULL, NULL, NULL),
(8, 221, NULL, NULL, NULL, NULL),
(8, 222, NULL, NULL, NULL, NULL),
(8, 223, NULL, NULL, NULL, NULL),
(8, 224, NULL, NULL, NULL, NULL),
(8, 225, NULL, NULL, NULL, NULL),
(8, 226, NULL, NULL, NULL, NULL),
(8, 227, NULL, NULL, NULL, NULL),
(8, 228, NULL, NULL, NULL, NULL),
(8, 229, NULL, NULL, NULL, NULL),
(8, 230, NULL, NULL, NULL, NULL),
(8, 231, NULL, NULL, NULL, NULL),
(8, 232, NULL, NULL, NULL, NULL),
(8, 233, NULL, NULL, NULL, NULL),
(8, 234, NULL, NULL, NULL, NULL),
(8, 235, NULL, NULL, NULL, NULL),
(8, 236, NULL, NULL, NULL, NULL),
(8, 237, NULL, NULL, NULL, NULL),
(8, 238, NULL, NULL, NULL, NULL),
(8, 239, NULL, NULL, NULL, NULL),
(8, 240, NULL, NULL, NULL, NULL),
(8, 241, NULL, NULL, NULL, NULL),
(8, 242, NULL, NULL, NULL, NULL),
(8, 243, NULL, NULL, NULL, NULL),
(8, 244, NULL, NULL, NULL, NULL),
(8, 245, NULL, NULL, NULL, NULL),
(8, 246, NULL, NULL, NULL, NULL),
(8, 247, NULL, NULL, NULL, NULL),
(8, 248, NULL, NULL, NULL, NULL),
(8, 249, NULL, NULL, NULL, NULL),
(8, 250, NULL, NULL, NULL, NULL),
(8, 251, NULL, NULL, NULL, NULL),
(8, 252, NULL, NULL, NULL, NULL),
(8, 254, NULL, NULL, NULL, NULL),
(8, 255, NULL, NULL, NULL, NULL),
(8, 257, NULL, NULL, NULL, NULL),
(8, 258, NULL, NULL, NULL, NULL),
(8, 259, NULL, NULL, NULL, NULL),
(8, 260, NULL, NULL, NULL, NULL),
(8, 261, NULL, NULL, NULL, NULL),
(8, 262, NULL, NULL, NULL, NULL),
(8, 263, NULL, NULL, NULL, NULL),
(8, 264, NULL, NULL, NULL, NULL),
(8, 265, NULL, NULL, NULL, NULL),
(8, 266, NULL, NULL, NULL, NULL),
(8, 267, NULL, NULL, NULL, NULL),
(8, 268, NULL, NULL, NULL, NULL),
(8, 269, NULL, NULL, NULL, NULL),
(8, 270, NULL, NULL, NULL, NULL),
(8, 271, NULL, NULL, NULL, NULL),
(8, 272, NULL, NULL, NULL, NULL),
(8, 273, NULL, NULL, NULL, NULL),
(8, 274, NULL, NULL, NULL, NULL),
(8, 275, NULL, NULL, NULL, NULL),
(9, 206, NULL, NULL, NULL, NULL);

-- --------------------------------------------------------

--
-- Struktur dari tabel `secorg`
--

CREATE TABLE `secorg` (
  `oid` int(11) NOT NULL COMMENT 'ID organisasi',
  `oparentid` int(11) DEFAULT NULL COMMENT 'ID organisasi',
  `created` datetime DEFAULT NULL,
  `createdby` varchar(50) DEFAULT NULL,
  `modified` datetime DEFAULT NULL,
  `modifiedby` varchar(50) DEFAULT NULL,
  `oname` varchar(50) NOT NULL COMMENT 'Nama organisasi',
  `onomorunit` varchar(50) DEFAULT NULL,
  `olevel` int(11) NOT NULL DEFAULT '0',
  `opath` text,
  `oext` decimal(1,0) DEFAULT '0' COMMENT 'Apakah organisasi merupakan organisasi sistem lain?',
  `oenable` decimal(1,0) DEFAULT '1' COMMENT 'Apakah aktif?'
) ENGINE=InnoDB DEFAULT CHARSET=utf8;

--
-- Dumping data untuk tabel `secorg`
--

INSERT INTO `secorg` (`oid`, `oparentid`, `created`, `createdby`, `modified`, `modifiedby`, `oname`, `onomorunit`, `olevel`, `opath`, `oext`, `oenable`) VALUES
(1, NULL, '2012-08-16 08:26:48', NULL, '2014-08-29 11:24:38', 'admin', 'Pemkab Mojokerto', NULL, 0, '/1/', '0', '1'),
(2, 1, '2015-08-19 13:13:42', 'admin', '2016-11-16 23:06:12', 'admin', 'Inspektorat', '13.02.14.01', 1, '/1//2/', '0', '1'),
(3, NULL, '2015-08-19 13:14:56', 'admin', '2016-11-16 23:05:16', 'admin', 'Badan Perencanaan Pembangunan Daerah', '13.02.15.01', 0, '/3/', '0', '1'),
(4, NULL, '2015-08-19 13:15:22', 'admin', '2016-11-16 23:07:43', 'admin', 'Badan Pengelolaan Keuangan dan Aset', '13.02.13.02', 0, '/4/', '0', '1'),
(5, NULL, '2015-08-19 13:15:50', 'admin', '2016-11-16 23:08:51', 'admin', 'Badan Pemberdayaan Masyarakat', '13.02.25.01', 0, '/5/', '0', '1'),
(6, NULL, '2015-08-19 13:16:00', 'admin', '2016-11-16 23:09:19', 'admin', 'Badan Lingkungan Hidup', '13.02.16.01', 0, '/6/', '0', '1'),
(7, NULL, '2015-08-19 13:16:50', 'admin', '2016-11-16 23:10:41', 'admin', 'Badan Pemberdayaan Perempuan dan KB (BPPKB)', '13.02.25.02', 0, '/7/', '0', '1'),
(8, NULL, '2015-08-19 13:17:22', 'admin', '2016-11-16 23:11:07', 'admin', 'Badan Kesatuan Bangsa dan Politik (BAKESBANGPOL)', '13.02.18.01', 0, '/8/', '0', '1'),
(9, NULL, '2015-08-19 13:17:38', 'admin', '2016-11-16 23:11:36', 'admin', 'Badan Perijinan Terpadu dan Penanaman (BPTPM)', '13.02.26.01', 0, '/9/', '0', '1'),
(10, NULL, '2015-08-19 13:18:42', 'admin', '2016-11-16 23:02:21', 'admin', 'Badan Kepegawaian, Pendidikan dan Pelatihan (BKPP)', '13.02.19.01', 0, '/10/', '0', '1'),
(11, NULL, '2015-08-19 13:19:06', 'admin', '2016-11-16 23:02:44', 'admin', 'Badan Penanggulangan Bencana Daerah (BPBD)', '13.02.28.01', 0, '/11/', '0', '1'),
(12, NULL, '2015-08-19 13:19:35', 'admin', '2016-11-16 23:46:24', 'admin', 'Sekretariat DPRD (SEKWAN)', '13.02.01.01', 0, '/12/', '0', '1'),
(13, NULL, '2015-08-19 13:20:04', 'admin', '2016-11-16 22:59:30', 'admin', 'Sekretariat Daerah (SETDA)', '13.02.04.01', 0, '/13/', '0', '1'),
(14, 13, '2015-08-19 13:23:31', 'admin', '2015-08-19 13:26:24', 'admin', 'Bagian Tata Usaha (BAG TU)', NULL, 1, '/13//14/', '0', '1'),
(15, 13, '2015-08-19 13:23:46', 'admin', '2015-08-19 13:26:14', 'admin', 'Bagian Umum (BAG UMUM)', NULL, 1, '/13//15/', '0', '1'),
(16, 13, '2015-08-19 13:23:56', 'admin', '2015-08-19 13:26:05', 'admin', 'Bagian Pembangunan (BAG PEMBANGUNAN)', NULL, 1, '/13//16/', '0', '1'),
(17, 13, '2015-08-19 13:24:33', 'admin', '2015-08-19 13:25:40', 'admin', 'Bagian Kesejahteraan Rakyat (BAG KESRA)', NULL, 1, '/13//17/', '0', '1'),
(18, 13, '2015-08-19 13:26:45', 'admin', '2015-08-19 13:26:45', 'admin', 'Bagian Organisasi (BAG ORGANISASI)', NULL, 1, '/13//18/', '0', '1'),
(19, 13, '2015-08-19 13:27:05', 'admin', '2015-08-19 13:27:05', 'admin', 'Bagian Pemerintahan (BAG PEMERINTAHAN)', NULL, 1, '/13//19/', '0', '1'),
(20, 13, '2015-08-19 13:27:24', 'admin', '2015-08-19 13:27:24', 'admin', 'Bagian Pengolah Data Elektronik (BAG PDE)', NULL, 1, '/13//20/', '0', '1'),
(21, 13, '2015-08-19 13:27:53', 'admin', '2015-08-19 13:27:53', 'admin', 'Bagian Hubungan Masyarakat (BAG HUMAS)', NULL, 1, '/13//21/', '0', '1'),
(22, 13, '2015-08-19 13:28:17', 'admin', '2015-08-19 13:28:17', 'admin', 'Bagian Hukum (BAG HUKUM)', NULL, 1, '/13//22/', '0', '1'),
(23, 13, '2015-08-19 13:28:43', 'admin', '2015-08-19 13:28:43', 'admin', 'Bagian Perekonomian (BAG PEREKONOMIAN)', NULL, 1, '/13//23/', '0', '1'),
(24, NULL, '2015-08-19 14:44:07', 'admin', '2016-11-16 23:03:43', 'admin', 'Dinas Pendidikan (DISPENDIK)', '13.02.08.01', 0, '/24/', '0', '1'),
(25, NULL, '2015-08-19 14:44:44', 'admin', '2016-11-16 23:42:21', 'admin', 'Dinas Kesehatan', '13.02.07.01', 0, '/25/', '0', '1'),
(26, NULL, '2015-08-19 14:45:10', 'admin', '2016-11-16 23:40:19', 'admin', 'Dinas Pendapatan (DIPENDA)', '13.02.13.01', 0, '/26/', '0', '1'),
(27, NULL, '2015-08-19 14:45:58', 'admin', '2016-05-20 11:30:57', 'admin', 'Dinas Pekerjaan Umum Pengairan (DPU PENGAIRAN)', '13.02.05.01', 0, '/27/', '0', '1'),
(28, NULL, '2015-08-19 14:49:07', 'admin', '2016-05-20 11:31:18', 'admin', 'Dinas Pekerjaan Umum Bina Marga (DPU BM)', '13.02.05.03', 0, '/28/', '0', '1'),
(29, NULL, '2015-08-19 14:49:45', 'admin', '2016-05-20 11:31:37', 'admin', 'DPU CKTR', '13.02.05.02', 0, '/29/', '0', '1'),
(30, NULL, '2015-08-19 15:07:15', 'admin', '2016-11-16 23:05:53', 'admin', 'DISHUBKOMINFO', '13.02.06.01', 0, '/30/', '0', '1'),
(31, NULL, '2015-08-19 15:22:18', 'admin', '2016-05-20 11:31:53', 'admin', 'DISPENDUKCAPIL', '13.02.10.01', 0, '/31/', '0', '1'),
(32, NULL, '2015-08-19 15:22:41', 'admin', '2016-11-16 23:41:13', 'admin', 'DINSOS', '13.02.09.01', 0, '/32/', '0', '1'),
(33, NULL, '2015-08-19 15:23:04', 'admin', '2016-05-20 11:32:10', 'admin', 'DISNAKERTRANS', '13.02.23.01', 0, '/33/', '0', '1'),
(34, NULL, '2015-08-19 15:23:19', 'admin', '2015-08-19 15:23:19', 'admin', 'DISKOP', NULL, 0, '/34/', '0', '1'),
(35, NULL, '2015-08-19 15:23:45', 'admin', '2016-11-16 23:06:46', 'admin', 'DISPORABUDPAR', '13.02.17.01', 0, '/35/', '0', '1'),
(36, NULL, '2015-08-19 15:24:16', 'admin', '2016-11-16 23:38:40', 'admin', 'DISPERTA', '13.02.11.01', 0, '/36/', '0', '1'),
(37, NULL, '2015-08-19 15:24:33', 'admin', '2016-11-16 23:41:52', 'admin', 'DISPETRIK', '13.02.11.03', 0, '/37/', '0', '1'),
(38, NULL, '2015-08-19 15:24:50', 'admin', '2016-11-16 23:39:52', 'admin', 'DISHUTBUN', '13.02.11.02', 0, '/38/', '0', '1'),
(39, NULL, '2015-08-20 13:10:56', 'admin', '2016-11-16 23:40:50', 'admin', 'DISPERINDAG', '13.02.12.01', 0, '/39/', '0', '1'),
(40, 25, '2015-08-20 13:11:42', 'admin', '2016-11-16 23:42:49', 'admin', 'RSUD Prof Dr. Soekandar', '13.02.07.02', 1, '/25//40/', '0', '1'),
(41, 25, '2015-08-20 13:12:03', 'admin', '2016-11-16 23:12:11', 'admin', 'RSUD RA. Basuni', '13.02.07.03', 1, '/25//41/', '0', '1'),
(42, NULL, '2015-08-20 13:13:36', 'admin', '2016-11-16 23:45:16', 'admin', 'SATPOL PP', '13.02.29.01', 0, '/42/', '0', '1'),
(43, NULL, '2015-08-20 13:13:52', 'admin', '2016-11-16 23:46:04', 'admin', 'PERPUS', '13.02.21.01', 0, '/43/', '0', '1'),
(44, NULL, '2015-08-20 13:14:00', 'admin', '2016-11-16 23:08:20', 'admin', 'KKP', '13.02.11.04', 0, '/44/', '0', '1'),
(45, NULL, '2015-08-20 13:14:15', 'admin', '2016-11-16 23:25:32', 'admin', 'Kecamatan Dlanggu', '13.02.62.01', 0, '/45/', '0', '1'),
(46, NULL, '2015-08-20 13:14:29', 'admin', '2016-11-16 23:28:32', 'admin', 'Kecamatan Kemlagi', '13.02.55.01', 0, '/46/', '0', '1'),
(47, NULL, '2015-08-20 13:14:38', 'admin', '2016-11-16 23:27:01', 'admin', 'Kecamatan Gedeg', '13.02.54.01', 0, '/47/', '0', '1'),
(48, NULL, '2015-08-20 13:15:15', 'admin', '2016-11-16 23:30:59', 'admin', 'Kecamatan Puri', '13.02.52.01', 0, '/48/', '0', '1'),
(49, NULL, '2015-08-20 13:15:24', 'admin', '2016-11-16 23:28:10', 'admin', 'Kecamatan Jetis', '13.02.56.01', 0, '/49/', '0', '1'),
(50, NULL, '2015-08-20 13:15:36', 'admin', '2016-11-16 23:26:35', 'admin', 'Kecamatan Dawarblandong', '13.02.57.01', 0, '/50/', '0', '1'),
(51, NULL, '2015-08-20 13:15:47', 'admin', '2016-11-16 23:29:15', 'admin', 'Kecamatan Mojoanyar', '13.02.67.01', 0, '/51/', '0', '1'),
(52, NULL, '2015-08-20 13:15:58', 'admin', '2016-11-16 23:29:35', 'admin', 'Kecamatan Mojosari', '13.02.58.01', 0, '/52/', '0', '1'),
(53, NULL, '2015-08-20 13:16:14', 'admin', '2016-11-16 23:26:12', 'admin', 'Kecamatan Bangsal', '13.02.53.01', 0, '/53/', '0', '1'),
(54, NULL, '2015-08-20 13:16:25', 'admin', '2016-11-16 23:27:25', 'admin', 'Kecamatan Gondang', '13.02.63.01', 0, '/54/', '0', '1'),
(55, NULL, '2015-08-20 13:16:35', 'admin', '2016-11-16 23:30:21', 'admin', 'Kecamatan Pacet', '13.02.66.01', 0, '/55/', '0', '1'),
(56, NULL, '2015-08-20 13:16:45', 'admin', '2016-11-16 23:30:40', 'admin', 'Kecamatan Pungging', '13.02.59.01', 0, '/56/', '0', '1'),
(57, NULL, '2015-08-20 13:16:54', 'admin', '2016-11-16 23:27:42', 'admin', 'Kecamatan Jatirejo', '13.02.64.01', 0, '/57/', '0', '1'),
(58, NULL, '2015-08-20 13:17:15', 'admin', '2016-11-16 23:28:55', 'admin', 'Kecamatan Kutorejo', '13.02.61.01', 0, '/58/', '0', '1'),
(59, NULL, '2015-08-20 13:17:26', 'admin', '2016-11-16 23:31:52', 'admin', 'Kecamatan Trowulan', '13.02.51.01', 0, '/59/', '0', '1'),
(60, NULL, '2015-08-20 13:17:39', 'admin', '2016-11-16 23:31:15', 'admin', 'Kecamatan Sooko', '13.02.50.01', 0, '/60/', '0', '1'),
(61, NULL, '2015-08-20 13:18:04', 'admin', '2016-11-16 23:31:31', 'admin', 'Kecamatan Trawas', '13.02.65.01', 0, '/61/', '0', '1'),
(62, NULL, '2015-08-20 13:18:15', 'admin', '2016-11-16 23:30:00', 'admin', 'Kecamatan Ngoro', '13.02.60.01', 0, '/62/', '0', '1'),
(63, 24, '2015-08-20 13:18:56', 'admin', '2015-08-20 13:18:56', 'admin', 'UPT Kecamatan Sooko', NULL, 1, '/24//63/', '0', '1'),
(64, 24, '2015-08-20 13:19:23', 'admin', '2015-08-20 13:19:23', 'admin', 'UPT Kecamatan Bangsal', NULL, 1, '/24//64/', '0', '1'),
(65, 24, '2015-08-20 13:19:43', 'admin', '2015-08-20 13:19:43', 'admin', 'UPT Kecamatan Puri', NULL, 1, '/24//65/', '0', '1'),
(66, 24, '2015-08-20 13:20:22', 'admin', '2015-08-20 13:20:22', 'admin', 'UPT Kecamatan Trowulan', NULL, 1, '/24//66/', '0', '1'),
(67, 24, '2015-08-20 13:20:37', 'admin', '2015-08-20 13:20:37', 'admin', 'UPT Kecamatan Gedeg', NULL, 1, '/24//67/', '0', '1'),
(68, 24, '2015-08-20 13:22:10', 'admin', '2015-08-20 13:22:10', 'admin', 'UPT Kecamatan Jetis', NULL, 1, '/24//68/', '0', '1'),
(69, 24, '2015-08-20 13:22:25', 'admin', '2015-08-20 13:22:25', 'admin', 'UPT Kecamatan Kemlagi', NULL, 1, '/24//69/', '0', '1'),
(70, 24, '2015-08-20 13:22:40', 'admin', '2015-08-20 13:22:40', 'admin', 'UPT Kecamatan Dawarblandong', NULL, 1, '/24//70/', '0', '1'),
(71, 24, '2015-08-20 13:22:58', 'admin', '2015-08-20 13:22:58', 'admin', 'UPT Kecamatan Pacet', NULL, 1, '/24//71/', '0', '1'),
(72, 24, '2015-08-20 13:23:13', 'admin', '2015-08-20 13:23:13', 'admin', 'UPT Kecamatan Gondang', NULL, 1, '/24//72/', '0', '1'),
(73, 24, '2015-08-20 13:23:29', 'admin', '2015-08-20 13:23:29', 'admin', 'UPT  Kecamatan Jatirejo', NULL, 1, '/24//73/', '0', '1'),
(74, 24, '2015-08-20 13:23:49', 'admin', '2015-08-20 13:23:49', 'admin', 'UPT Kecamatan Trawas', NULL, 1, '/24//74/', '0', '1'),
(75, 24, '2015-08-20 13:24:12', 'admin', '2015-08-20 13:24:12', 'admin', 'UPT Kecamatan Mojosari', NULL, 1, '/24//75/', '0', '1'),
(76, 24, '2015-08-20 13:24:29', 'admin', '2015-08-20 13:24:29', 'admin', 'UPT Kecamatan Pungging', NULL, 1, '/24//76/', '0', '1'),
(77, 24, '2015-08-20 13:28:37', 'admin', '2015-08-20 13:28:37', 'admin', 'UPT Kecamatan Ngoro', NULL, 1, '/24//77/', '0', '1'),
(78, 24, '2015-08-20 13:28:52', 'admin', '2015-08-20 13:28:52', 'admin', 'UPT Kecamatan Kutorejo', NULL, 1, '/24//78/', '0', '1'),
(79, 24, '2015-08-20 13:29:06', 'admin', '2015-08-20 13:29:06', 'admin', 'UPT Kecamatan Dlanggu', NULL, 1, '/24//79/', '0', '1'),
(80, 24, '2015-08-20 13:29:19', 'admin', '2015-08-20 13:29:19', 'admin', 'UPT Kecamatan Mojoanyar', NULL, 1, '/24//80/', '0', '1'),
(81, 24, '2015-08-20 13:29:55', 'admin', '2015-08-20 13:29:55', 'admin', 'UPT SKB', NULL, 1, '/24//81/', '0', '1'),
(82, 24, '2015-08-20 13:34:48', 'admin', '2015-08-20 13:34:48', 'admin', 'UPTSP SMPN 1 Sooko', NULL, 1, '/24//82/', '0', '1'),
(83, 24, '2015-08-20 13:35:11', 'admin', '2015-08-20 13:35:11', 'admin', 'UPTSP SMPN 1 Bangsal', NULL, 1, '/24//83/', '0', '1'),
(84, 24, '2015-08-20 13:37:24', 'admin', '2015-08-20 13:37:24', 'admin', 'UPTSP SMPN 1 Puri', NULL, 1, '/24//84/', '0', '1'),
(85, 24, '2015-08-20 13:50:20', 'admin', '2015-08-20 13:50:20', 'admin', 'UPTSP SMPN 1 Trowulan', NULL, 1, '/24//85/', '0', '1'),
(86, 24, '2015-08-20 13:50:49', 'admin', '2015-08-20 13:50:49', 'admin', 'UPTSP SMPN 1 Gedeg', NULL, 1, '/24//86/', '0', '1'),
(87, 24, '2015-08-20 14:36:13', 'admin', '2015-08-20 14:36:13', 'admin', 'UPTSP SMPN 1 Jetis', NULL, 1, '/24//87/', '0', '1'),
(88, 24, '2015-08-20 14:39:55', 'admin', '2015-08-20 14:39:55', 'admin', 'UPTSP SMPN 1 Kemlagi', NULL, 1, '/24//88/', '0', '1'),
(89, 24, '2015-08-20 14:40:15', 'admin', '2015-08-20 14:40:15', 'admin', 'UPTSP SMPN 1 Dawarblandong', NULL, 1, '/24//89/', '0', '1'),
(90, 24, '2015-08-20 14:40:31', 'admin', '2015-08-20 14:40:31', 'admin', 'UPTSP SMPN 1 Pacet', NULL, 1, '/24//90/', '0', '1'),
(91, 24, '2015-08-20 14:40:48', 'admin', '2015-08-20 14:40:48', 'admin', 'UPTSP SMPN 1 Gondang', NULL, 1, '/24//91/', '0', '1'),
(92, 24, '2015-08-20 14:44:55', 'admin', '2015-08-20 14:44:55', 'admin', 'UPTSP SMPN 1 Jatirejo', NULL, 1, '/24//92/', '0', '1'),
(93, 24, '2015-08-20 14:45:25', 'admin', '2015-08-20 14:45:25', 'admin', 'UPTSP SMPN 1 Trawas', NULL, 1, '/24//93/', '0', '1'),
(94, 24, '2015-08-20 14:45:41', 'admin', '2015-08-20 14:45:41', 'admin', 'UPTSP SMPN 1 Mojosari', NULL, 1, '/24//94/', '0', '1'),
(95, 24, '2015-08-20 14:46:01', 'admin', '2015-08-20 14:46:01', 'admin', 'UPTSP SMPN 1 Pungging', NULL, 1, '/24//95/', '0', '1'),
(96, 24, '2015-08-20 14:46:16', 'admin', '2015-08-20 14:46:16', 'admin', 'UPTSP SMPN 1 Ngoro', NULL, 1, '/24//96/', '0', '1'),
(97, 24, '2015-08-20 14:46:29', 'admin', '2015-08-20 14:46:29', 'admin', 'UPTSP SMPN 1 Kutorejo', NULL, 1, '/24//97/', '0', '1'),
(98, 24, '2015-08-20 14:46:48', 'admin', '2015-08-20 14:46:48', 'admin', 'UPTSP SMPN 1 Dlanggu', NULL, 1, '/24//98/', '0', '1'),
(99, 24, '2015-08-20 14:49:35', 'admin', '2015-08-20 14:49:35', 'admin', 'UPTSP SMPN 1 Mojoanyar', NULL, 1, '/24//99/', '0', '1'),
(100, 24, '2015-08-20 14:49:53', 'admin', '2015-08-20 14:49:53', 'admin', 'UPTSP SMPN 2 Sooko', NULL, 1, '/24//100/', '0', '1'),
(101, 24, '2015-08-20 14:50:45', 'admin', '2015-08-20 14:50:45', 'admin', 'UPTSP SMPN 2 Bangsal', NULL, 1, '/24//101/', '0', '1'),
(102, 24, '2015-08-20 14:51:24', 'admin', '2015-08-20 14:51:24', 'admin', 'UPTSP SMPN 2 Trowulan', NULL, 1, '/24//102/', '0', '1'),
(103, 24, '2015-08-20 14:51:48', 'admin', '2015-08-20 14:51:48', 'admin', 'UPTSP SMPN 2 Gedeg', NULL, 1, '/24//103/', '0', '1'),
(104, 24, '2015-08-20 14:53:21', 'admin', '2015-08-20 14:53:21', 'admin', 'UPTSP SMPN 2 Jetis', NULL, 1, '/24//104/', '0', '1'),
(105, 24, '2015-08-20 14:53:37', 'admin', '2015-08-20 14:53:37', 'admin', 'UPTSP SMPN 2 Dawarblandong', NULL, 1, '/24//105/', '0', '1'),
(106, 24, '2015-08-20 14:53:52', 'admin', '2015-08-20 14:53:52', 'admin', 'UPTSP SMPN 2 Pacet', NULL, 1, '/24//106/', '0', '1'),
(107, 24, '2015-08-20 14:54:10', 'admin', '2015-08-20 14:54:10', 'admin', 'UPTSP SMPN 2 Gondang', NULL, 1, '/24//107/', '0', '1'),
(108, 24, '2015-08-20 15:04:01', 'admin', '2015-08-20 15:04:01', 'admin', 'UPTSP SMPN 2 Jatirejo', NULL, 1, '/24//108/', '0', '1'),
(109, 24, '2015-08-20 15:04:20', 'admin', '2015-08-20 15:04:20', 'admin', 'UPTSP SMPN 2 Trawas', NULL, 1, '/24//109/', '0', '1'),
(110, 24, '2015-08-20 15:04:36', 'admin', '2015-08-20 15:04:36', 'admin', 'UPTSP SMPN 2 Mojosari', NULL, 1, '/24//110/', '0', '1'),
(111, 24, '2015-08-20 15:04:47', 'admin', '2015-08-20 15:04:47', 'admin', 'UPTSP SMPN 2 Pungging', NULL, 1, '/24//111/', '0', '1'),
(112, 24, '2015-08-20 15:04:58', 'admin', '2015-08-20 15:04:58', 'admin', 'UPTSP SMPN 2 Ngoro', NULL, 1, '/24//112/', '0', '1'),
(113, 24, '2015-08-20 15:16:25', 'admin', '2015-08-20 15:16:25', 'admin', 'UPTSP SMPN 2 Kutorejo', NULL, 1, '/24//113/', '0', '1'),
(114, 24, '2015-08-20 15:18:05', 'admin', '2015-08-20 15:18:05', 'admin', 'UPTSP SMPN 2 Dlanggu', NULL, 1, '/24//114/', '0', '1'),
(115, 24, '2015-08-20 15:18:29', 'admin', '2015-08-20 15:18:29', 'admin', 'UPTSP SMPN 2 Mojoanyar', NULL, 1, '/24//115/', '0', '1'),
(116, 24, '2015-08-20 15:19:56', 'admin', '2015-08-20 15:19:56', 'admin', 'UPTSP SMPN 3 Pacet', NULL, 1, '/24//116/', '0', '1'),
(117, 24, '2015-08-20 15:24:55', 'admin', '2015-08-20 15:24:55', 'admin', 'SMPN Satu Atap Manting Jatirejo', NULL, 1, '/24//117/', '0', '1'),
(118, 24, '2015-08-20 15:25:25', 'admin', '2015-08-20 15:25:25', 'admin', 'SMPN Satu Atap Kunjorowesi Ngoro', NULL, 1, '/24//118/', '0', '1'),
(119, 24, '2015-08-20 15:25:48', 'admin', '2015-08-20 15:25:48', 'admin', 'UPTSP SMPN 3 Gondang', NULL, 1, '/24//119/', '0', '1'),
(120, 24, '2015-08-20 15:26:09', 'admin', '2015-08-20 15:26:09', 'admin', 'UPTSP SMPN 3 Kutorejo', NULL, 1, '/24//120/', '0', '1'),
(121, 24, '2015-08-20 15:26:38', 'admin', '2015-08-20 15:26:38', 'admin', 'UPTSP SMAN 1 Sooko', NULL, 1, '/24//121/', '0', '1'),
(122, 24, '2015-08-20 15:26:53', 'admin', '2015-08-20 15:26:53', 'admin', 'UPTSP SMAN 1 Bangsal', NULL, 1, '/24//122/', '0', '1'),
(123, 24, '2015-08-20 15:27:06', 'admin', '2015-08-20 15:27:06', 'admin', 'UPTSP SMAN 1 Puri', NULL, 1, '/24//123/', '0', '1'),
(124, 24, '2015-08-20 15:27:26', 'admin', '2015-08-20 15:27:26', 'admin', 'UPTSP SMAN 1 Gedeg', NULL, 1, '/24//124/', '0', '1'),
(125, 24, '2015-08-20 15:27:41', 'admin', '2015-08-20 15:27:41', 'admin', 'UPTSP SMAN 1 Dawarblandong', NULL, 1, '/24//125/', '0', '1'),
(126, 24, '2015-08-20 15:27:59', 'admin', '2015-08-20 15:27:59', 'admin', 'UPTSP SMAN 1 Pacet', NULL, 1, '/24//126/', '0', '1'),
(127, 24, '2015-08-20 15:28:12', 'admin', '2015-08-20 15:28:12', 'admin', 'UPTSP SMAN 1 Trawas', NULL, 1, '/24//127/', '0', '1'),
(128, 24, '2015-08-20 15:29:27', 'admin', '2015-08-20 15:29:27', 'admin', 'UPTSP SMAN 1 Gondang', NULL, 1, '/24//128/', '0', '1'),
(129, 24, '2015-08-20 15:39:12', 'admin', '2015-08-20 15:39:12', 'admin', 'UPTSP SMAN 1 Mojosari', NULL, 1, '/24//129/', '0', '1'),
(130, 24, '2015-08-20 15:40:40', 'admin', '2015-08-20 15:40:40', 'admin', 'UPTSP SMAN 1 Ngoro', NULL, 1, '/24//130/', '0', '1'),
(131, 24, '2015-08-21 10:53:30', 'admin', '2015-08-21 10:53:30', 'admin', 'UPTSP SMAN 1 Sooko', NULL, 1, '/24//131/', '0', '1'),
(132, 24, '2015-08-21 10:53:49', 'admin', '2015-08-21 10:53:49', 'admin', 'UPTSP SMAN 1 Bangsal', NULL, 1, '/24//132/', '0', '1'),
(133, 24, '2015-08-21 10:54:02', 'admin', '2015-08-21 10:54:02', 'admin', 'UPTSP SMAN 1 Puri', NULL, 1, '/24//133/', '0', '1'),
(134, 24, '2015-08-21 10:54:13', 'admin', '2015-08-21 10:54:13', 'admin', 'UPTSP SMAN 1 Gedeg', NULL, 1, '/24//134/', '0', '1'),
(135, 24, '2015-08-21 10:54:27', 'admin', '2015-08-21 10:54:27', 'admin', 'UPTSP SMAN 1 Dawarblandong', NULL, 1, '/24//135/', '0', '1'),
(136, 24, '2015-08-21 10:54:40', 'admin', '2015-08-21 10:54:40', 'admin', 'UPTSP SMAN 1 Pacet', NULL, 1, '/24//136/', '0', '1'),
(137, 24, '2015-08-21 10:54:56', 'admin', '2015-08-21 10:54:56', 'admin', 'UPTSP SMAN 1 Trawas', NULL, 1, '/24//137/', '0', '1'),
(138, 24, '2015-08-21 10:55:15', 'admin', '2015-08-21 10:55:15', 'admin', 'UPTSP SMAN 1 Gondang', NULL, 1, '/24//138/', '0', '1'),
(139, 24, '2015-08-21 10:55:27', 'admin', '2015-08-21 10:55:27', 'admin', 'UPTSP SMAN 1 Mojosari', NULL, 1, '/24//139/', '0', '1'),
(140, 24, '2015-08-21 10:55:37', 'admin', '2015-08-21 10:55:37', 'admin', 'UPTSP SMAN 1 Ngoro', NULL, 1, '/24//140/', '0', '1'),
(141, 24, '2015-08-21 10:55:50', 'admin', '2015-08-21 10:55:50', 'admin', 'UPTSP SMAN 1 Kutorejo', NULL, 1, '/24//141/', '0', '1'),
(142, 24, '2015-08-21 10:55:59', 'admin', '2015-08-21 10:55:59', 'admin', 'UPTSP SMKN 1 Sooko', NULL, 1, '/24//142/', '0', '1'),
(143, 24, '2015-08-21 10:56:10', 'admin', '2015-08-21 10:56:10', 'admin', 'UPTSP SMKN 1 Jetis', NULL, 1, '/24//143/', '0', '1'),
(144, 24, '2015-08-21 10:56:27', 'admin', '2015-08-21 10:56:27', 'admin', 'UPTSP SMKN 1 Kemlagi', NULL, 1, '/24//144/', '0', '1'),
(145, 24, '2015-08-21 10:56:40', 'admin', '2015-08-21 10:56:40', 'admin', 'UPTSP SMKN 1 Pungging', NULL, 1, '/24//145/', '0', '1'),
(146, 24, '2015-08-21 10:56:51', 'admin', '2015-08-21 10:56:51', 'admin', 'UPTSP SMKN 1 Dlanggu', NULL, 1, '/24//146/', '0', '1'),
(147, 24, '2015-08-21 10:57:07', 'admin', '2015-08-21 10:57:07', 'admin', 'UPTSP SMKN 1 Jatirejo', NULL, 1, '/24//147/', '0', '1'),
(148, 24, '2015-08-21 10:57:20', 'admin', '2015-08-21 10:57:20', 'admin', 'UPTSP SMKN 1 Trowulan', NULL, 1, '/24//148/', '0', '1'),
(149, 24, '2015-08-21 10:57:30', 'admin', '2015-08-21 10:57:30', 'admin', 'UPTSP SMKN 1 Mojoanyar', NULL, 1, '/24//149/', '0', '1'),
(150, 25, '2015-08-21 10:57:40', 'admin', '2016-11-16 23:59:10', 'admin', 'UPT INSTALASI FARMASI', '13.02.07.01.29', 1, '/25//150/', '0', '1'),
(151, 25, '2015-08-21 10:57:55', 'admin', '2016-11-16 23:51:24', 'admin', 'UPT PUSKESMAS Sooko', '13.02.07.01.02', 1, '/25//151/', '0', '1'),
(152, 25, '2015-08-21 10:58:05', 'admin', '2016-11-16 23:51:41', 'admin', 'UPT PUSKESMAS Trowulan', '13.02.07.01.03', 1, '/25//152/', '0', '1'),
(153, 25, '2015-08-21 10:58:16', 'admin', '2016-11-16 23:52:01', 'admin', 'UPT PUSKESMAS Tawangsari', '13.02.07.01.04', 1, '/25//153/', '0', '1'),
(154, 25, '2015-08-21 10:58:27', 'admin', '2016-11-16 23:52:18', 'admin', 'UPT PUSKESMAS Puri', '13.02.07.01.05', 1, '/25//154/', '0', '1'),
(155, 25, '2015-08-21 10:58:37', 'admin', '2016-11-16 23:52:39', 'admin', 'UPT PUSKESMAS Gayaman', '13.02.07.01.06', 1, '/25//155/', '0', '1'),
(156, 25, '2015-08-21 10:58:46', 'admin', '2016-11-16 23:52:57', 'admin', 'UPT PUSKESMAS Bangsal', '13.02.07.01.07', 1, '/25//156/', '0', '1'),
(157, 25, '2015-08-21 10:59:49', 'admin', '2016-11-16 23:53:18', 'admin', 'UPT PUSKESMAS Gedeg', '13.02.07.01.08', 1, '/25//157/', '0', '1'),
(158, 25, '2015-08-21 11:02:55', 'admin', '2016-11-16 23:53:38', 'admin', 'UPT PUSKESMAS Lespadangan', '13.02.07.01.09', 1, '/25//158/', '0', '1'),
(159, 25, '2015-08-21 11:03:05', 'admin', '2016-11-16 23:54:37', 'admin', 'UPT PUSKESMAS Kemlagi', '13.02.07.01.10', 1, '/25//159/', '0', '1'),
(160, 25, '2015-08-21 11:03:19', 'admin', '2016-11-16 23:54:49', 'admin', 'UPT PUSKESMAS Kedungsari', '13.02.07.01.11', 1, '/25//160/', '0', '1'),
(161, 25, '2015-08-21 11:03:31', 'admin', '2016-11-16 23:55:03', 'admin', 'UPT PUSKESMAS Dawarblandong', '13.02.07.01.12', 1, '/25//161/', '0', '1'),
(162, 25, '2015-08-21 11:03:41', 'admin', '2016-11-16 23:55:16', 'admin', 'UPT PUSKESMAS Kupang', '13.02.07.01.13', 1, '/25//162/', '0', '1'),
(163, 25, '2015-08-21 11:03:52', 'admin', '2016-11-16 23:55:27', 'admin', 'UPT PUSKESMAS Jetis', '13.02.07.01.14', 1, '/25//163/', '0', '1'),
(164, 25, '2015-08-21 11:04:03', 'admin', '2016-11-16 23:55:40', 'admin', 'UPT PUSKESMAS Mojosari', '13.02.07.01.15', 1, '/25//164/', '0', '1'),
(165, 25, '2015-08-21 11:04:13', 'admin', '2016-11-16 23:55:53', 'admin', 'UPT PUSKESMAS Modopuro', '13.02.07.01.16', 1, '/25//165/', '0', '1'),
(166, 25, '2015-08-21 11:04:24', 'admin', '2016-11-16 23:56:06', 'admin', 'UPT PUSKESMAS Pungging', '13.02.07.01.17', 1, '/25//166/', '0', '1'),
(167, 25, '2015-08-21 11:04:38', 'admin', '2016-11-16 23:56:21', 'admin', 'UPT PUSKESMAS Watukenongo', '13.02.07.01.18', 1, '/25//167/', '0', '1'),
(168, 25, '2015-08-21 11:04:48', 'admin', '2016-11-16 23:56:41', 'admin', 'UPT PUSKESMAS Ngoro', '13.02.07.01.19', 1, '/25//168/', '0', '1'),
(169, 25, '2015-08-21 11:04:58', 'admin', '2016-11-16 23:56:51', 'admin', 'UPT PUSKESMAS Manduro', '13.02.07.01.20', 1, '/25//169/', '0', '1'),
(170, 25, '2015-08-21 11:05:09', 'admin', '2016-11-16 23:57:03', 'admin', 'UPT PUSKESMAS Dlanggu', '13.02.07.01.21', 1, '/25//170/', '0', '1'),
(171, 25, '2015-08-21 11:05:18', 'admin', '2016-11-16 23:57:15', 'admin', 'UPT PUSKESMAS Kutorejo', '13.02.07.01.22', 1, '/25//171/', '0', '1'),
(172, 25, '2015-08-21 11:05:29', 'admin', '2016-11-16 23:57:26', 'admin', 'UPT PUSKESMAS Pesanggrahan', '13.02.07.01.23', 1, '/25//172/', '0', '1'),
(173, 25, '2015-08-21 11:05:40', 'admin', '2016-11-16 23:57:40', 'admin', 'UPT PUSKESMAS Pacet', '13.02.07.01.24', 1, '/25//173/', '0', '1'),
(174, 25, '2015-08-21 11:05:50', 'admin', '2016-11-16 23:57:53', 'admin', 'UPT PUSKESMAS Pandan', '13.02.07.01.25', 1, '/25//174/', '0', '1'),
(175, 25, '2015-08-21 11:06:00', 'admin', '2016-11-16 23:58:06', 'admin', 'UPT PUSKESMAS Trawas', '13.02.07.01.26', 1, '/25//175/', '0', '1'),
(176, 25, '2015-08-21 11:06:11', 'admin', '2016-11-16 23:58:21', 'admin', 'UPT PUSKESMAS Gondang', '13.02.07.01.27', 1, '/25//176/', '0', '1'),
(177, 25, '2015-08-21 11:06:24', 'admin', '2016-11-16 23:58:35', 'admin', 'UPT PUSKESMAS Jatirejo', '13.02.07.01.28', 1, '/25//177/', '0', '1'),
(178, 1, '2016-11-17 08:00:50', 'admin', '2016-11-17 08:00:50', 'admin', 'KEPALA DAERAH', '13.02.02.01', 1, '/1//178/', '0', '1'),
(179, 1, '2016-11-17 08:01:16', 'admin', '2016-11-17 08:01:16', 'admin', 'WAKIL KEPALA DAERAH', '13.02.03.01', 1, '/1//179/', '0', '1'),
(180, NULL, '2016-11-17 08:02:07', 'admin', '2016-11-17 08:02:07', 'admin', 'PD. Bank Perkreditan Rakyat', '13.02.22.01', 0, '/180/', '0', '1'),
(181, NULL, '2016-11-17 08:02:53', 'admin', '2016-11-17 08:02:53', 'admin', 'PD. Air Minum', '13.02.22.02', 0, '/181/', '0', '1');

-- --------------------------------------------------------

--
-- Struktur dari tabel `secsession`
--

CREATE TABLE `secsession` (
  `session_id` varchar(40) NOT NULL DEFAULT '0',
  `ip_address` varchar(45) NOT NULL DEFAULT '0',
  `user_agent` varchar(120) NOT NULL,
  `last_activity` int(10) UNSIGNED NOT NULL DEFAULT '0',
  `user_data` text NOT NULL
) ENGINE=InnoDB DEFAULT CHARSET=utf8;

--
-- Dumping data untuk tabel `secsession`
--

INSERT INTO `secsession` (`session_id`, `ip_address`, `user_agent`, `last_activity`, `user_data`) VALUES
('0029113aca30c12bc0e8b28c7fbd2045', '192.168.2.90', 'Mozilla/5.0 (Windows NT 6.3; Win64; x64; rv:59.0) Gecko/20100101 Firefox/59.0', 1532495254, ''),
('0377710ef24d63fb5d964d4fa87d2711', '180.250.176.88', 'Mozilla/5.0 (Windows NT 10.0; Win64; x64) AppleWebKit/537.36 (KHTML, like Gecko) Chrome/67.0.3396.87 Safari/537.36', 1544171832, 'a:2:{s:9:"user_data";s:0:"";s:3:"uid";s:5:"admin";}'),
('04a29747c80703bfa5c8dc58889efa3e', '180.250.176.81', 'Mozilla/5.0 (Windows NT 10.0; Win64; x64) AppleWebKit/537.36 (KHTML, like Gecko) Chrome/71.0.3578.98 Safari/537.36', 1549877582, 'a:2:{s:9:"user_data";s:0:"";s:3:"uid";s:5:"admin";}'),
('0646c71560fe26d08a23fecbb53ebd24', '180.250.176.81', 'Mozilla/5.0 (Windows NT 10.0; Win64; x64) AppleWebKit/537.36 (KHTML, like Gecko) Chrome/78.0.3904.70 Safari/537.36', 1572588438, 'a:2:{s:9:"user_data";s:0:"";s:3:"uid";s:5:"admin";}'),
('09f5040af69e50ec8069357d94fc280c', '118.97.238.33', 'Mozilla/5.0 (Windows NT 6.1; Win64; x64) AppleWebKit/537.36 (KHTML, like Gecko) Chrome/66.0.3359.139 Safari/537.36', 1526625804, 'a:2:{s:9:"user_data";s:0:"";s:3:"uid";s:5:"admin";}'),
('0dc6f16a38afee6de4a1ea1255ba8b8d', '180.250.176.81', 'Mozilla/5.0 (Windows NT 6.1; Win64; x64) AppleWebKit/537.36 (KHTML, like Gecko) Chrome/72.0.3626.109 Safari/537.36', 1550735443, 'a:2:{s:9:"user_data";s:0:"";s:3:"uid";s:5:"admin";}'),
('14ec497610877c2adffeb4ce51e7411f', '192.168.2.254', 'Mozilla/5.0 (Windows NT 6.3; WOW64; rv:65.0) Gecko/20100101 Firefox/65.0', 1553758861, 'a:2:{s:9:"user_data";s:0:"";s:3:"uid";s:5:"admin";}'),
('1a4af9309b07c28a1b5fc3a26c4056bf', '180.250.176.65', 'Mozilla/5.0 (Windows NT 6.1; Win64; x64) AppleWebKit/537.36 (KHTML, like Gecko) Chrome/71.0.3578.80 Safari/537.36', 1544005592, 'a:2:{s:9:"user_data";s:0:"";s:3:"uid";s:5:"admin";}'),
('1af4fde2c847ef4005a4d188b50ae8f7', '180.250.176.81', 'Mozilla/5.0 (Windows NT 10.0; Win64; x64) AppleWebKit/537.36 (KHTML, like Gecko) Chrome/74.0.3729.131 Safari/537.36', 1557279071, 'a:2:{s:9:"user_data";s:0:"";s:3:"uid";s:5:"admin";}'),
('1b3d9caa3aa52729fac26efb12b3e556', '180.250.176.81', 'Mozilla/5.0 (Windows NT 6.1; Win64; x64) AppleWebKit/537.36 (KHTML, like Gecko) Chrome/71.0.3578.98 Safari/537.36', 1550042261, 'a:2:{s:9:"user_data";s:0:"";s:22:"flash:new:current_page";s:20:"aset/get_list_lokasi";}'),
('1bdcf7b4b370986d09e3adcfac6e806c', '180.250.176.81', 'Mozilla/5.0 (Windows NT 10.0; Win64; x64) AppleWebKit/537.36 (KHTML, like Gecko) Chrome/76.0.3809.132 Safari/537.36', 1568945628, 'a:2:{s:9:"user_data";s:0:"";s:3:"uid";s:5:"admin";}'),
('1d403fb218c3086061566eb43cfb81b4', '180.250.176.81', 'Mozilla/5.0 (Windows NT 6.1; Win64; x64; rv:48.0) Gecko/20100101 Firefox/48.0', 1548998471, ''),
('2079ef4ad603fe92270570bf3bb7f7af', '192.168.2.90', 'Mozilla/5.0 (Windows NT 6.3; Win64; x64; rv:58.0) Gecko/20100101 Firefox/58.0', 1519620602, ''),
('227efd650f1236d542feea15e2ca5ce0', '180.250.176.81', 'Mozilla/5.0 (Windows NT 10.0; Win64; x64) AppleWebKit/537.36 (KHTML, like Gecko) Chrome/76.0.3809.100 Safari/537.36', 1565579798, ''),
('23b5402b75df3007f0ae691518d0764a', '118.97.238.33', 'Mozilla/5.0 (Windows NT 10.0; Win64; x64) AppleWebKit/537.36 (KHTML, like Gecko) Chrome/66.0.3359.181 Safari/537.36', 1526537509, 'a:2:{s:9:"user_data";s:0:"";s:3:"uid";s:5:"admin";}'),
('26751454d998b82023ba9be4984ac6a7', '180.250.176.88', 'Mozilla/5.0 (Windows NT 10.0; Win64; x64) AppleWebKit/537.36 (KHTML, like Gecko) Chrome/69.0.3497.100 Safari/537.36', 1540972184, 'a:1:{s:3:"uid";s:5:"admin";}'),
('26c0bfc75d5636ee0355c6e87a4afd6f', '180.250.176.88', 'Mozilla/5.0 (Windows NT 10.0; Win64; x64) AppleWebKit/537.36 (KHTML, like Gecko) Chrome/64.0.3282.186 Safari/537.36', 1520849808, 'a:1:{s:3:"uid";s:5:"admin";}'),
('285c6927d29ed85289c993f179ee58dc', '180.250.176.88', 'Mozilla/5.0 (Windows NT 6.1; Win64; x64) AppleWebKit/537.36 (KHTML, like Gecko) Chrome/67.0.3396.99 Safari/537.36', 1532501098, 'a:2:{s:9:"user_data";s:0:"";s:3:"uid";s:5:"admin";}'),
('28bd479e24ab8fc54ebaf7f03627dd53', '180.250.176.65', 'Mozilla/5.0 (Windows NT 6.1; Win64; x64; rv:48.0) Gecko/20100101 Firefox/48.0', 1519261932, ''),
('2a86199450fde92dc1c1051265530f72', '180.250.176.81', 'Mozilla/5.0 (Windows NT 10.0; Win64; x64) AppleWebKit/537.36 (KHTML, like Gecko) Chrome/76.0.3809.132 Safari/537.36', 1568076482, 'a:2:{s:9:"user_data";s:0:"";s:3:"uid";s:5:"admin";}'),
('2a8cc96462abde57c4a32cf873725615', '192.168.2.90', 'Mozilla/5.0 (Windows NT 6.3; Win64; x64; rv:58.0) Gecko/20100101 Firefox/58.0', 1522128736, 'a:2:{s:9:"user_data";s:0:"";s:3:"uid";s:5:"admin";}'),
('2b933932a39ed96a67205052451bba37', '180.250.176.65', 'Mozilla/5.0 (Windows NT 6.1; Win64; x64; rv:48.0) Gecko/20100101 Firefox/48.0', 1520299105, ''),
('2db3bcf714cc5058264299e89fd9ffd9', '180.250.176.81', 'Mozilla/5.0 (Windows NT 10.0; Win64; x64) AppleWebKit/537.36 (KHTML, like Gecko) Chrome/74.0.3729.108 Safari/537.36', 1556758384, ''),
('2f3f4a63a9cd7e22d016517e6d20e07e', '180.250.176.88', 'Mozilla/5.0 (Windows NT 10.0; Win64; x64) AppleWebKit/537.36 (KHTML, like Gecko) Chrome/64.0.3282.167 Safari/537.36', 1519262514, 'a:2:{s:9:"user_data";s:0:"";s:3:"uid";s:5:"sisfo";}'),
('30a674789d1eebecdd7167b4fc1d92ff', '180.250.176.65', 'Mozilla/5.0 (Windows NT 10.0; Win64; x64) AppleWebKit/537.36 (KHTML, like Gecko) Chrome/63.0.3239.132 Safari/537.36 OPR/', 1519631517, 'a:2:{s:9:"user_data";s:0:"";s:3:"uid";s:5:"admin";}'),
('3131de62cd497728116ad080a7517558', '180.250.176.81', 'Mozilla/5.0 (Windows NT 6.1; Win64; x64) AppleWebKit/537.36 (KHTML, like Gecko) Chrome/71.0.3578.98 Safari/537.36', 1550221041, 'a:2:{s:9:"user_data";s:0:"";s:3:"uid";s:5:"admin";}'),
('314d09fb00d730a0e87675e536648d2c', '180.250.176.88', 'Mozilla/5.0 (Windows NT 10.0; Win64; x64) AppleWebKit/537.36 (KHTML, like Gecko) Chrome/64.0.3282.140 Safari/537.36', 1518486856, 'a:2:{s:9:"user_data";s:0:"";s:3:"uid";s:5:"admin";}'),
('32b4e113a21c9bd34d8793ad41f36059', '192.168.2.254', 'Mozilla/5.0 (Windows NT 10.0; WOW64) AppleWebKit/537.36 (KHTML, like Gecko) Chrome/55.0.2883.87 UBrowser/7.0.185.1002 Sa', 1577778848, 'a:2:{s:9:"user_data";s:0:"";s:3:"uid";s:5:"admin";}'),
('32f1e9ec4bbc7aaeccd8b8da3a9c4017', '192.168.2.90', 'Mozilla/5.0 (Windows NT 6.3; Win64; x64; rv:58.0) Gecko/20100101 Firefox/58.0', 1519620602, ''),
('33ea488668419b86e05e4db7e42b956d', '180.250.176.81', 'Mozilla/5.0 (Windows NT 10.0; Win64; x64) AppleWebKit/537.36 (KHTML, like Gecko) Chrome/75.0.3770.142 Safari/537.36', 1565163793, 'a:2:{s:9:"user_data";s:0:"";s:3:"uid";s:5:"admin";}'),
('3d24048c4912baaf5bcf02df9e67f92c', '180.250.176.81', 'Mozilla/5.0 (Linux; Android 7.0; HUAWEI VNS-L31) AppleWebKit/537.36 (KHTML, like Gecko) Chrome/78.0.3904.108 Mobile Safa', 1575536236, 'a:2:{s:9:"user_data";s:0:"";s:22:"flash:old:current_page";s:17:"aset/hitung_susut";}'),
('3d3d70e5500459cb10131c651b7e76d3', '180.250.176.65', 'Mozilla/5.0 (Windows NT 10.0; Win64; x64) AppleWebKit/537.36 (KHTML, like Gecko) Chrome/64.0.3282.140 Safari/537.36', 1518410445, 'a:2:{s:9:"user_data";s:0:"";s:3:"uid";s:5:"admin";}'),
('40222f5fc3a2de88c24602f61bda5186', '180.250.176.81', 'Mozilla/5.0 (Windows NT 10.0; Win64; x64) AppleWebKit/537.36 (KHTML, like Gecko) Chrome/77.0.3865.90 Safari/537.36', 1569989737, 'a:2:{s:9:"user_data";s:0:"";s:3:"uid";s:5:"admin";}'),
('46bae0feb53bba0d34681238ba4e293d', '180.250.176.81', 'Mozilla/5.0 (Windows NT 10.0; Win64; x64) AppleWebKit/537.36 (KHTML, like Gecko) Chrome/74.0.3729.108 Safari/537.36', 1556763966, 'a:2:{s:9:"user_data";s:0:"";s:3:"uid";s:5:"admin";}'),
('4b60942f86b58ae03a8e26322dc00f4a', '180.250.176.65', 'Mozilla/5.0 (Windows NT 10.0; Win64; x64) AppleWebKit/537.36 (KHTML, like Gecko) Chrome/65.0.3325.181 Safari/537.36', 1524722948, 'a:2:{s:9:"user_data";s:0:"";s:3:"uid";s:5:"admin";}'),
('4d837cda0dce59442693be3a59472cda', '180.250.176.81', 'Mozilla/5.0 (Windows NT 10.0; Win64; x64) AppleWebKit/537.36 (KHTML, like Gecko) Chrome/72.0.3626.109 Safari/537.36', 1550722691, 'a:2:{s:9:"user_data";s:0:"";s:3:"uid";s:5:"admin";}'),
('4dece7108ecb5255c15136b8370e25a3', '180.250.176.81', 'Mozilla/5.0 (Windows NT 6.1; Win64; x64; rv:48.0) Gecko/20100101 Firefox/48.0', 1547691630, ''),
('4e0c3d7206351a44d6e76cdb68d0cec6', '180.250.176.81', 'Mozilla/5.0 (Linux; Android 7.0; HUAWEI VNS-L31) AppleWebKit/537.36 (KHTML, like Gecko) Chrome/78.0.3904.96 Mobile Safar', 1573980095, 'a:2:{s:9:"user_data";s:0:"";s:3:"uid";s:5:"admin";}'),
('5057c3805a2ed783bc6b993f829546c2', '192.168.2.90', 'Mozilla/5.0 (Windows NT 6.3; Win64; x64; rv:58.0) Gecko/20100101 Firefox/58.0', 1517478350, ''),
('50e429679de968766f8053a1a326ae6e', '180.250.176.88', 'Mozilla/5.0 (Windows NT 6.1; Win64; x64) AppleWebKit/537.36 (KHTML, like Gecko) Chrome/69.0.3497.100 Safari/537.36', 1538027636, 'a:2:{s:9:"user_data";s:0:"";s:3:"uid";s:5:"sisfo";}'),
('5471feecce3d0dbd7a5b72fdd024247f', '180.250.176.88', 'Mozilla/5.0 (Windows NT 10.0; Win64; x64) AppleWebKit/537.36 (KHTML, like Gecko) Chrome/66.0.3359.181 Safari/537.36', 1527207701, 'a:2:{s:9:"user_data";s:0:"";s:3:"uid";s:5:"admin";}'),
('5511b43869a643bb659f57e83d2fd04c', '114.5.94.161', 'Mozilla/5.0 (Windows NT 10.0; Win64; x64) AppleWebKit/537.36 (KHTML, like Gecko) Chrome/79.0.3945.117 Safari/537.36', 1579058104, 'a:2:{s:9:"user_data";s:0:"";s:3:"uid";s:5:"admin";}'),
('57116bceb8d2f69e3b69357e060f50f8', '118.97.238.33', 'Mozilla/5.0 (Windows NT 6.3; WOW64; rv:60.0) Gecko/20100101 Firefox/60.0', 1526299938, 'a:2:{s:9:"user_data";s:0:"";s:3:"uid";s:5:"admin";}'),
('59462d56364a6b05442e92f60c6a932b', '180.250.176.65', 'Mozilla/5.0 (Windows NT 6.1; Win64; x64) AppleWebKit/537.36 (KHTML, like Gecko) Chrome/65.0.3325.181 Safari/537.36', 1522727910, 'a:2:{s:9:"user_data";s:0:"";s:3:"uid";s:5:"admin";}'),
('5a22dfb85d8cb37d4f3f786fba2ebbe7', '192.168.2.90', 'Mozilla/5.0 (Windows NT 6.3; Win64; x64; rv:59.0) Gecko/20100101 Firefox/59.0', 1532495254, 'a:2:{s:9:"user_data";s:0:"";s:22:"flash:new:current_page";s:17:"aset/hitung_susut";}'),
('5b15e499a7890f95c9c69904f47b4c05', '180.250.176.88', 'Mozilla/5.0 (Windows NT 10.0; Win64; x64) AppleWebKit/537.36 (KHTML, like Gecko) Chrome/64.0.3282.140 Safari/537.36', 1518603361, 'a:2:{s:9:"user_data";s:0:"";s:3:"uid";s:5:"admin";}'),
('5c5a1bf40917f93a9c3009ecc1839be8', '180.250.176.81', 'Mozilla/5.0 (Windows NT 10.0; Win64; x64; rv:65.0) Gecko/20100101 Firefox/65.0', 1550461730, ''),
('5eab8ca752e40b649912f7ce1fba7f0b', '114.5.94.161', 'Mozilla/5.0 (Windows NT 10.0; Win64; x64) AppleWebKit/537.36 (KHTML, like Gecko) Chrome/79.0.3945.88 Safari/537.36', 1578538485, 'a:2:{s:9:"user_data";s:0:"";s:3:"uid";s:5:"admin";}'),
('60f993c8f5ce8bfbeefcadde5c9488a7', '180.250.176.81', 'Mozilla/5.0 (Windows NT 10.0; Win64; x64) AppleWebKit/537.36 (KHTML, like Gecko) Chrome/75.0.3770.100 Safari/537.36', 1562897325, 'a:2:{s:9:"user_data";s:0:"";s:3:"uid";s:5:"admin";}'),
('61ac584f4cd796f4e1361a42456e1121', '192.168.2.90', 'Mozilla/5.0 (Windows NT 6.3; Win64; x64; rv:64.0) Gecko/20100101 Firefox/64.0', 1547797714, 'a:2:{s:9:"user_data";s:0:"";s:3:"uid";s:5:"admin";}'),
('634133b6069abf1fff4a82d3a1d151e4', '180.250.176.81', 'Mozilla/5.0 (Linux; Android 7.0; HUAWEI VNS-L31) AppleWebKit/537.36 (KHTML, like Gecko) Chrome/76.0.3809.111 Mobile Safa', 1566976233, 'a:2:{s:9:"user_data";s:0:"";s:3:"uid";s:5:"admin";}'),
('6375b4797c123904c42a0b496752e368', '180.250.176.81', 'Mozilla/5.0 (Windows NT 10.0; Win64; x64) AppleWebKit/537.36 (KHTML, like Gecko) Chrome/70.0.3538.110 Safari/537.36', 1544415397, 'a:2:{s:9:"user_data";s:0:"";s:3:"uid";s:5:"sisfo";}'),
('63f83308ee9d078951baf9a5dc69c3ec', '180.250.176.65', 'Mozilla/5.0 (Windows NT 6.1; Win64; x64) AppleWebKit/537.36 (KHTML, like Gecko) Chrome/64.0.3282.140 Safari/537.36', 1518509332, 'a:2:{s:9:"user_data";s:0:"";s:22:"flash:new:current_page";s:22:"aset/tambah_aset_renov";}'),
('6c6b14fb78ee5b84016ca4613411c68c', '180.250.176.65', 'Mozilla/5.0 (Windows NT 6.1; Win64; x64) AppleWebKit/537.36 (KHTML, like Gecko) Chrome/66.0.3359.117 Safari/537.36', 1524813824, 'a:2:{s:9:"user_data";s:0:"";s:3:"uid";s:5:"admin";}'),
('6eba36a818c31ca78229736793efc336', '180.250.176.81', 'Mozilla/5.0 (Windows NT 6.3; WOW64; rv:64.0) Gecko/20100101 Firefox/64.0', 1549265289, 'a:2:{s:9:"user_data";s:0:"";s:3:"uid";s:5:"admin";}'),
('6eda07ab38bf853f14e4092cc212cba8', '192.168.2.254', 'Mozilla/5.0 (Windows NT 6.1; WOW64) AppleWebKit/537.36 (KHTML, like Gecko) Chrome/60.0.3112.113 UBrowser/7.0.69.1021 Saf', 1544171810, ''),
('7016360d8b1cff9a5e286f9598298e60', '180.250.176.81', 'Mozilla/5.0 (Windows NT 10.0; Win64; x64) AppleWebKit/537.36 (KHTML, like Gecko) Chrome/77.0.3865.90 Safari/537.36', 1570754879, 'a:2:{s:9:"user_data";s:0:"";s:3:"uid";s:5:"admin";}'),
('715987ca0af535a9e17df2195e43621e', '180.250.176.88', 'Mozilla/5.0 (Windows NT 6.1; WOW64) AppleWebKit/537.36 (KHTML, like Gecko) Chrome/60.0.3112.113 UBrowser/7.0.69.1021 Saf', 1519610214, 'a:2:{s:9:"user_data";s:0:"";s:3:"uid";s:5:"admin";}'),
('76f86904ff4d1585be57ea051a329ee7', '180.250.176.65', 'Mozilla/5.0 (Windows NT 6.1; Win64; x64) AppleWebKit/537.36 (KHTML, like Gecko) Chrome/64.0.3282.167 Safari/537.36', 1519803016, 'a:2:{s:9:"user_data";s:0:"";s:3:"uid";s:5:"admin";}'),
('770b465878111d1a8ff7cd1e2a7ff4c5', '180.250.176.81', 'Mozilla/5.0 (Windows NT 10.0; Win64; x64) AppleWebKit/537.36 (KHTML, like Gecko) Chrome/78.0.3904.97 Safari/537.36', 1573778743, ''),
('7ac0abe14bf65d4ab58c5ac07d9b00fa', '192.168.2.90', 'Mozilla/5.0 (Windows NT 6.3; Win64; x64; rv:58.0) Gecko/20100101 Firefox/58.0', 1519620602, ''),
('7bad9e7e4c93d2ae59ae8ffa9395f7cb', '180.250.176.81', 'Mozilla/5.0 (Windows NT 10.0; Win64; x64) AppleWebKit/537.36 (KHTML, like Gecko) Chrome/77.0.3865.120 Safari/537.36', 1571885316, 'a:1:{s:3:"uid";s:5:"admin";}'),
('81127f64c4372f39c6e9e85f407cc852', '180.250.176.81', 'Mozilla/5.0 (Windows NT 6.1; Win64; x64; rv:48.0) Gecko/20100101 Firefox/48.0', 1576123670, 'a:2:{s:9:"user_data";s:0:"";s:3:"uid";s:5:"admin";}'),
('81b9bb5d798d89052f783e86d146c597', '180.250.176.81', 'Mozilla/5.0 (Windows NT 10.0; Win64; x64) AppleWebKit/537.36 (KHTML, like Gecko) Chrome/74.0.3729.108 Safari/537.36', 1556758380, 'a:2:{s:9:"user_data";s:0:"";s:3:"uid";s:5:"admin";}'),
('82161b573ae4d5e07df050841fa88279', '180.250.176.65', 'Mozilla/5.0 (Windows NT 6.1; Win64; x64) AppleWebKit/537.36 (KHTML, like Gecko) Chrome/70.0.3538.110 Safari/537.36', 1543837939, 'a:2:{s:9:"user_data";s:0:"";s:3:"uid";s:5:"admin";}'),
('84f784037fe8c95dc0a9f723e3435be6', '118.97.238.33', 'Mozilla/5.0 (Linux; Android 7.0; HUAWEI VNS-L31 Build/HUAWEIVNS-L31) AppleWebKit/537.36 (KHTML, like Gecko) Chrome/63.0.', 1515728276, ''),
('87852d1d6e90ad13b9022f08214f338b', '192.168.2.90', 'Mozilla/5.0 (Windows NT 6.3; Win64; x64; rv:58.0) Gecko/20100101 Firefox/58.0', 1517478350, ''),
('8793392bd99b96c15a9c5082267ef3e4', '180.250.176.65', 'Mozilla/5.0 (Windows NT 6.1; Win64; x64) AppleWebKit/537.36 (KHTML, like Gecko) Chrome/68.0.3440.84 Safari/537.36', 1533264180, 'a:2:{s:9:"user_data";s:0:"";s:3:"uid";s:5:"admin";}'),
('8ae10a3ac43b34902ffbd07c10a0a59d', '180.250.176.65', 'Mozilla/5.0 (Windows NT 10.0; Win64; x64) AppleWebKit/537.36 (KHTML, like Gecko) Chrome/65.0.3325.181 Safari/537.36', 1523962863, 'a:2:{s:9:"user_data";s:0:"";s:3:"uid";s:5:"admin";}'),
('8b990f6840481ec4a48357b7e112d179', '192.168.2.90', 'Mozilla/5.0 (Windows NT 6.3; Win64; x64; rv:58.0) Gecko/20100101 Firefox/58.0', 1517478350, 'a:2:{s:9:"user_data";s:0:"";s:22:"flash:new:current_page";s:14:"aset/realisasi";}'),
('8c72f887c3758941429066096d45840a', '118.97.238.33', 'Mozilla/5.0 (Windows NT 6.1; Win64; x64) AppleWebKit/537.36 (KHTML, like Gecko) Chrome/66.0.3359.181 Safari/537.36', 1527130579, 'a:2:{s:9:"user_data";s:0:"";s:3:"uid";s:5:"admin";}'),
('8dc5eff587b2946bd5795048daacefc2', '180.250.176.81', 'Mozilla/5.0 (Windows NT 6.1; Win64; x64) AppleWebKit/537.36 (KHTML, like Gecko) Chrome/71.0.3578.98 Safari/537.36', 1550215146, 'a:2:{s:9:"user_data";s:0:"";s:22:"flash:old:current_page";s:22:"aset/tambah_aset_renov";}'),
('8e82a95aa329e60ae747451131496bf5', '180.250.176.88', 'Mozilla/5.0 (Windows NT 10.0; Win64; x64) AppleWebKit/537.36 (KHTML, like Gecko) Chrome/66.0.3359.181 Safari/537.36', 1526536293, 'a:2:{s:9:"user_data";s:0:"";s:3:"uid";s:5:"admin";}'),
('92330911d56fa98e217ad9835adb02af', '192.168.2.90', 'Mozilla/5.0 (Windows NT 6.3; Win64; x64; rv:60.0) Gecko/20100101 Firefox/60.0', 1538022807, ''),
('94370947c0a4486fd9357593afa4ba48', '192.168.2.90', 'Mozilla/5.0 (Windows NT 6.3; Win64; x64; rv:57.0) Gecko/20100101 Firefox/57.0', 1517193308, 'a:2:{s:9:"user_data";s:0:"";s:3:"uid";s:5:"admin";}'),
('9564054d3d9d8531a15475856ea38c5e', '180.250.176.65', 'Mozilla/5.0 (Windows NT 10.0; Win64; x64) AppleWebKit/537.36 (KHTML, like Gecko) Chrome/64.0.3282.186 Safari/537.36', 1521091956, 'a:2:{s:9:"user_data";s:0:"";s:3:"uid";s:5:"admin";}'),
('99782fd910cc8cd27d4fb8b6482f9f8e', '192.168.2.254', 'Mozilla/5.0 (Windows NT 6.1; Win64; x64) AppleWebKit/537.36 (KHTML, like Gecko) Chrome/71.0.3578.80 Safari/537.36', 1544592152, 'a:2:{s:9:"user_data";s:0:"";s:3:"uid";s:5:"sisfo";}'),
('9af45a5e93316cc1eb79746ed040b2da', '180.250.176.81', 'Mozilla/5.0 (Windows NT 10.0; Win64; x64) AppleWebKit/537.36 (KHTML, like Gecko) Chrome/76.0.3809.100 Safari/537.36', 1565579804, ''),
('9bc641db0273501fde71b126b4a61d80', '180.250.176.81', 'Mozilla/5.0 (Windows NT 10.0; Win64; x64) AppleWebKit/537.36 (KHTML, like Gecko) Chrome/72.0.3626.119 Safari/537.36', 1551342976, 'a:2:{s:9:"user_data";s:0:"";s:3:"uid";s:5:"admin";}'),
('9c20d27cb26c164c3a04fa25049135d0', '180.250.176.81', 'Mozilla/5.0 (Windows NT 6.3; WOW64; rv:66.0) Gecko/20100101 Firefox/66.0', 1559099673, 'a:1:{s:9:"user_data";s:0:"";}'),
('9d375f32e8c696fb4a23f5de0a7012e3', '180.250.176.81', 'Mozilla/5.0 (Windows NT 6.3; WOW64; rv:68.0) Gecko/20100101 Firefox/68.0', 1565672810, 'a:2:{s:9:"user_data";s:0:"";s:3:"uid";s:5:"admin";}'),
('9e8ec5df944f1f951e87d5358c791d1b', '118.97.238.33', 'Mozilla/5.0 (Windows NT 6.3; WOW64; rv:60.0) Gecko/20100101 Firefox/60.0', 1526013008, ''),
('a21895847f86a71633b3764905a3c7cb', '180.250.176.81', 'Mozilla/5.0 (Windows NT 10.0; Win64; x64) AppleWebKit/537.36 (KHTML, like Gecko) Chrome/78.0.3904.87 Safari/537.36', 1573606060, 'a:2:{s:9:"user_data";s:0:"";s:3:"uid";s:5:"admin";}'),
('a22d231b70f3c29f0b62b10c90286fe0', '180.250.176.81', 'Mozilla/5.0 (Windows NT 10.0; Win64; x64; rv:65.0) Gecko/20100101 Firefox/65.0', 1550461461, 'a:1:{s:9:"user_data";s:0:"";}'),
('a488f13cad376acec4661bca9f085d99', '180.250.176.81', 'Mozilla/5.0 (Windows NT 6.1; Win64; x64; rv:48.0) Gecko/20100101 Firefox/48.0', 1562040905, 'a:2:{s:9:"user_data";s:0:"";s:3:"uid";s:5:"admin";}'),
('a5df6e611cfbee1bcfa6ea4bf309965a', '180.250.176.81', 'Mozilla/5.0 (Windows NT 6.1; Win64; x64) AppleWebKit/537.36 (KHTML, like Gecko) Chrome/72.0.3626.109 Safari/537.36', 1550823182, 'a:2:{s:9:"user_data";s:0:"";s:3:"uid";s:5:"admin";}'),
('a6f0ce716071b845ae2c65e22a8eeba1', '180.250.176.65', 'Mozilla/5.0 (Windows NT 6.1; Win64; x64) AppleWebKit/537.36 (KHTML, like Gecko) Chrome/64.0.3282.186 Safari/537.36', 1520414903, 'a:2:{s:9:"user_data";s:0:"";s:3:"uid";s:5:"admin";}'),
('a750d96d1fbbd5adbf2ff022b4385912', '::1', 'Mozilla/5.0 (Windows NT 6.3; Win64; x64; rv:58.0) Gecko/20100101 Firefox/58.0', 1520394477, ''),
('a8c0afbf21af0a15781d6fdb50948b31', '118.97.238.33', 'Mozilla/5.0 (Windows NT 6.3; WOW64; rv:60.0) Gecko/20100101 Firefox/60.0', 1527646460, 'a:2:{s:9:"user_data";s:0:"";s:22:"flash:old:current_page";s:14:"aset/list_skpd";}'),
('a945f70f7528cbc0774c060a7e00cc3a', '118.97.238.33', 'Mozilla/5.0 (Windows NT 6.1; Win64; x64) AppleWebKit/537.36 (KHTML, like Gecko) Chrome/67.0.3396.99 Safari/537.36', 1532570048, 'a:2:{s:9:"user_data";s:0:"";s:3:"uid";s:5:"admin";}'),
('a9adbec41e80cd09ceaf3b53d9425c78', '192.168.2.90', 'Mozilla/5.0 (Windows NT 6.3; Win64; x64; rv:60.0) Gecko/20100101 Firefox/60.0', 1538022536, ''),
('a9badfd22b4c5974c2c7958c4c1bf47a', '180.250.176.81', 'Mozilla/5.0 (Windows NT 10.0; Win64; x64) AppleWebKit/537.36 (KHTML, like Gecko) Chrome/78.0.3904.108 Safari/537.36', 1576124083, 'a:1:{s:3:"uid";s:5:"admin";}'),
('aa1b7982d5b706f8f5f26e4fc9d0ee5b', '180.250.176.88', 'Mozilla/5.0 (Windows NT 10.0; Win64; x64) AppleWebKit/537.36 (KHTML, like Gecko) Chrome/63.0.3239.132 Safari/537.36', 1516091240, 'a:2:{s:9:"user_data";s:0:"";s:17:"flash:old:message";b:0;}'),
('ab69d95d69ca724e62dad86449587e86', '180.250.176.81', 'Mozilla/5.0 (Windows NT 10.0; Win64; x64) AppleWebKit/537.36 (KHTML, like Gecko) Chrome/72.0.3626.121 Safari/537.36', 1552890357, 'a:2:{s:9:"user_data";s:0:"";s:3:"uid";s:5:"admin";}'),
('abb437eb0dcacba7568df3eb6377a1bd', '180.250.176.81', 'Mozilla/5.0 (Windows NT 6.1; Win64; x64; rv:48.0) Gecko/20100101 Firefox/48.0', 1549244637, ''),
('acd434ddca41e15b5917c4a81fd22f14', '180.250.176.81', 'Mozilla/5.0 (Windows NT 10.0; Win64; x64) AppleWebKit/537.36 (KHTML, like Gecko) Chrome/73.0.3683.86 Safari/537.36', 1554953550, 'a:2:{s:9:"user_data";s:0:"";s:3:"uid";s:5:"admin";}'),
('add2a6b9067009a3929925bfc6f4575a', '180.250.176.81', 'Mozilla/5.0 (Windows NT 6.1; Win64; x64) AppleWebKit/537.36 (KHTML, like Gecko) Chrome/71.0.3578.98 Safari/537.36', 1550042261, 'a:2:{s:9:"user_data";s:0:"";s:3:"uid";s:5:"admin";}'),
('adf60b02786b6e6ead11cecfd1329dcb', '118.97.238.33', 'Mozilla/5.0 (Windows NT 10.0; Win64; x64) AppleWebKit/537.36 (KHTML, like Gecko) Chrome/66.0.3359.139 Safari/537.36', 1526368816, 'a:2:{s:9:"user_data";s:0:"";s:3:"uid";s:5:"admin";}'),
('af624534b96d11d218bd1c15cea3fb16', '180.250.176.81', 'Mozilla/5.0 (Windows NT 10.0; Win64; x64) AppleWebKit/537.36 (KHTML, like Gecko) Chrome/76.0.3809.100 Safari/537.36', 1566881636, 'a:2:{s:9:"user_data";s:0:"";s:3:"uid";s:5:"admin";}'),
('b0f2ae0509b1196ca4d2a07db84b269d', '118.97.238.33', 'Mozilla/5.0 (Windows NT 6.1; Win64; x64; rv:48.0) Gecko/20100101 Firefox/48.0', 1517549542, 'a:2:{s:9:"user_data";s:0:"";s:3:"uid";s:5:"admin";}'),
('b1cc98052626149d5e571f0736435b04', '180.250.176.88', 'Mozilla/5.0 (Windows NT 6.1; Win64; x64; rv:62.0) Gecko/20100101 Firefox/62.0', 1538027997, 'a:2:{s:9:"user_data";s:0:"";s:3:"uid";s:5:"sisfo";}'),
('b4272f7fb641f98666cc50217523b9e1', '180.250.176.88', 'Mozilla/5.0 (Windows NT 10.0; Win64; x64) AppleWebKit/537.36 (KHTML, like Gecko) Chrome/64.0.3282.167 Safari/537.36', 1519951072, 'a:2:{s:9:"user_data";s:0:"";s:3:"uid";s:5:"admin";}'),
('b46f6455ce0a6c2a290bb0b9d987ab90', '180.250.176.88', 'Mozilla/5.0 (Windows NT 10.0; WOW64) AppleWebKit/537.36 (KHTML, like Gecko) Chrome/55.0.2883.87 UBrowser/7.0.185.1002 Sa', 1539738849, 'a:2:{s:9:"user_data";s:0:"";s:3:"uid";s:5:"admin";}'),
('bb57c5d61e9080a0ef34e9f110a90610', '192.168.2.90', 'Mozilla/5.0 (Windows NT 6.3; Win64; x64; rv:58.0) Gecko/20100101 Firefox/58.0', 1519620602, 'a:2:{s:9:"user_data";s:0:"";s:22:"flash:new:current_page";s:17:"aset/tambah_nilai";}'),
('bc70b41a3bf60bf7a2a49c68ffe8c556', '192.168.2.90', 'Mozilla/5.0 (Windows NT 6.3; Win64; x64; rv:59.0) Gecko/20100101 Firefox/59.0', 1532495254, ''),
('bf4ea048f5fcc28826b3b98a30733e2c', '180.250.176.88', 'Mozilla/5.0 (Windows NT 10.0; Win64; x64) AppleWebKit/537.36 (KHTML, like Gecko) Chrome/66.0.3359.139 Safari/537.36', 1525854446, 'a:2:{s:9:"user_data";s:0:"";s:3:"uid";s:5:"admin";}'),
('bfc76ec4fed01def8d7667754338b322', '118.97.238.33', 'Mozilla/5.0 (Windows NT 6.1; Win64; x64; rv:48.0) Gecko/20100101 Firefox/48.0', 1529997300, ''),
('c1461ff4e17c17d9ae715d837b277ab2', '118.97.238.33', 'Mozilla/5.0 (Windows NT 6.2; Win64; x64) AppleWebKit/537.36 (KHTML, like Gecko) Chrome/67.0.3396.99 Safari/537.36', 1533183025, 'a:2:{s:9:"user_data";s:0:"";s:3:"uid";s:5:"admin";}'),
('c20358ed6d9145b63cd7b051814966da', '180.250.176.81', 'Mozilla/5.0 (Windows NT 6.1; Win64; x64; rv:48.0) Gecko/20100101 Firefox/48.0', 1549244635, 'a:2:{s:9:"user_data";s:0:"";s:22:"flash:new:current_page";s:17:"aset/hitung_susut";}'),
('c275602d9cd670d589c0af7ad8c96f3f', '180.250.176.88', 'Mozilla/5.0 (Windows NT 6.1; Win64; x64) AppleWebKit/537.36 (KHTML, like Gecko) Chrome/69.0.3497.100 Safari/537.36', 1538027874, 'a:2:{s:9:"user_data";s:0:"";s:3:"uid";s:5:"sisfo";}'),
('c3296b224729918377af69862b29ccdb', '118.97.238.33', 'Mozilla/5.0 (Windows NT 10.0; Win64; x64) AppleWebKit/537.36 (KHTML, like Gecko) Chrome/63.0.3239.132 Safari/537.36', 1518431199, 'a:2:{s:9:"user_data";s:0:"";s:3:"uid";s:5:"admin";}'),
('c4cd0cbba2da086388633182bbd53c78', '180.250.176.81', 'Mozilla/5.0 (Linux; Android 7.0; HUAWEI VNS-L31) AppleWebKit/537.36 (KHTML, like Gecko) Chrome/73.0.3683.90 Mobile Safar', 1555583122, 'a:2:{s:9:"user_data";s:0:"";s:3:"uid";s:5:"admin";}'),
('c7c87b94dd22c0cfbdb17baba0384560', '192.168.2.90', 'Mozilla/5.0 (Windows NT 6.3; Win64; x64; rv:59.0) Gecko/20100101 Firefox/59.0', 1532665258, 'a:2:{s:9:"user_data";s:0:"";s:3:"uid";s:5:"admin";}'),
('cb76c2ff0ef7b74152833be146a8bd42', '192.168.2.90', 'Mozilla/5.0 (Windows NT 6.3; Win64; x64; rv:59.0) Gecko/20100101 Firefox/59.0', 1532495254, ''),
('cdb780da2680db6075106ef603e4762c', '180.250.176.65', 'Mozilla/5.0 (Windows NT 6.1; Win64; x64) AppleWebKit/537.36 (KHTML, like Gecko) Chrome/68.0.3440.106 Safari/537.36', 1535945629, 'a:2:{s:9:"user_data";s:0:"";s:3:"uid";s:5:"admin";}'),
('ced972d4ef1eda6fdf7c90a9e767a65c', '180.250.176.65', 'Mozilla/5.0 (Windows NT 10.0; Win64; x64) AppleWebKit/537.36 (KHTML, like Gecko) Chrome/64.0.3282.167 Safari/537.36', 1519387694, 'a:2:{s:9:"user_data";s:0:"";s:3:"uid";s:5:"admin";}'),
('cf7a5d96f7a4bd0446fb0c13eaca46a5', '180.250.176.88', 'Mozilla/5.0 (Windows NT 10.0; Win64; x64) AppleWebKit/537.36 (KHTML, like Gecko) Chrome/65.0.3325.181 Safari/537.36', 1525068124, 'a:2:{s:9:"user_data";s:0:"";s:3:"uid";s:5:"admin";}'),
('d2d221727da9398522d63abe99a0c4a5', '180.250.176.81', 'Mozilla/5.0 (Windows NT 10.0; Win64; x64) AppleWebKit/537.36 (KHTML, like Gecko) Chrome/78.0.3904.97 Safari/537.36', 1574385454, 'a:2:{s:9:"user_data";s:0:"";s:3:"uid";s:5:"admin";}'),
('d34e678f3279fb8c3508104fe804b6a6', '180.250.176.81', 'Mozilla/5.0 (Windows NT 10.0; Win64; x64) AppleWebKit/537.36 (KHTML, like Gecko) Chrome/73.0.3683.103 Safari/537.36', 1555894206, 'a:2:{s:9:"user_data";s:0:"";s:3:"uid";s:5:"admin";}'),
('d3fe2cc4e0270a83f775bb3f2834a7bd', '180.250.176.65', 'Mozilla/5.0 (Windows NT 6.1; Win64; x64) AppleWebKit/537.36 (KHTML, like Gecko) Chrome/64.0.3282.167 Safari/537.36', 1518673630, 'a:2:{s:9:"user_data";s:0:"";s:3:"uid";s:5:"admin";}'),
('d46b3592e8e74770e011ef233a213f0e', '180.250.176.81', 'Mozilla/5.0 (Windows NT 6.1; Win64; x64) AppleWebKit/537.36 (KHTML, like Gecko) Chrome/73.0.3683.103 Safari/537.36', 1556757849, ''),
('d5f9d2cb1586c8a568350c9248bd1d17', '180.250.176.81', 'Mozilla/5.0 (Windows NT 10.0; Win64; x64) AppleWebKit/537.36 (KHTML, like Gecko) Chrome/71.0.3578.98 Safari/537.36', 1550201375, 'a:2:{s:9:"user_data";s:0:"";s:3:"uid";s:5:"admin";}'),
('da1176340ae7483d4e20ada6f7d30e21', '118.97.238.33', 'Mozilla/5.0 (Windows NT 10.0; Win64; x64) AppleWebKit/537.36 (KHTML, like Gecko) Chrome/67.0.3396.99 Safari/537.36', 1532480038, 'a:2:{s:9:"user_data";s:0:"";s:3:"uid";s:5:"admin";}'),
('da6b34a9fa0681416ce46246506dbdf3', '180.250.176.88', 'Mozilla/5.0 (Windows NT 6.1; Win64; x64) AppleWebKit/537.36 (KHTML, like Gecko) Chrome/64.0.3282.167 Safari/537.36', 1519101888, 'a:1:{s:9:"user_data";s:0:"";}'),
('de584d1008debc9f52ec1b6e7bed4424', '180.250.176.81', 'Mozilla/5.0 (Windows NT 6.1; Win64; x64) AppleWebKit/537.36 (KHTML, like Gecko) Chrome/71.0.3578.98 Safari/537.36', 1550199480, 'a:2:{s:9:"user_data";s:0:"";s:3:"uid";s:5:"admin";}'),
('e06fa7556a18abdd4d95bf626788103f', '180.250.176.88', 'Mozilla/5.0 (Windows NT 6.1; Win64; x64; rv:62.0) Gecko/20100101 Firefox/62.0', 1538023071, ''),
('e13a4b443cd5a647ce00cb27db48b90c', '180.250.176.81', 'Mozilla/5.0 (Windows NT 6.1; Win64; x64; rv:48.0) Gecko/20100101 Firefox/48.0', 1549244636, ''),
('e64a3a20f095145d8545fc0b2991c73a', '118.97.238.33', 'Mozilla/5.0 (Windows NT 6.3; WOW64) AppleWebKit/537.36 (KHTML, like Gecko) Chrome/66.0.3359.139 Safari/537.36', 1526453420, 'a:2:{s:9:"user_data";s:0:"";s:3:"uid";s:5:"admin";}'),
('e88d50869e4f1d483e1eceb1e6016e58', '180.250.176.65', 'Mozilla/5.0 (Windows NT 10.0; Win64; x64) AppleWebKit/537.36 (KHTML, like Gecko) Chrome/70.0.3538.110 Safari/537.36', 1543998626, 'a:2:{s:9:"user_data";s:0:"";s:3:"uid";s:5:"admin";}'),
('ebaf85cb3d17293c6c4c512ccc0df67f', '118.97.238.33', 'Mozilla/5.0 (Windows NT 6.1; Win64; x64) AppleWebKit/537.36 (KHTML, like Gecko) Chrome/63.0.3239.132 Safari/537.36', 1515651708, 'a:2:{s:9:"user_data";s:0:"";s:3:"uid";s:5:"admin";}'),
('ed4576c023025ecf4060d5f0ad9e7637', '180.250.176.88', 'Mozilla/5.0 (Windows NT 6.1; Win64; x64; rv:61.0) Gecko/20100101 Firefox/61.0', 1531908661, 'a:2:{s:9:"user_data";s:0:"";s:3:"uid";s:5:"admin";}'),
('ee314ed8ecb57b561e6fe5ed6991070c', '180.250.176.88', 'Mozilla/5.0 (Windows NT 10.0; Win64; x64) AppleWebKit/537.36 (KHTML, like Gecko) Chrome/66.0.3359.170 Safari/537.36', 1526277957, 'a:2:{s:9:"user_data";s:0:"";s:3:"uid";s:5:"admin";}'),
('eec219ddf72c04fc4b03c25cae77172c', '192.168.2.90', 'Mozilla/5.0 (Windows NT 6.3; Win64; x64; rv:65.0) Gecko/20100101 Firefox/65.0', 1550200282, 'a:2:{s:9:"user_data";s:0:"";s:3:"uid";s:5:"admin";}'),
('ef3918e6e1240295f80b590aeab76000', '180.250.176.65', 'Mozilla/5.0 (Windows NT 6.1; Win64; x64) AppleWebKit/537.36 (KHTML, like Gecko) Chrome/68.0.3440.75 Safari/537.36', 1533100327, 'a:2:{s:9:"user_data";s:0:"";s:3:"uid";s:5:"admin";}'),
('ef5dfc6bcd2147e8af3593095fc03d8a', '180.250.176.81', 'Mozilla/5.0 (Windows NT 6.3; WOW64; rv:67.0) Gecko/20100101 Firefox/67.0', 1560134257, ''),
('f20adf8d9d75195d8f31f4c614fc4527', '180.250.176.81', 'Mozilla/5.0 (Windows NT 6.1; Win64; x64; rv:48.0) Gecko/20100101 Firefox/48.0', 1549244637, ''),
('f28e527badf889b13085f27a5710ce48', '180.250.176.65', 'Mozilla/5.0 (Windows NT 6.1; rv:58.0) Gecko/20100101 Firefox/58.0', 1518412941, 'a:2:{s:9:"user_data";s:0:"";s:3:"uid";s:5:"admin";}'),
('f4db901d987ed0d99644c7446af1252b', '192.168.2.90', 'Mozilla/5.0 (Windows NT 6.3; Win64; x64; rv:58.0) Gecko/20100101 Firefox/58.0', 1517478351, ''),
('f586ae162d5c98dbe7bc5bf9b2dd90af', '180.250.176.81', 'Mozilla/5.0 (Windows NT 6.1; Win64; x64) AppleWebKit/537.36 (KHTML, like Gecko) Chrome/70.0.3538.110 Safari/537.36', 1544424221, 'a:2:{s:9:"user_data";s:0:"";s:3:"uid";s:5:"admin";}'),
('f5911de3f0ad0c319abe76cebc56ebb7', '180.250.176.81', 'Mozilla/5.0 (Windows NT 6.1; Win64; x64) AppleWebKit/537.36 (KHTML, like Gecko) Chrome/72.0.3626.109 Safari/537.36', 1550482030, 'a:2:{s:9:"user_data";s:0:"";s:3:"uid";s:5:"admin";}'),
('f5b167b592f2856430b036563348aa50', '180.250.176.65', 'Mozilla/5.0 (Windows NT 10.0; Win64; x64) AppleWebKit/537.36 (KHTML, like Gecko) Chrome/64.0.3282.186 Safari/537.36', 1520384705, 'a:2:{s:9:"user_data";s:0:"";s:3:"uid";s:5:"admin";}'),
('f7d723ffb13024b100cb106c5bb3e534', '180.250.176.65', 'Mozilla/5.0 (Windows NT 10.0; Win64; x64) AppleWebKit/537.36 (KHTML, like Gecko) Chrome/70.0.3538.102 Safari/537.36', 1542182107, 'a:2:{s:9:"user_data";s:0:"";s:3:"uid";s:5:"admin";}'),
('fa74dd31515a08d489dd3bb4aab86d60', '180.250.176.81', 'Mozilla/5.0 (Windows NT 10.0; Win64; x64) AppleWebKit/537.36 (KHTML, like Gecko) Chrome/78.0.3904.97 Safari/537.36', 1573778749, ''),
('fd9c10097484e86887a0c40e0a9a1c53', '180.250.176.65', 'Mozilla/5.0 (Windows NT 6.1; Win64; x64) AppleWebKit/537.36 (KHTML, like Gecko) Chrome/64.0.3282.140 Safari/537.36', 1518509332, 'a:2:{s:9:"user_data";s:0:"";s:3:"uid";s:5:"admin";}'),
('ffb55af5b48fd1714f532cfa974ba36d', '180.250.176.81', 'Mozilla/5.0 (Linux; Android 7.0; HUAWEI VNS-L31) AppleWebKit/537.36 (KHTML, like Gecko) Chrome/78.0.3904.62 Mobile Safar', 1572586814, 'a:2:{s:9:"user_data";s:0:"";s:3:"uid";s:5:"admin";}'),
('ffba7fb5f8aac40fef8f476a90e99c5c', '180.250.176.81', 'Mozilla/5.0 (Windows NT 6.1; Win64; x64) AppleWebKit/537.36 (KHTML, like Gecko) Chrome/72.0.3626.121 Safari/537.36', 1553662158, ''),
('ffff565898fa77f631181e068c210562', '180.250.176.65', 'Mozilla/5.0 (Windows NT 6.1; Win64; x64; rv:48.0) Gecko/20100101 Firefox/48.0', 1550031887, 'a:2:{s:9:"user_data";s:0:"";s:3:"uid";s:5:"admin";}');

-- --------------------------------------------------------

--
-- Struktur dari tabel `secuser`
--

CREATE TABLE `secuser` (
  `uid` varchar(50) NOT NULL COMMENT 'User ID pengguna',
  `oid` int(11) NOT NULL COMMENT 'ID organisasi',
  `created` datetime DEFAULT NULL,
  `createdby` varchar(50) DEFAULT NULL,
  `modified` datetime DEFAULT NULL,
  `modifiedby` varchar(50) DEFAULT NULL,
  `uname` varchar(200) DEFAULT NULL COMMENT 'Nama Pengguna',
  `upass` varchar(32) NOT NULL COMMENT '- Password pengguna\n            - Password pengguna diencode MD5',
  `uemail` varchar(200) DEFAULT NULL COMMENT 'Email pengguna',
  `uban` decimal(1,0) DEFAULT '0' COMMENT 'Apakah pengguna di ban?',
  `uenable` decimal(1,0) DEFAULT '1' COMMENT 'Apakah aktif?'
) ENGINE=InnoDB DEFAULT CHARSET=utf8;

--
-- Dumping data untuk tabel `secuser`
--

INSERT INTO `secuser` (`uid`, `oid`, `created`, `createdby`, `modified`, `modifiedby`, `uname`, `upass`, `uemail`, `uban`, `uenable`) VALUES
('admin', 2, '2012-08-21 06:20:35', '0', '2017-09-22 11:22:00', 'admin', 'Administrator', '1395fcd236f521827f2c03f47c5bc8e3', 'christianwijaya.net@gmail.com', '0', '1'),
('persediaan0101', 12, '2016-11-16 23:28:47', 'admin', '2016-11-16 23:46:13', 'admin', 'Sekertariat DPRD', 'e10adc3949ba59abbe56e057f20f883e', '1a@gmail.com', '0', '1'),
('persediaan0201', 178, '2016-11-17 08:03:31', 'admin', '2016-11-17 08:03:31', 'admin', 'KEPALA DAERAH', 'e10adc3949ba59abbe56e057f20f883e', '1a@gmail.com', '0', '1'),
('persediaan0301', 179, '2016-11-17 08:04:01', 'admin', '2016-11-17 08:04:01', 'admin', 'WAKIL KEPALA DAERAH', 'e10adc3949ba59abbe56e057f20f883e', '1a@gmail.com', '0', '1'),
('persediaan0401', 13, '2016-11-16 20:59:56', 'admin', '2016-11-16 20:59:56', 'admin', 'SEKRETARIAT DAERAH', 'e10adc3949ba59abbe56e057f20f883e', '1a@gmail.com', '0', '1'),
('persediaan0501', 27, '2016-11-16 21:03:17', 'admin', '2016-11-16 21:03:17', 'admin', 'Dinas Pekerjaan Umum Pengairan', 'e10adc3949ba59abbe56e057f20f883e', '1a@gmail.com', '0', '1'),
('persediaan0502', 29, '2016-11-16 23:22:30', 'admin', '2016-11-16 23:22:30', 'admin', 'Dinas Pekerjaan Umum Cipta Karya dan Tata Ruang', 'e10adc3949ba59abbe56e057f20f883e', '1@gmail.com', '0', '1'),
('persediaan0503', 28, '2016-11-16 21:07:39', 'admin', '2016-11-16 21:07:39', 'admin', 'Dinas Pekerjaan Umum Bina Marga', 'e10adc3949ba59abbe56e057f20f883e', '1a@gmail.com', '0', '1'),
('persediaan0601', 30, '2016-11-16 21:04:06', 'admin', '2016-11-16 21:04:06', 'admin', 'Dinas Perhubungan, Komunikasi dan Informatika', 'e10adc3949ba59abbe56e057f20f883e', '1a@gmail.com', '0', '1'),
('persediaan0701', 25, '2016-11-16 23:27:29', 'admin', '2016-11-16 23:27:29', 'admin', 'Dinas Kesehatan', 'e10adc3949ba59abbe56e057f20f883e', '1@gmail.com', '0', '1'),
('persediaan070102', 151, '2016-11-17 00:02:48', 'admin', '2016-11-17 00:02:48', 'admin', 'UPT Puskesmas Sooko', 'e10adc3949ba59abbe56e057f20f883e', '1a@gmail.com', '0', '1'),
('persediaan070103', 152, '2016-11-17 00:03:48', 'admin', '2016-11-17 00:03:48', 'admin', 'UPT. Puskesmas Trowulan', 'e10adc3949ba59abbe56e057f20f883e', '1a@gmail.com', '0', '1'),
('persediaan070104', 153, '2016-11-17 00:04:39', 'admin', '2016-11-17 00:04:39', 'admin', 'UPT. Puskesmas Tawangsari', 'e10adc3949ba59abbe56e057f20f883e', '1a@gmail.com', '0', '1'),
('persediaan070105', 154, '2016-11-17 00:05:18', 'admin', '2016-11-17 00:05:18', 'admin', 'UPT. Puskesmas Puri', 'e10adc3949ba59abbe56e057f20f883e', '1a@gmail.com', '0', '1'),
('persediaan070106', 155, '2016-11-17 00:05:52', 'admin', '2016-11-17 00:05:52', 'admin', 'UPT. Puskesmas Gayaman', 'e10adc3949ba59abbe56e057f20f883e', '1a@gmail.com', '0', '1'),
('persediaan070107', 156, '2016-11-17 00:06:31', 'admin', '2016-11-17 00:06:31', 'admin', 'UPT. Puskesmas Bangsal', 'e10adc3949ba59abbe56e057f20f883e', '1a@gmail.com', '0', '1'),
('persediaan070108', 157, '2016-11-17 00:07:31', 'admin', '2016-11-17 00:07:31', 'admin', 'UPT. Puskesmas Gedeg', 'e10adc3949ba59abbe56e057f20f883e', '1a@gmail.com', '0', '1'),
('persediaan070109', 158, '2016-11-17 00:08:04', 'admin', '2016-11-17 00:08:04', 'admin', 'UPT. Puskesmas Lespadangan', 'e10adc3949ba59abbe56e057f20f883e', '1a@gmail.com', '0', '1'),
('persediaan070110', 159, '2016-11-17 00:08:40', 'admin', '2016-11-17 00:08:40', 'admin', 'UPT. Puskesmas Kemlagi', 'e10adc3949ba59abbe56e057f20f883e', '1a@gmail.com', '0', '1'),
('persediaan070111', 160, '2016-11-17 00:09:15', 'admin', '2016-11-17 00:09:15', 'admin', 'UPT. Puskesmas Kedungsari', 'e10adc3949ba59abbe56e057f20f883e', '1a@gmail.com', '0', '1'),
('persediaan070112', 161, '2016-11-17 00:10:02', 'admin', '2016-11-17 00:10:02', 'admin', 'UPT. Puskesmas Dawarblandong', 'e10adc3949ba59abbe56e057f20f883e', '1a@gmail.com', '0', '1'),
('persediaan070113', 162, '2016-11-17 00:10:35', 'admin', '2016-11-17 00:10:35', 'admin', 'UPT. Puskesmas Kupang', 'e10adc3949ba59abbe56e057f20f883e', '1a@gmail.com', '0', '1'),
('persediaan070114', 163, '2016-11-17 00:11:09', 'admin', '2016-11-17 00:11:09', 'admin', 'UPT. Puskesmas Jetis', 'e10adc3949ba59abbe56e057f20f883e', '1a@gmail.com', '0', '1'),
('persediaan070115', 164, '2016-11-17 00:11:14', 'admin', '2016-11-17 00:11:14', 'admin', 'UPT. Puskesmas Mojosari', 'e10adc3949ba59abbe56e057f20f883e', '1a@gmail.com', '0', '1'),
('persediaan070116', 165, '2016-11-17 00:10:40', 'admin', '2016-11-17 00:10:40', 'admin', 'UPT. Puskesmas Modopuro', 'e10adc3949ba59abbe56e057f20f883e', '1a@gmail.com', '0', '1'),
('persediaan070117', 166, '2016-11-17 00:10:10', 'admin', '2016-11-17 00:10:10', 'admin', 'UPT. Puskesmas Pungging', 'e10adc3949ba59abbe56e057f20f883e', '1a@gmail.com', '0', '1'),
('persediaan070118', 167, '2016-11-17 00:09:33', 'admin', '2016-11-17 00:09:33', 'admin', 'UPT. Puskesmas Watukenongo', 'e10adc3949ba59abbe56e057f20f883e', '1a@gmail.com', '0', '1'),
('persediaan070119', 168, '2016-11-17 00:09:03', 'admin', '2016-11-17 00:09:03', 'admin', 'UPT. Puskesmas Ngoro', 'e10adc3949ba59abbe56e057f20f883e', '1a@gmail.com', '0', '1'),
('persediaan070120', 169, '2016-11-17 00:07:48', 'admin', '2016-11-17 00:07:48', 'admin', 'UPT. Puskesmas Manduro', 'e10adc3949ba59abbe56e057f20f883e', '1a@gmail.com', '0', '1'),
('persediaan070121', 170, '2016-11-17 00:07:08', 'admin', '2016-11-17 00:07:08', 'admin', 'UPT. Puskesmas Dlanggu', 'e10adc3949ba59abbe56e057f20f883e', '1a@gmail.com', '0', '1'),
('persediaan070122', 171, '2016-11-17 00:06:25', 'admin', '2016-11-17 00:06:25', 'admin', 'UPT. Puskesmas Kutorejo', 'e10adc3949ba59abbe56e057f20f883e', '1a@gmail.com', '0', '1'),
('persediaan070123', 172, '2016-11-17 00:05:33', 'admin', '2016-11-17 00:05:33', 'admin', 'UPT. Puskesmas Pesanggrahan', 'e10adc3949ba59abbe56e057f20f883e', '1a@gmail.com', '0', '1'),
('persediaan070124', 173, '2016-11-17 00:04:51', 'admin', '2016-11-17 00:04:51', 'admin', 'UPT. Puskesmas Pacet', 'e10adc3949ba59abbe56e057f20f883e', '1a@gmail.com', '0', '1'),
('persediaan070125', 174, '2016-11-17 00:04:01', 'admin', '2016-11-17 00:04:01', 'admin', 'UPT. Puskesmas Pandan', 'e10adc3949ba59abbe56e057f20f883e', '1a@gmail.com', '0', '1'),
('persediaan070126', 175, '2016-11-17 00:03:23', 'admin', '2016-11-17 00:03:23', 'admin', 'UPT. Puskesmas Trawas', 'e10adc3949ba59abbe56e057f20f883e', '1a@gmail.com', '0', '1'),
('persediaan070127', 176, '2016-11-17 00:02:43', 'admin', '2016-11-17 00:02:43', 'admin', 'UPT. Puskesmas Gondang', 'e10adc3949ba59abbe56e057f20f883e', '1a@gmail.com', '0', '1'),
('persediaan070128', 177, '2016-11-17 00:02:03', 'admin', '2016-11-17 00:02:03', 'admin', 'UPT. Puskesmas Jatirejo', 'e10adc3949ba59abbe56e057f20f883e', '1a@gmail.com', '0', '1'),
('persediaan070129', 150, '2016-11-17 00:00:54', 'admin', '2016-11-17 00:00:54', 'admin', 'UPT. Instalasi Farmasi', 'e10adc3949ba59abbe56e057f20f883e', '1a@gmail.com', '0', '1'),
('persediaan0702', 40, '2016-11-16 23:28:05', 'admin', '2016-11-16 23:28:05', 'admin', 'RSUD Prof. Dr. Soekandar ', 'e10adc3949ba59abbe56e057f20f883e', '1a@gmail.com', '0', '1'),
('persediaan0703', 41, '2016-11-16 21:06:03', 'admin', '2016-11-16 21:06:03', 'admin', 'RSUD RA. Basuni ', 'e10adc3949ba59abbe56e057f20f883e', '1a@gmail.com', '0', '1'),
('persediaan0801', 24, '2016-11-16 21:05:18', 'admin', '2016-11-16 21:05:18', 'admin', 'Dinas Pendidikan', 'e10adc3949ba59abbe56e057f20f883e', '1a@gmail.com', '0', '1'),
('persediaan0901', 32, '2016-11-16 23:26:28', 'admin', '2016-11-16 23:26:28', 'admin', 'Dinas Sosial', 'e10adc3949ba59abbe56e057f20f883e', '1a@gmail.com', '0', '1'),
('persediaan1001', 31, '2016-11-16 21:04:58', 'admin', '2016-11-16 21:04:58', 'admin', 'Dinas Kependudukan dan Catatan Sipil', 'e10adc3949ba59abbe56e057f20f883e', '1a@gmail.com', '0', '1'),
('persediaan1101', 36, '2016-11-16 23:21:35', 'admin', '2016-11-16 23:21:35', 'admin', 'Dinas Pertanian', 'e10adc3949ba59abbe56e057f20f883e', '1a@gmail.com', '0', '1'),
('persediaan1102', 38, '2016-11-16 23:23:52', 'admin', '2016-11-16 23:23:52', 'admin', 'Dinas Kehutanan dan Perkebunan', 'e10adc3949ba59abbe56e057f20f883e', '1a@gmail.com', '0', '1'),
('persediaan1104', 44, '2016-11-16 21:06:33', 'admin', '2016-11-16 21:06:33', 'admin', 'Kantor Ketahanan Pangan', 'e10adc3949ba59abbe56e057f20f883e', '1a@gmail.com', '0', '1'),
('persediaan1201', 39, '2016-11-16 23:26:01', 'admin', '2016-11-16 23:26:01', 'admin', 'Dinas Perindustrian dan Perdagangan', 'e10adc3949ba59abbe56e057f20f883e', '1a@gmail.com', '0', '1'),
('persediaan1301', 26, '2016-11-16 23:24:29', 'admin', '2016-11-16 23:24:29', 'admin', 'Dinas Pendapatan', 'e10adc3949ba59abbe56e057f20f883e', '1a@gmail.com', '0', '1'),
('persediaan1302', 4, '2016-11-16 21:07:57', 'admin', '2016-11-16 21:07:57', 'admin', 'Badan Pengelolaan Keuangan dan Aset', 'e10adc3949ba59abbe56e057f20f883e', '1a@gmail.com', '0', '1'),
('persediaan1401', 2, '2016-11-16 21:00:23', 'admin', '2016-11-16 21:00:23', 'admin', 'Inspektorat Kabupaten', 'e10adc3949ba59abbe56e057f20f883e', '1a@gmail.com', '0', '1'),
('persediaan1501', 3, '2016-11-16 21:00:55', 'admin', '2016-11-16 21:00:55', 'admin', 'Badan Perencanaan Pembangunan Daerah', 'e10adc3949ba59abbe56e057f20f883e', '1a@gmail.com', '0', '1'),
('persediaan1601', 6, '2016-11-16 21:08:15', 'admin', '2016-11-16 21:08:15', 'admin', 'Badan Lingkungan Hidup', 'e10adc3949ba59abbe56e057f20f883e', '1a@gmail.com', '0', '1'),
('persediaan1701', 35, '2016-11-16 21:04:34', 'admin', '2016-11-16 21:04:34', 'admin', 'Dinas Pemuda, Olahraga, Kebudayaan dan Pariwisata', 'e10adc3949ba59abbe56e057f20f883e', '1a@gmail.com', '0', '1'),
('persediaan1801', 8, '2016-11-16 21:02:47', 'admin', '2016-11-16 21:02:47', 'admin', 'Badan Kesatuan Bangsa dan Politik', 'e10adc3949ba59abbe56e057f20f883e', '1a@gmail.com', '0', '1'),
('persediaan1901', 10, '2016-11-16 21:01:49', 'admin', '2016-11-16 21:01:49', 'admin', 'Badan Kepegawaian, Pendidikan dan Pelatihan', 'e10adc3949ba59abbe56e057f20f883e', '1a@gmail.com', '0', '1'),
('persediaan2101', 43, '2016-11-16 23:30:38', 'admin', '2016-11-16 23:30:38', 'admin', 'Kantor Perpustakaan Arsip dan Dokumentasi', 'e10adc3949ba59abbe56e057f20f883e', '1a@gmail.com', '0', '1'),
('persediaan2201', 180, '2016-11-17 08:05:08', 'admin', '2016-11-17 08:05:08', 'admin', 'PD. Bank Perkreditan Rakyat', 'e10adc3949ba59abbe56e057f20f883e', '1a@gmail.com', '0', '1'),
('persediaan2202', 181, '2016-11-17 08:06:04', 'admin', '2016-11-17 08:06:04', 'admin', 'PD. Air Minum', 'e10adc3949ba59abbe56e057f20f883e', '1a@gmail.com', '0', '1'),
('persediaan2401', 34, '2016-11-16 21:05:41', 'admin', '2016-11-16 21:05:41', 'admin', 'Dinas Koperasi dan Usaha Mikro, Kecil, Menengah', 'e10adc3949ba59abbe56e057f20f883e', '1a@gmail.com', '0', '1'),
('persediaan2501', 5, '2016-11-16 21:03:39', 'admin', '2016-11-16 21:03:39', 'admin', 'Badan Pemberdayaan Masyarakat', 'e10adc3949ba59abbe56e057f20f883e', '1a@gmail.com', '0', '1'),
('persediaan2502', 7, '2016-11-16 21:07:19', 'admin', '2016-11-16 21:07:19', 'admin', 'Badan Pemberdayaan Perempuan dan Keluarga Berencana', 'e10adc3949ba59abbe56e057f20f883e', '1a@gmail.com', '0', '1'),
('persediaan2601', 9, '2016-11-16 21:01:22', 'admin', '2016-11-16 21:01:22', 'admin', 'Badan Perijinan Terpadu dan Penanaman Modal', 'e10adc3949ba59abbe56e057f20f883e', '1a@gmail.com', '0', '1'),
('persediaan2801', 11, '2016-11-16 21:08:43', 'admin', '2016-11-16 21:08:43', 'admin', 'Badan Penanggulangan Bencana Daerah', 'e10adc3949ba59abbe56e057f20f883e', '1a@gmail.com', '0', '1'),
('persediaan2901', 42, '2016-11-16 23:29:31', 'admin', '2016-11-16 23:29:31', 'admin', 'Satuan Polisi Pamong Praja', 'e10adc3949ba59abbe56e057f20f883e', '1a@gmail.com', '0', '1'),
('persediaan5001', 60, '2016-11-16 23:18:26', 'admin', '2016-11-16 23:18:26', 'admin', 'Kecamatan Sooko', 'e10adc3949ba59abbe56e057f20f883e', '1a@gmail.com', '0', '1'),
('persediaan5101', 59, '2016-11-16 23:24:30', 'admin', '2016-11-17 09:54:18', 'persediaan5101', 'Kecamatan Trowulan', '9c37b53907d764fbf395a0cdba31a629', '1a@gmail.com', '0', '1'),
('persediaan5201', 48, '2016-11-16 23:21:56', 'admin', '2016-11-16 23:21:56', 'admin', 'Kecamatan Puri', 'e10adc3949ba59abbe56e057f20f883e', '1a@gmail.com', '0', '1'),
('persediaan5301', 53, '2016-11-16 23:17:51', 'admin', '2016-11-17 09:55:44', 'persediaan5301', 'Kecamatan Bangsal', 'c33367701511b4f6020ec61ded352059', '1a@gmail.com', '0', '1'),
('persediaan5401', 47, '2016-11-16 23:21:27', 'admin', '2016-11-16 23:21:27', 'admin', 'Kecamatan Gedeg', 'e10adc3949ba59abbe56e057f20f883e', '1a@gmail.com', '0', '1'),
('persediaan5501', 46, '2016-11-16 23:23:50', 'admin', '2016-11-16 23:23:50', 'admin', 'Kecamatan Kemlagi', 'e10adc3949ba59abbe56e057f20f883e', '1a@gmail.com', '0', '1'),
('persediaan5601', 49, '2016-11-16 23:19:59', 'admin', '2016-11-16 23:19:59', 'admin', 'Kecamatan Jetis', 'e10adc3949ba59abbe56e057f20f883e', '1a@gmail.com', '0', '1'),
('persediaan5701', 50, '2016-11-16 23:20:47', 'admin', '2016-11-16 23:20:47', 'admin', 'Kecamatan Dawarblandong', 'e10adc3949ba59abbe56e057f20f883e', '1a@gmail.com', '0', '1'),
('persediaan5801', 52, '2016-11-16 23:16:45', 'admin', '2016-11-16 23:16:45', 'admin', 'Kecamatan Mojosari', 'e10adc3949ba59abbe56e057f20f883e', '1a@gmail.com', '0', '1'),
('persediaan5901', 56, '2016-11-16 23:17:23', 'admin', '2016-11-16 23:17:23', 'admin', 'Kecamatan Pungging', 'e10adc3949ba59abbe56e057f20f883e', '1a@gmail.com', '0', '1'),
('persediaan6001', 62, '2016-11-16 23:22:50', 'admin', '2016-11-16 23:22:50', 'admin', 'Kecamatan Ngoro', 'e10adc3949ba59abbe56e057f20f883e', '1a@gmail.com', '0', '1'),
('persediaan6101', 58, '2016-11-16 23:22:25', 'admin', '2016-11-16 23:22:25', 'admin', 'Kecamatan Kutorejo', 'e10adc3949ba59abbe56e057f20f883e', '1a@gmail.com', '0', '1'),
('persediaan6201', 45, '2016-11-16 23:19:08', 'admin', '2016-11-16 23:19:08', 'admin', 'Kecamatan Dlanggu', 'e10adc3949ba59abbe56e057f20f883e', '1a@gmail.com', '0', '1'),
('persediaan6301', 54, '2016-11-16 23:23:23', 'admin', '2016-11-16 23:23:23', 'admin', 'Kecamatan Gondang', 'e10adc3949ba59abbe56e057f20f883e', '1a@gmail.com', '0', '1'),
('persediaan6401', 57, '2016-11-16 23:15:50', 'admin', '2016-11-16 23:15:50', 'admin', 'Kecamatan Jatirejo', 'e10adc3949ba59abbe56e057f20f883e', '1a@gmail.com', '0', '1'),
('persediaan6501', 61, '2016-11-16 23:16:15', 'admin', '2016-11-16 23:16:15', 'admin', 'Kecamatan Trawas', 'e10adc3949ba59abbe56e057f20f883e', '1a@gmail.com', '0', '1'),
('persediaan6601', 55, '2016-11-16 23:19:35', 'admin', '2016-11-16 23:19:35', 'admin', 'Kecamatan Pacet', 'e10adc3949ba59abbe56e057f20f883e', '1a@gmail.com', '0', '1'),
('persediaan6701', 51, '2016-11-16 23:15:10', 'admin', '2016-11-16 23:15:10', 'admin', 'Kecamatan Mojoanyar', 'e10adc3949ba59abbe56e057f20f883e', '1a@gmail.com', '0', '1'),
('sisfo', 2, '2018-02-20 10:19:52', 'admin', '2018-02-20 10:19:52', 'admin', 'SISFO', '632e92a363a822e2696c3ed4b41180bf', 'sisfo@sisfo.com', '0', '1');

-- --------------------------------------------------------

--
-- Struktur dari tabel `secusergroup`
--

CREATE TABLE `secusergroup` (
  `uid` varchar(50) NOT NULL COMMENT 'User ID pengguna',
  `gid` int(11) NOT NULL COMMENT 'ID group'
) ENGINE=InnoDB DEFAULT CHARSET=utf8;

--
-- Dumping data untuk tabel `secusergroup`
--

INSERT INTO `secusergroup` (`uid`, `gid`) VALUES
('admin', 3),
('admin', 7),
('admin', 8),
('persediaan0101', 7),
('persediaan0101', 9),
('persediaan0201', 7),
('persediaan0201', 9),
('persediaan0301', 7),
('persediaan0301', 9),
('persediaan0401', 7),
('persediaan0401', 9),
('persediaan0501', 7),
('persediaan0501', 9),
('persediaan0502', 7),
('persediaan0502', 9),
('persediaan0503', 7),
('persediaan0503', 9),
('persediaan0601', 7),
('persediaan0601', 9),
('persediaan0701', 7),
('persediaan0701', 9),
('persediaan070102', 7),
('persediaan070102', 9),
('persediaan070103', 7),
('persediaan070103', 9),
('persediaan070104', 7),
('persediaan070104', 9),
('persediaan070105', 7),
('persediaan070105', 9),
('persediaan070106', 7),
('persediaan070106', 9),
('persediaan070107', 7),
('persediaan070107', 9),
('persediaan070108', 7),
('persediaan070108', 9),
('persediaan070109', 7),
('persediaan070109', 9),
('persediaan070110', 7),
('persediaan070110', 9),
('persediaan070111', 7),
('persediaan070111', 9),
('persediaan070112', 7),
('persediaan070112', 9),
('persediaan070113', 7),
('persediaan070113', 9),
('persediaan070114', 7),
('persediaan070114', 9),
('persediaan070115', 7),
('persediaan070115', 9),
('persediaan070116', 7),
('persediaan070116', 9),
('persediaan070117', 7),
('persediaan070117', 9),
('persediaan070118', 7),
('persediaan070118', 9),
('persediaan070119', 7),
('persediaan070119', 9),
('persediaan070120', 7),
('persediaan070120', 9),
('persediaan070121', 7),
('persediaan070121', 9),
('persediaan070122', 7),
('persediaan070122', 9),
('persediaan070123', 7),
('persediaan070123', 9),
('persediaan070124', 7),
('persediaan070124', 9),
('persediaan070125', 7),
('persediaan070125', 9),
('persediaan070126', 7),
('persediaan070126', 9),
('persediaan070127', 7),
('persediaan070127', 9),
('persediaan070128', 7),
('persediaan070128', 9),
('persediaan070129', 7),
('persediaan070129', 9),
('persediaan0702', 7),
('persediaan0702', 9),
('persediaan0703', 7),
('persediaan0703', 9),
('persediaan0801', 7),
('persediaan0801', 9),
('persediaan0901', 7),
('persediaan0901', 9),
('persediaan1001', 7),
('persediaan1001', 9),
('persediaan1101', 7),
('persediaan1101', 9),
('persediaan1102', 7),
('persediaan1102', 9),
('persediaan1104', 7),
('persediaan1104', 9),
('persediaan1201', 7),
('persediaan1201', 9),
('persediaan1301', 7),
('persediaan1301', 9),
('persediaan1302', 7),
('persediaan1302', 9),
('persediaan1401', 7),
('persediaan1401', 9),
('persediaan1501', 7),
('persediaan1501', 9),
('persediaan1601', 7),
('persediaan1601', 9),
('persediaan1701', 7),
('persediaan1701', 9),
('persediaan1801', 7),
('persediaan1801', 9),
('persediaan1901', 7),
('persediaan1901', 9),
('persediaan2101', 7),
('persediaan2101', 9),
('persediaan2201', 7),
('persediaan2201', 9),
('persediaan2202', 7),
('persediaan2202', 9),
('persediaan2401', 7),
('persediaan2401', 9),
('persediaan2501', 7),
('persediaan2501', 9),
('persediaan2502', 7),
('persediaan2502', 9),
('persediaan2601', 7),
('persediaan2601', 9),
('persediaan2801', 7),
('persediaan2801', 9),
('persediaan2901', 7),
('persediaan2901', 9),
('persediaan5001', 7),
('persediaan5001', 9),
('persediaan5101', 7),
('persediaan5101', 9),
('persediaan5201', 7),
('persediaan5201', 9),
('persediaan5301', 7),
('persediaan5301', 9),
('persediaan5401', 7),
('persediaan5401', 9),
('persediaan5501', 8),
('persediaan5501', 9),
('persediaan5601', 7),
('persediaan5601', 9),
('persediaan5701', 7),
('persediaan5701', 9),
('persediaan5801', 7),
('persediaan5801', 9),
('persediaan5901', 7),
('persediaan5901', 9),
('persediaan6001', 7),
('persediaan6001', 9),
('persediaan6101', 7),
('persediaan6101', 9),
('persediaan6201', 7),
('persediaan6201', 9),
('persediaan6301', 7),
('persediaan6301', 9),
('persediaan6401', 7),
('persediaan6401', 9),
('persediaan6501', 7),
('persediaan6501', 9),
('persediaan6601', 7),
('persediaan6601', 9),
('persediaan6701', 7),
('persediaan6701', 9),
('sisfo', 3),
('sisfo', 7),
('sisfo', 8),
('sisfo', 9);

-- --------------------------------------------------------

--
-- Struktur dari tabel `skpd`
--

CREATE TABLE `skpd` (
  `kode` varchar(11) NOT NULL DEFAULT '0',
  `nama` varchar(200) DEFAULT NULL,
  `latitude` decimal(12,8) DEFAULT NULL,
  `longitude` decimal(12,8) DEFAULT NULL,
  `aktif` tinyint(1) NOT NULL DEFAULT '1'
) ENGINE=InnoDB DEFAULT CHARSET=latin1;

-- --------------------------------------------------------

--
-- Struktur dari tabel `skpd_user`
--

CREATE TABLE `skpd_user` (
  `skpd_user_id` int(11) NOT NULL,
  `uid` varchar(50) NOT NULL,
  `nomor_skpd` varchar(11) NOT NULL
) ENGINE=InnoDB DEFAULT CHARSET=utf8;

-- --------------------------------------------------------

--
-- Struktur dari tabel `spk`
--

CREATE TABLE `spk` (
  `spkid` int(11) NOT NULL,
  `spkno` varchar(32) DEFAULT NULL,
  `skpdid` varchar(32) DEFAULT NULL
) ENGINE=InnoDB DEFAULT CHARSET=utf8;

-- --------------------------------------------------------

--
-- Struktur dari tabel `spk_media`
--

CREATE TABLE `spk_media` (
  `spkid` int(11) NOT NULL,
  `mdid` varchar(32) NOT NULL
) ENGINE=InnoDB DEFAULT CHARSET=utf8;

-- --------------------------------------------------------

--
-- Struktur dari tabel `subsystem`
--

CREATE TABLE `subsystem` (
  `ssname` varchar(10) NOT NULL COMMENT 'Nama subsistem',
  `ssdesc` text COMMENT 'Deskripsi subsistem',
  `ssenable` decimal(1,0) DEFAULT '1' COMMENT 'Apakah aktif?'
) ENGINE=InnoDB DEFAULT CHARSET=utf8;

-- --------------------------------------------------------

--
-- Struktur dari tabel `subunit`
--

CREATE TABLE `subunit` (
  `nomorunit` varchar(20) NOT NULL,
  `nomorsubunit` varchar(20) NOT NULL,
  `namasubunit` varchar(150) NOT NULL,
  `kdurusan` int(1) NOT NULL,
  `kdbidang` int(2) NOT NULL,
  `kdunit` int(2) NOT NULL,
  `kdsubunit` int(1) NOT NULL,
  `namasubunitsimda` varchar(150) NOT NULL
) ENGINE=InnoDB DEFAULT CHARSET=latin1;

-- --------------------------------------------------------

--
-- Struktur dari tabel `susut`
--

CREATE TABLE `susut` (
  `id` int(11) NOT NULL,
  `id_aset` varchar(50) NOT NULL,
  `tahun_perolehan` int(4) NOT NULL,
  `tahun` int(4) NOT NULL,
  `saldo` decimal(16,2) NOT NULL,
  `masa` int(11) NOT NULL,
  `prosen_susut` decimal(6,3) NOT NULL,
  `susut` decimal(16,2) NOT NULL,
  `sisa_saldo` decimal(16,2) NOT NULL,
  `kode_bidang` varchar(11) NOT NULL,
  `kode_17` varchar(12) NOT NULL,
  `nomor_lokasi` varchar(17) NOT NULL
) ENGINE=InnoDB DEFAULT CHARSET=latin1;

-- --------------------------------------------------------

--
-- Struktur dari tabel `tahun_penyusutan`
--

CREATE TABLE `tahun_penyusutan` (
  `tahun` int(4) NOT NULL
) ENGINE=InnoDB DEFAULT CHARSET=utf8;

--
-- Dumping data untuk tabel `tahun_penyusutan`
--

INSERT INTO `tahun_penyusutan` (`tahun`) VALUES
(2018);

-- --------------------------------------------------------

--
-- Struktur dari tabel `tambah_nilai`
--

CREATE TABLE `tambah_nilai` (
  `tnasetindukid` varchar(50) NOT NULL,
  `tnjeniskib` char(1) DEFAULT NULL,
  `tnnomorlokasi` varchar(25) CHARACTER SET utf8 DEFAULT NULL,
  `tntgl` date DEFAULT NULL,
  `kbkodesubsubkel` varchar(12) DEFAULT NULL,
  `kbkoderekneraca` varchar(50) DEFAULT NULL,
  `kbnamabarang` varchar(150) DEFAULT NULL,
  `kbalamat` varchar(150) DEFAULT NULL,
  `kbtipe` varchar(150) DEFAULT NULL,
  `kbjumlah` decimal(9,2) DEFAULT NULL,
  `kbsatuan` varchar(10) DEFAULT NULL,
  `kbhargasatuan` decimal(15,2) DEFAULT NULL,
  `kbhargatotal` decimal(15,2) DEFAULT NULL,
  `kbpajak` char(1) DEFAULT NULL,
  `kbhargatotalpajak` decimal(15,2) DEFAULT NULL,
  `kbrencanaalokasi` varchar(200) DEFAULT NULL,
  `kbketerangan` varchar(150) DEFAULT NULL,
  `kbid` int(11) DEFAULT NULL,
  `jpid` int(11) DEFAULT NULL,
  `id_detail_rule_tn` int(11) NOT NULL
) ENGINE=InnoDB DEFAULT CHARSET=ascii;

-- --------------------------------------------------------

--
-- Struktur dari tabel `vendor`
--

CREATE TABLE `vendor` (
  `vnid` int(11) NOT NULL,
  `vninstansi` varchar(50) DEFAULT NULL,
  `vnkontak` varchar(200) DEFAULT NULL,
  `vnpimpinan` varchar(50) DEFAULT NULL,
  `vnalamat` varchar(1000) DEFAULT NULL,
  `vnnpwp` varchar(50) DEFAULT NULL
) ENGINE=InnoDB DEFAULT CHARSET=utf8;

--
-- Indexes for dumped tables
--

--
-- Indexes for table `aset_ekstra`
--
ALTER TABLE `aset_ekstra`
  ADD PRIMARY KEY (`NO`);

--
-- Indexes for table `asset`
--
ALTER TABLE `asset`
  ADD PRIMARY KEY (`kode`),
  ADD SPATIAL KEY `geom` (`geom`);

--
-- Indexes for table `bidang`
--
ALTER TABLE `bidang`
  ADD PRIMARY KEY (`bdid`),
  ADD KEY `fk_nomor_unit_idx` (`nomor_unit`);

--
-- Indexes for table `detail_rule_tambah_nilai`
--
ALTER TABLE `detail_rule_tambah_nilai`
  ADD PRIMARY KEY (`id_detail_rule_tn`);

--
-- Indexes for table `form_pengadaan`
--
ALTER TABLE `form_pengadaan`
  ADD PRIMARY KEY (`id`);

--
-- Indexes for table `foto_asset`
--
ALTER TABLE `foto_asset`
  ADD PRIMARY KEY (`id`),
  ADD KEY `asset_id` (`asset_id`);

--
-- Indexes for table `gudang`
--
ALTER TABLE `gudang`
  ADD PRIMARY KEY (`guno`);

--
-- Indexes for table `gudang_kamus_unit`
--
ALTER TABLE `gudang_kamus_unit`
  ADD PRIMARY KEY (`guno`,`nomor_unit`),
  ADD KEY `fk_relationship_7` (`nomor_unit`);

--
-- Indexes for table `jenis_tambah_nilai`
--
ALTER TABLE `jenis_tambah_nilai`
  ADD PRIMARY KEY (`id_jenis_tn`);

--
-- Indexes for table `jurnal`
--
ALTER TABLE `jurnal`
  ADD PRIMARY KEY (`juno`,`nomor_unit`);

--
-- Indexes for table `jurnal_detail`
--
ALTER TABLE `jurnal_detail`
  ADD PRIMARY KEY (`judid`,`nomor_unit`),
  ADD KEY `fk_persediaan_3` (`juno`),
  ADD KEY `fk_persediaan_5` (`guno`),
  ADD KEY `fk_persediaan_4_idx` (`kbid`);

--
-- Indexes for table `jurnal_pengadaan`
--
ALTER TABLE `jurnal_pengadaan`
  ADD PRIMARY KEY (`jpid`);

--
-- Indexes for table `kamus_barang`
--
ALTER TABLE `kamus_barang`
  ADD PRIMARY KEY (`kbid`);

--
-- Indexes for table `kamus_unit`
--
ALTER TABLE `kamus_unit`
  ADD PRIMARY KEY (`nomor_unit`);

--
-- Indexes for table `kategorikebutuhan`
--
ALTER TABLE `kategorikebutuhan`
  ADD PRIMARY KEY (`idkategorikebutuhan`);

--
-- Indexes for table `kebutuhan`
--
ALTER TABLE `kebutuhan`
  ADD PRIMARY KEY (`idkebutuhan`),
  ADD KEY `idkategorikebutuhan_idx` (`idkategorikebutuhan`);

--
-- Indexes for table `kib`
--
ALTER TABLE `kib`
  ADD PRIMARY KEY (`kbid`),
  ADD KEY `jpid` (`jpid`);

--
-- Indexes for table `komentar`
--
ALTER TABLE `komentar`
  ADD PRIMARY KEY (`kid`);

--
-- Indexes for table `kon1317`
--
ALTER TABLE `kon1317`
  ADD PRIMARY KEY (`kode13`,`kode17`);

--
-- Indexes for table `masa_manfaat`
--
ALTER TABLE `masa_manfaat`
  ADD PRIMARY KEY (`kelompok`);

--
-- Indexes for table `media`
--
ALTER TABLE `media`
  ADD PRIMARY KEY (`mdid`);

--
-- Indexes for table `mediakategori`
--
ALTER TABLE `mediakategori`
  ADD PRIMARY KEY (`mdktid`),
  ADD KEY `mpktid` (`mpktid`);

--
-- Indexes for table `mediapool`
--
ALTER TABLE `mediapool`
  ADD PRIMARY KEY (`mpid`),
  ADD KEY `mdpktid` (`mpktid`);

--
-- Indexes for table `mediapoolkategori`
--
ALTER TABLE `mediapoolkategori`
  ADD PRIMARY KEY (`mpktid`);

--
-- Indexes for table `mediapool_komentar`
--
ALTER TABLE `mediapool_komentar`
  ADD PRIMARY KEY (`mpid`,`kid`),
  ADD KEY `kid` (`kid`);

--
-- Indexes for table `mediapool_media`
--
ALTER TABLE `mediapool_media`
  ADD PRIMARY KEY (`mpid`,`mdid`),
  ADD KEY `mdid` (`mdid`);

--
-- Indexes for table `media_mediakategori`
--
ALTER TABLE `media_mediakategori`
  ADD PRIMARY KEY (`mdktid`,`mdid`),
  ADD KEY `mdktid` (`mdktid`),
  ADD KEY `mdid` (`mdid`);

--
-- Indexes for table `mst_kegiatan`
--
ALTER TABLE `mst_kegiatan`
  ADD PRIMARY KEY (`kode`);

--
-- Indexes for table `mst_permen_13`
--
ALTER TABLE `mst_permen_13`
  ADD PRIMARY KEY (`id`);

--
-- Indexes for table `mst_permen_17`
--
ALTER TABLE `mst_permen_17`
  ADD PRIMARY KEY (`id`);

--
-- Indexes for table `pembayaran`
--
ALTER TABLE `pembayaran`
  ADD PRIMARY KEY (`pbid`),
  ADD KEY `jpid` (`jpid`);

--
-- Indexes for table `penambahan_nilai`
--
ALTER TABLE `penambahan_nilai`
  ADD PRIMARY KEY (`pnid`);

--
-- Indexes for table `registry`
--
ALTER TABLE `registry`
  ADD PRIMARY KEY (`ssname`,`rgkey`);

--
-- Indexes for table `rule_susut`
--
ALTER TABLE `rule_susut`
  ADD PRIMARY KEY (`id`);

--
-- Indexes for table `rule_tambah_nilai`
--
ALTER TABLE `rule_tambah_nilai`
  ADD PRIMARY KEY (`id_rule`);

--
-- Indexes for table `secact`
--
ALTER TABLE `secact`
  ADD PRIMARY KEY (`actid`),
  ADD KEY `fk_secman_10` (`uid`);

--
-- Indexes for table `secgroup`
--
ALTER TABLE `secgroup`
  ADD PRIMARY KEY (`gid`),
  ADD KEY `fk_secman_8` (`oid`);

--
-- Indexes for table `secmenu`
--
ALTER TABLE `secmenu`
  ADD PRIMARY KEY (`mid`),
  ADD UNIQUE KEY `muri_uq` (`muri`),
  ADD KEY `fk_mparent` (`mparentid`);

--
-- Indexes for table `secmenugroup`
--
ALTER TABLE `secmenugroup`
  ADD PRIMARY KEY (`gid`,`mid`),
  ADD KEY `fk_secman_6` (`mid`);

--
-- Indexes for table `secorg`
--
ALTER TABLE `secorg`
  ADD PRIMARY KEY (`oid`),
  ADD KEY `fk_oparent` (`oparentid`);

--
-- Indexes for table `secsession`
--
ALTER TABLE `secsession`
  ADD PRIMARY KEY (`session_id`),
  ADD KEY `last_activity_idx` (`last_activity`);

--
-- Indexes for table `secuser`
--
ALTER TABLE `secuser`
  ADD PRIMARY KEY (`uid`),
  ADD KEY `fk_secman_7` (`oid`);

--
-- Indexes for table `secusergroup`
--
ALTER TABLE `secusergroup`
  ADD PRIMARY KEY (`uid`,`gid`),
  ADD KEY `fk_secman_4` (`gid`);

--
-- Indexes for table `skpd`
--
ALTER TABLE `skpd`
  ADD PRIMARY KEY (`kode`);

--
-- Indexes for table `skpd_user`
--
ALTER TABLE `skpd_user`
  ADD PRIMARY KEY (`skpd_user_id`);

--
-- Indexes for table `spk`
--
ALTER TABLE `spk`
  ADD PRIMARY KEY (`spkid`);

--
-- Indexes for table `spk_media`
--
ALTER TABLE `spk_media`
  ADD PRIMARY KEY (`spkid`,`mdid`),
  ADD KEY `mdid` (`mdid`);

--
-- Indexes for table `subsystem`
--
ALTER TABLE `subsystem`
  ADD PRIMARY KEY (`ssname`);

--
-- Indexes for table `subunit`
--
ALTER TABLE `subunit`
  ADD PRIMARY KEY (`nomorsubunit`);

--
-- Indexes for table `susut`
--
ALTER TABLE `susut`
  ADD PRIMARY KEY (`id`),
  ADD KEY `id_aset` (`id_aset`,`tahun`);

--
-- Indexes for table `tambah_nilai`
--
ALTER TABLE `tambah_nilai`
  ADD PRIMARY KEY (`tnasetindukid`);

--
-- Indexes for table `vendor`
--
ALTER TABLE `vendor`
  ADD PRIMARY KEY (`vnid`);

--
-- AUTO_INCREMENT for dumped tables
--

--
-- AUTO_INCREMENT for table `aset_ekstra`
--
ALTER TABLE `aset_ekstra`
  MODIFY `NO` int(11) NOT NULL AUTO_INCREMENT, AUTO_INCREMENT=209;
--
-- AUTO_INCREMENT for table `detail_rule_tambah_nilai`
--
ALTER TABLE `detail_rule_tambah_nilai`
  MODIFY `id_detail_rule_tn` int(11) NOT NULL AUTO_INCREMENT;
--
-- AUTO_INCREMENT for table `form_pengadaan`
--
ALTER TABLE `form_pengadaan`
  MODIFY `id` int(11) NOT NULL AUTO_INCREMENT;
--
-- AUTO_INCREMENT for table `foto_asset`
--
ALTER TABLE `foto_asset`
  MODIFY `id` int(11) NOT NULL AUTO_INCREMENT;
--
-- AUTO_INCREMENT for table `jenis_tambah_nilai`
--
ALTER TABLE `jenis_tambah_nilai`
  MODIFY `id_jenis_tn` int(11) NOT NULL AUTO_INCREMENT;
--
-- AUTO_INCREMENT for table `jurnal_detail`
--
ALTER TABLE `jurnal_detail`
  MODIFY `judid` int(11) NOT NULL AUTO_INCREMENT;
--
-- AUTO_INCREMENT for table `jurnal_pengadaan`
--
ALTER TABLE `jurnal_pengadaan`
  MODIFY `jpid` int(11) NOT NULL AUTO_INCREMENT;
--
-- AUTO_INCREMENT for table `kamus_barang`
--
ALTER TABLE `kamus_barang`
  MODIFY `kbid` int(11) NOT NULL AUTO_INCREMENT;
--
-- AUTO_INCREMENT for table `kebutuhan`
--
ALTER TABLE `kebutuhan`
  MODIFY `idkebutuhan` int(11) NOT NULL AUTO_INCREMENT;
--
-- AUTO_INCREMENT for table `kib`
--
ALTER TABLE `kib`
  MODIFY `kbid` int(11) NOT NULL AUTO_INCREMENT;
--
-- AUTO_INCREMENT for table `komentar`
--
ALTER TABLE `komentar`
  MODIFY `kid` int(11) NOT NULL AUTO_INCREMENT;
--
-- AUTO_INCREMENT for table `mediakategori`
--
ALTER TABLE `mediakategori`
  MODIFY `mdktid` int(11) NOT NULL AUTO_INCREMENT;
--
-- AUTO_INCREMENT for table `mediapool`
--
ALTER TABLE `mediapool`
  MODIFY `mpid` int(11) NOT NULL AUTO_INCREMENT;
--
-- AUTO_INCREMENT for table `mediapoolkategori`
--
ALTER TABLE `mediapoolkategori`
  MODIFY `mpktid` int(11) NOT NULL AUTO_INCREMENT;
--
-- AUTO_INCREMENT for table `mst_permen_13`
--
ALTER TABLE `mst_permen_13`
  MODIFY `id` int(11) NOT NULL AUTO_INCREMENT;
--
-- AUTO_INCREMENT for table `mst_permen_17`
--
ALTER TABLE `mst_permen_17`
  MODIFY `id` int(11) NOT NULL AUTO_INCREMENT;
--
-- AUTO_INCREMENT for table `pembayaran`
--
ALTER TABLE `pembayaran`
  MODIFY `pbid` int(11) NOT NULL AUTO_INCREMENT;
--
-- AUTO_INCREMENT for table `rule_susut`
--
ALTER TABLE `rule_susut`
  MODIFY `id` int(11) NOT NULL AUTO_INCREMENT, AUTO_INCREMENT=33;
--
-- AUTO_INCREMENT for table `rule_tambah_nilai`
--
ALTER TABLE `rule_tambah_nilai`
  MODIFY `id_rule` int(11) NOT NULL AUTO_INCREMENT, AUTO_INCREMENT=10;
--
-- AUTO_INCREMENT for table `secact`
--
ALTER TABLE `secact`
  MODIFY `actid` int(11) NOT NULL AUTO_INCREMENT COMMENT 'ID aktivitas', AUTO_INCREMENT=452;
--
-- AUTO_INCREMENT for table `secgroup`
--
ALTER TABLE `secgroup`
  MODIFY `gid` int(11) NOT NULL AUTO_INCREMENT COMMENT 'ID group', AUTO_INCREMENT=10;
--
-- AUTO_INCREMENT for table `secmenu`
--
ALTER TABLE `secmenu`
  MODIFY `mid` int(11) NOT NULL AUTO_INCREMENT COMMENT 'ID menu', AUTO_INCREMENT=276;
--
-- AUTO_INCREMENT for table `secorg`
--
ALTER TABLE `secorg`
  MODIFY `oid` int(11) NOT NULL AUTO_INCREMENT COMMENT 'ID organisasi', AUTO_INCREMENT=182;
--
-- AUTO_INCREMENT for table `skpd_user`
--
ALTER TABLE `skpd_user`
  MODIFY `skpd_user_id` int(11) NOT NULL AUTO_INCREMENT;
--
-- AUTO_INCREMENT for table `spk`
--
ALTER TABLE `spk`
  MODIFY `spkid` int(11) NOT NULL AUTO_INCREMENT;
--
-- AUTO_INCREMENT for table `susut`
--
ALTER TABLE `susut`
  MODIFY `id` int(11) NOT NULL AUTO_INCREMENT;
--
-- Ketidakleluasaan untuk tabel pelimpahan (Dumped Tables)
--

--
-- Ketidakleluasaan untuk tabel `bidang`
--
ALTER TABLE `bidang`
  ADD CONSTRAINT `fk_nomor_unit` FOREIGN KEY (`nomor_unit`) REFERENCES `kamus_unit` (`nomor_unit`);

--
-- Ketidakleluasaan untuk tabel `gudang_kamus_unit`
--
ALTER TABLE `gudang_kamus_unit`
  ADD CONSTRAINT `fk_relationship_6` FOREIGN KEY (`guno`) REFERENCES `gudang` (`guno`),
  ADD CONSTRAINT `fk_relationship_7` FOREIGN KEY (`nomor_unit`) REFERENCES `kamus_unit` (`nomor_unit`);

--
-- Ketidakleluasaan untuk tabel `jurnal_detail`
--
ALTER TABLE `jurnal_detail`
  ADD CONSTRAINT `fk_persediaan_3` FOREIGN KEY (`juno`) REFERENCES `jurnal` (`juno`),
  ADD CONSTRAINT `fk_persediaan_4` FOREIGN KEY (`kbid`) REFERENCES `kamus_barang` (`kbid`),
  ADD CONSTRAINT `fk_persediaan_5` FOREIGN KEY (`guno`) REFERENCES `gudang` (`guno`);

--
-- Ketidakleluasaan untuk tabel `kebutuhan`
--
ALTER TABLE `kebutuhan`
  ADD CONSTRAINT `fk_kategorikebutuhan` FOREIGN KEY (`idkategorikebutuhan`) REFERENCES `kategorikebutuhan` (`idkategorikebutuhan`) ON DELETE CASCADE ON UPDATE CASCADE;

--
-- Ketidakleluasaan untuk tabel `kib`
--
ALTER TABLE `kib`
  ADD CONSTRAINT `fk_jurnal_pengadaan_jpid` FOREIGN KEY (`jpid`) REFERENCES `jurnal_pengadaan` (`jpid`);

--
-- Ketidakleluasaan untuk tabel `mediakategori`
--
ALTER TABLE `mediakategori`
  ADD CONSTRAINT `mediakategori_ibfk_1` FOREIGN KEY (`mpktid`) REFERENCES `mediapoolkategori` (`mpktid`);

--
-- Ketidakleluasaan untuk tabel `mediapool`
--
ALTER TABLE `mediapool`
  ADD CONSTRAINT `mediapool_ibfk_1` FOREIGN KEY (`mpktid`) REFERENCES `mediapoolkategori` (`mpktid`);

--
-- Ketidakleluasaan untuk tabel `mediapool_komentar`
--
ALTER TABLE `mediapool_komentar`
  ADD CONSTRAINT `mediapool_komentar_ibfk_1` FOREIGN KEY (`mpid`) REFERENCES `mediapool` (`mpid`),
  ADD CONSTRAINT `mediapool_komentar_ibfk_2` FOREIGN KEY (`kid`) REFERENCES `komentar` (`kid`);

--
-- Ketidakleluasaan untuk tabel `mediapool_media`
--
ALTER TABLE `mediapool_media`
  ADD CONSTRAINT `mediapool_media_ibfk_2` FOREIGN KEY (`mdid`) REFERENCES `media` (`mdid`),
  ADD CONSTRAINT `mediapool_media_ibfk_3` FOREIGN KEY (`mpid`) REFERENCES `mediapool` (`mpid`);

--
-- Ketidakleluasaan untuk tabel `media_mediakategori`
--
ALTER TABLE `media_mediakategori`
  ADD CONSTRAINT `media_mediakategori_ibfk_1` FOREIGN KEY (`mdid`) REFERENCES `media` (`mdid`),
  ADD CONSTRAINT `media_mediakategori_ibfk_2` FOREIGN KEY (`mdktid`) REFERENCES `mediakategori` (`mdktid`);

--
-- Ketidakleluasaan untuk tabel `pembayaran`
--
ALTER TABLE `pembayaran`
  ADD CONSTRAINT `fk_jurnal_pengadaan_jp` FOREIGN KEY (`jpid`) REFERENCES `jurnal_pengadaan` (`jpid`);

--
-- Ketidakleluasaan untuk tabel `registry`
--
ALTER TABLE `registry`
  ADD CONSTRAINT `fk_secman_9` FOREIGN KEY (`ssname`) REFERENCES `subsystem` (`ssname`);

--
-- Ketidakleluasaan untuk tabel `spk_media`
--
ALTER TABLE `spk_media`
  ADD CONSTRAINT `spk_media_ibfk_2` FOREIGN KEY (`mdid`) REFERENCES `media` (`mdid`),
  ADD CONSTRAINT `spk_media_ibfk_3` FOREIGN KEY (`spkid`) REFERENCES `mediapool` (`mpid`);

/*!40101 SET CHARACTER_SET_CLIENT=@OLD_CHARACTER_SET_CLIENT */;
/*!40101 SET CHARACTER_SET_RESULTS=@OLD_CHARACTER_SET_RESULTS */;
/*!40101 SET COLLATION_CONNECTION=@OLD_COLLATION_CONNECTION */;
